# Resource object code (Python 3)
# Created by: object code
# Created by: The Resource Compiler for Qt version 6.10.1
# WARNING! All changes made in this file will be lost!

from PySide6 import QtCore

qt_resource_data = b"\
\x00\x00<w\
\x89\
PNG\x0d\x0a\x1a\x0a\x00\x00\x00\x0dIHDR\x00\
\x00\x01@\x00\x00\x01@\x08\x03\x00\x00\x00\xfaNU\x98\
\x00\x00\x03\x00PLTEGpL\x00n\xaa\x00k\
\xa6\x00t\xb1\x00\x81\xbf\x00\x81\xbe\x00~\xbc\x00\x82\xc0\
\x00\x84\xc1\x00\x83\xc1\x00\x8a\xc9\x00\x89\xc8\x00r\xae\x00\
\x82\xc0\x00\x85\xc3\x00\x8b\xca\x00\x8c\xcc\x00\x80\xbe\x00\x83\
\xc1\x00\x8a\xc9\x00h\xa4\x00~\xbb\x00\x8a\xc8\x00\x88\xc7\
\x00\x83\xc1\x00\x86\xc5\x00\x87\xc6\x00\x86\xc4\x00\x85\xc3\x00\
\x84\xc2\x00\x83\xc0\x00\x82\xbf\x00\x82\xbf\x00\x81\xbe\x00\x80\
\xbd\x00\x80\xbc\x00\x7f\xbc\x00\x7f\xbd\x00\x80\xbb\x00~\xba\
\x00}\xb9\x00|\xb8\x00|\xb8\x00x\xb4\x00~\xb8\x00\
{\xb7\x00t\xb0\x00y\xb5\x00z\xb6\x00{\xb5\x04z\
\xb5\x00x\xb4\x00t\xaf\x00m\xa8\x00w\xb3\x00w\xb4\
\x05x\xb3\x00u\xb1\x00v\xb2\x00t\xaf\x00t\xb0\x00\
o\xaa\x06}\xb8\x0d\x80\xb9\x10\x84\xbc\x16\x84\xbb\x00s\
\xae0\x92\xc3X\xa4\xcbu\xb5\xd6\x95\xc5\xde\xac\xd1\xe5\
\xba\xda\xea\xc8\xe1\xee\xce\xe4\xf0\xd3\xe7\xf1\xb2\xd5\xe7\x9a\
\xc9\xe1\x87\xbf\xdb_\xaa\xd0D\x9c\xc9\x1c\x89\xbe\x7f\xbb\
\xd9l\xb1\xd4\x00_\x9a\x01r\xae;\x97\xc5\xef\xf5\xf9\
\xfc\xfd\xfe\xff\xff\xff\xfd\xfd\xfe\xf7\xfa\xfc\xeb\xf3\xf8\xd8\
\xea\xf3\xc2\xde\xecO\xa3\xcc$\x8d\xc1\xf4\xf9\xfb\xfa\xfc\
\xfd\x00r\xad\x0d{\xb3\xf1\xf7\xfa\xfe\xfe\xfe\xe4\xf0\xf5\
\xe2\xed\xf4\xde\xec\xf4 \x85\xb9\xa3\xcd\xe3\x00^\x99\x00\
q\xac\x8f\xc2\xdd3\x8e\xbe\x00p\xabP\x9c\xc5\xe8\xf1\
\xf7\xdc\xea\xf2\x00e\xa0G\x98\xc3\x00^\x99\x00o\xaa\
\x17~\xb4h\xaa\xce*\x89\xbb\x00^\x99\x00n\xa9\x00\
m\xa8\xbf\xd8\xe7\x00o\xa8c\xa6\xca{\xb3\xd2\x09o\
\xa7\x0bv\xaf\x86\xb9\xd5\x00i\xa4\x00l\xa7\x00k\xa6\
\x00h\xa3r\xaf\xcf\x00\x5c\x97\x00l\xa6\x00j\xa5\x00\
k\xa5\xd2\xe3\xee\x07t\xad\x00j\xa4\xfc\xdb\xdc\xfb\xc7\
\xc7\xb4GO\xcd\xec\xdd\x00h\xa3?\x91\xbd\xfe\xee\xed\
\xf1^b~[93\xb5w\xf7\x9c\x9e\xee\x1b$\x00\
\xa6Q\x8b\xd3\xb3\xef?E\xed\x19!\x1b\xaee\x00h\
\xa2\xf5\x80\x83q\xcb\xa0\x18y\xaf\x00b\x9c\x00g\xa1\
\x00a\x9c\xf9\xb6\xb7\xa7\xdf\xc3\x00e\xa0]\xbc\x8c\x00\
f\xa1\xba\xd4\xe5#\x80\xb3\x00Z\x95\x00e\x9f\xad\xcc\
\xdf\x00d\x9e\xcc\xdf\xec8\x89\xb7\x07b\x9c\x00c\x9d\
\x00c\x9eH\x94\xbe\xcd\xc1\xb3\xd8\xe7\xf0\x00b\x9c\x0f\
t\xab\x00a\x9c\x00`\x9b\xb4\xd0\xe2\x00Y\x94.\x83\
\xb3\x9f\xc4\xdb\x00\x5c\x97\x00_\x9a\x01`\x9a]\x9f\xc5\
\x00^\x99\xa5\xc8\xdd\x98\xbf\xd8\x00]\x98\x00^\x98\x00\
\x5c\x97\x00[\x95\x00[\x96\x16k\xa1-{\xac;\x84\
\xb2V\x95\xbce\x9e\xc2|\xae\xcc\x8e\xb6\xd1\x91\xbc\xd6\
\x82\xb2\xcfl\xa4\xc7Y\x9a\xc1C\x8a\xb6\x19t\xa9\x0b\
j\xa3\x1ep\xa4t\xa8\xc9M\x8e\xb8#{\xad\xc5\xdb\
\xe9\x13o\xa5\x00d\xa0\x00Z\x95\x0ee\x9d6\x7f\xae\
\x88\xb4\xd0\x00_\x9b\x00W\x93\x00X\x94#u\xa8\x00\
V\x92\x00V\x91\x00Y\x95\x00X\x93\x00W\x92\x00U\
\x90\x01T\x8f\x00T\x8f>\x82G\xe3\x1f%9\x80B\
\x00\x86~\xea\x9c\xa1\x04\x9bd\x00q\x9d$\x5c\x8eD\
S~TMu\x00v\x97\xf9\x0dCe\x00\x00\x00\xf5\
tRNS\x00\x05\x15\x1fAey\x9a\xbc\xcc\xe5\xf4\
\x0c\x87\xac\xff\xffP\xdd\xff*2\xff\xff\xea\xff\xff\xff\
\xff\xff\xff\xf4\xff\xff\xff\xff\xff\xff\xff\xff\xff\xff\xef\xae\
\xff\xff\xde\xff\xff\xff\xfe\xff\xc3\x9f\xff\xff\xfe\xff\xff\xf9\
\xff\xee\xff\xff\xff\xff\xff\xff\xff\xff\xff\xff\xff\xff\xff\xff\
\xff\xff\xff\xff\xff\xff\xff\xff;\xfe\xff\xff\xff\xff\xff\xff\
\xff\xff\xff\xff\xff\xff\xff\xff\xff\xff\xff\xff\xff\xff\xff\xff\
l\xff\xff\xff\xff\xff\xff\xff\x5c\xff|\xff\xff\xff\xffL\
\xff\xff\xff\xff\xff\xff\xff\xff\xff\xb9\xff\xff\xf7\xff\x94\xff\
\xff\xff\xff\xff\xff\xff\xff\xff\xff\xff\xff\xff\xff\xff\xff\xff\
\xff\xff\xff\xff\xff\xff\xff\xff\xff\xff\xea\xff\xce\xff\xff\xff\
\xff\xff\xff\xff\xa8\xff\xff\xff\xff\xff\xfe\xff\xff\xff\xff\xff\
\xff\xff\xff\xff\xff\xdf\xff\xff\xf4\xff\xff\xff\xff\xff\xff\xff\
\xff\xff\xff\xff\xff\xff\xff\xff\xff\xff\xff\xff\xff\xff\xff\xff\
\xff\xff\xff\xff\xff\xff\xff\xff\xff\xff\xff\xff\xff\xff\xbd\xff\
\xff\xd4\xed\xff\xff\xff\xff\xff\xf9{\x89#\xb5\x00\x008\
1IDATx\x01\xec\xd3E\xda\xa4@\x10\x84\xe1\
\xc4Kq\xd7\xfb\xdfr\xb2\xc6~\xa4uM\xbc\xdd\xc0\
\xfe{2\x08\xee\x00\x00\x00\x00\x00\x00\x00\x00\x00\x00<\
?\x08\xa38\x11R)\xad\xb5\x92I\xe8\x11|\xc6p\
:\x9bJ\xa5\xb3,\xff\xa1\x0az\x0b<n\x97\x88R\
WU\x96\x9f%\xf4\x12\x98\xba\xb0i\xa9]\xba,\xe3\
\xf7\xef\x84\xbb\x8e\x11\xc1\x8b\xcb+\xacP\x7f\xe29\xae\
 \xcbwTC\x8f\x81\x1f\xc6|y\xadSe\xffT\
\xd5)\xa00t\x05\xa6\x89\x12\xa9;.\xd72\xf7e\
\x0fO0&x\xb4\xdb~\xe8\xba\xb6u\xcf\xb3\x82\xfc\
0\x1d\x12\x9cN\x8fw;\x8e\xed8\x8c\x1d\x07\xecN\
\x01\xd9a\xc4\xd2\x10\xec\xea\xc5\xa2\x9f\xa6a\x18\xd9\xbe\
\xe0\xf3\x11[\x82}=\x8e7p\xc1\xf1\xb7\xe1\xfd\x88\
\xb1\xe0}\xbdy\x9a'Wp\x7f\x82\xed\xeb\x11\xbb\x05\
\x83\xe7\xea-.\xdf\x83\x82\xafGl\x09\xf5\x82(\xed\
\x97e\x9eg~~\x07d\x8fF\xdc>(\x88\x05\xfb\
ER\xae\x0b\xdb\x17|t\x82\xec\xc1\x88K\xff\xe6\xd3\
\xb5r[\xfe\x9a\xff\xf8n\xc4\x09\xdd\x98\x9b\xee\xca\x16\
\xb6;\xc1i\xde\x8d\xf8eA\x16\xd1]\x990)\x7f\
\x91k\x168\x8e\xc50\x18V\x99\xb9]\x864y\x5c\
J\xb7\x0c\xf7?\xd7:CQ\xd4\xb5\x1e.9\xd6\xcc\
\x05>\xf9\xb3\xfd\xfe\x94}\xfb\xc64@Tb\x80\x87\
H<lO-\xc57\xad5\xbf\xcf\x01\x1eN0\x99\
\xc4v\x06\x09\xdd\x114\x1fcs\xa6\xe0\xb1<\x12[\
y\xc4L\xeb\xaa\xf9\x98I0\xa3\xc4\x93\x91\x8d\x93o\
\xce\xb9\x02\x08\x95W\xe2\x81m#\xb0\x02\x93O\x00>\
>\xc7[\x10*\xb9\xc4\xcd\xaee7\x9f\x10\x0e7\x09\
\xa2\x12\x7fI \xf1\xb0a\x95\xbb\x1f\x84\xebp\xd7\x15\
\x82\x17%\xf1\xc4\x9a+\xb0\xac\xdc\xf5\x00\x1d\xe7./\
Nb[>\x84+\xf5\x96\xe7\xf8\x02\x08r\x8c \xbe\
\x89?\x9b\x12\x1b\x04\xdb\x15\x1b\xf0\xcdzc?\xf0|\
\xc7\x11\x9e\x22\xf8\x22\xf1\xbc\x00\x89mx\x8f+\xcd\x1a\
\x80/\xf4}E0\xab\xc4(\xc1\x06y|\xd5F\x14\
\x04\xbe\xef\xc3\xbf\x07\x00c\x08\x22\x9b\x18\x8f\x06k\xd4\
\x17\xef\x22\x0a\x96\xaf\x00\x0d\x89y!\x12\xd3\xde!\xdd\
\x11\xe0\x83\xd2\x04Q\x89\x9f\x082\xf6(q\x0c\xc1v\
\x856\xbe0\x0cL\x82\x8e\xe3d\x92\xf8#\xf2HG\
\xf7=\xa9\xa4\xba\xcf\x0f\x9e\xea\x97\x12\xf3B$\xee\x97\
\x88\xe2\x83\xd9\xb7zi\xbf\x18\x89\xb9n\xc1\x0c\x12\x13\
\xcd\xb2\x14>(\x0d0\xc9\x18L\x1e\x0d\x02\xb9W\x8b\
I.\xe1Y\x03\xf0\x85ah\xb4\xe0R\x01T\x04\x15\
@\xf1(q\xb6h\x90\xe2\x12\x9e\xf6\xd6\x1b)5\xc1\
\xe4-\x98~\x0cN\xda3z\xdf\xbc\x80o\xbb\x05\x82\
!TQ\x12\x7f\xc1R\x851\xb1+\xa6[k\xc9\x95\
\x94R\x01\xc4%\xf6\x1e6q,A\xa4\x05\x07\xb4\xae\
\x98\xee\xa8\xf9C\xee\xa4\xaam:\x893\xdf2\xfd\x12\
\xad\xcbEn\xe4S\x15+1\x1e\x0dN\x1a\x84vG\
#\xdam^\xf9\xa1\x12\x9b\xa9\x02OH\x10\xdd\xc4\xef\
\xc9\x9c\x81\xe5\xfa\x1a\xf0\xed4\xc04\x12g\xcf\xf7\xa9\
\xe4\xf9\xa5\xd1~\x07\xfc6\xba\x05\x7f\xa3\xc4\x06A\x1a\
\x00g\x87hw\xd4\x04\x7f\xb3\xc4\xafcPI\xdc\x19\
\xd1\xb0\xf7\xb8;\xed\x00 J\x10\x97\x18\xcf\xf7\x13\x8d\
\xc1N\x95\x82\xbdg\x80wzmAc\x0c\xe6\x91\x98\
%\x91\xb83#\xb0{/\xd7\xe3\x0bAT\xe2U\xa1\
\x12\x7f\xd4\x12\xb7\xffs\x80\xdd\xda\xfa\x0a\xa5\x00f\x97\
\x18O\x15\xe27q{\xfa\x9f\x87V\xb7\x0b\xf0\x83\x16\
,Hb<U@~\xfa\xfb_\x07\xfa\xe5\xde\xfar\
\xbf<\x12\xc4[\x10'\x98Q\xe2\xf7\xe3\xca\xff\xbc<\
\x00\x1f\xfc]\x0d\x89w\x89%\xfeI\xcdY87\x8e\
da\xbc\x86g\x8e\x99\x99Y\xae\x90\x93[\xc7\xb6d\
f\xc8Z\x8e\x19\xe3\xa0\x12\x07\x0dg\xef\x0e\x06\x87\x99\
\x99\xe9o\xbcn\x8d\xda\x1d\xb9u*+\xca\xd5J\xaf\
\xaa\xc2E\xbf\xfa\xbe~\xaf?\xbd\x08\x12$\xf2}\xa5\
\x9dX\xbf\x00\x0f}s\xd4\x04\xf8\x89%h\x84\x12\x14\
(\x0a\x85ML\x10\x84\x1f\x14v\xe2_v\xe5\xfb\xba\
M\xb3\x80\xfcL\xa0\xba\x09\x0e\x0d\x0d\x81\xcf}f\x8b\
\x95\xa6i\xab\xc5l\xee\xa3 M\xa0\xc1\x7f\x12&\x06\
\xf8\xac\xd6\xdf\xffYe\xbe\xafS\x80\x07\xbf9\xca\x08\
\x00\x91\x89G \xbc>\xdafw8]n\x8f\xd7\xe7\
\xf3y=n\x7f \xe8\x08\x85m\x11\x8b\xf9\x9f\x06A\
\x88\xb0\x00\xcc?G\xc2Q\x97\xc7\xeb\x1f\xb3\xfe\x19w\
\xe2\xdf+\xce\xf7u\xaa\xc0\xcf\x07b&\x1e \x96 \
\xf8ha\x1d._|<\xd1U\xc9T:\x93u9\
\x1d\xa1\x1ck\xcb\xe7#\x91H\xde\xc6\xda\xa3\xaeL!\
\x01\xab\x18\x00\x04U\xe4\xfbz\xec\xc2\x07\x8e\xfc\xab\xc4\
0b\x82\xa62\x1b\xf4L$\xe4\xaaR\x9cHON\
MOOO\xa6'\x8a\xf8\xc7\xa9\x9c\x9a|\xff\xa7:\
\x9c\x03\x0f\x0d~V\xe2\x01\x22\x13\x83\x0ft\xc8\x1dO\
\xec\xb1\x02\xe4C:\x05\xd1\xe0O~\xa8\xbb\xd9y\x00\
\xd0c\xb0\x04A\xcd8\xbc\xc5\xc4\x9ekVM\xbe\xff\
c\xbd\x01\xfc\xc6\xdc(W\x12\x11df\x1c\xbeJB\
E\xcd\xff\xf9\xcf*\xa2A\x9d\xa51?\x18\xfc\x8c\xe3\
8\x1e`\x09\xe0\x03\x0c\xcb!\xaf*|\x89B\x0e,\
\xae\xee)U\xd0\x1f@\x90\x1c\x00\xf9\x95vI\x90Y\
\xf0\xa7\x12\xaa*\x19\xb0\xfc\x85\x88\x06\x15\x98\xf8\xe7\xdf\
\xd5U\xf7\xa8B\x80\x98`l1C\x22\x19\x9fXZ\
\xf6\x82\xcaL\xc6\x8b\x09\xf9\xaa\xc4=\x0e\xeb_\xd4\xe4\
\xfb?\xfb\xf9\x11\x1d\x0d\x7fU\xae\xca\x09\x04\x19\x9e\xa0\
}\xb2\xdb\x8f>W\xd4\xce\xe6i\xdab\xa1\xe9\xbc-\
76\xef\xf7\xa6\xa51V\xd2\xde\xd91\xd6\xaa:\x1a\
<\xaa\x97\xe1o\xe5_\x80\x1e \x88M\xcc\xad\xa6E\
H\xe2\xd9\xe8*=\x0c\x83\x05X\xf0f\x0c>\x9ai\
[n\x9e\x18\x10S\x99\xd9\x90\xcd\xfa\x17x\xbb#\xb7\
\x06\x15\xed\xef\xff\xec\x9b:9\xfe\xd6FkUND\
\xb0\x14\x9b\xddm\xdcL\x90-\x83\x91\x9a\x88\x06)\xca\
\x18\x99\x12\xd1+f\x9c\xb9\x08\x84\xf7\xd7\x9e\xa3A\x19\
\x13\x1f\xd3\xc9\xf1W\xab\xd6\xaa\x90 \xf8\x00\x01r\x00\
`\xdd\x87\x99d\x1b3&F:\x1a\xa4\x0c\xd1\xdd&\
^r\xd9#8X\x00\x04\xd5\xed\xef\xff\xec[\xbax\
j9P\x05%\x10D\x12,5\x97\x90\xfa\xb2\xa1z\
\xccd\x92\x8e\x06\xfb-Q\xec\xe0\xa4/j3\x1b\xc8\
`K\xc5\xfe\xfe\xf1\x03\xda\xe7\xf7\x9f\x7f\xb5j\x12\x04\
g\x04gN;x|#R\xe9t\xbf\x91\x0e\x14;\
6\xf7\x8cE@\xb2E\xe6\xfbjL|\xe2\x1b\xda\xcf\
\x0eF[\xed\x1a$X\x13\x8eA\xa1\x13\x97\xbf\xe0\xbb\
\xa9\xab\x09\xf0\x99$\x09\x82\x8f6w\x05\xb5]\xef\x18\
M\xa1\x87t\xd2\x04\xf7bb\x90gi\xbe}\xb4\xbe\
l\xb5j5B\x82\xdcI\x90HM\x9d\xaa\x97\x98\x0e\
\xc0\x8e\x89\x87`:\xf8\xef~zl\xbas\xf6E#\
\x14%\x9d\xef+\xe8\xc4\xe4,\xf3\x13\x8d\xc71\x07\x07\
O\xb7Z<A\xd2\xc4g\x1a\xb3g\x17b\x0c\x11\x0d\
\x82\x0f\xc3\x16:\xcf\x86\xe6\xbd\xe3H~n\x16\xb6\x13\
\x22\xdfW\xf1O8\x02A\x8d\xdf\xe5~p\xae\xdd\x86\
\x00\xbfl\xed2q\x15\x998\x16\x8b\x95\x88hp\x04\
&\xab\xb3\xd9\xccR\xa1\x82\x07\xec MQ\xd2O\xda\
U\xef\xef\x7fW\xdb\xb7\x8f\xf6:OP\xda\xc4\xa0\x84\
;q\x07 3l#\x93\xd5\xc9\xd0?\xa9\xde\x9f\xb4\
+\xdc\xdf?\xaa\xe9\xf6\xdbn\x03\x82\xad\xffMP\x1c\
\x0d\x02|\x8b\xaet\xa2\xbb2a\xf21\xa72\x13\xe3\
c\x904\xb1\x86\xaf\x22+\xa3@~X\x82R\x9d\x98\
\x11E\x83#\xacK\x22\xd6O\x87\x87\xfa\x09\x80\xfb\xb7\
5\xa8\xd9I\xfa\xc0\xdc\xe8\xc6:\xa0'cbQ4\
h\x8a5\x9d\xe9\x84D\xf9hc\x0fO\xda\x11A\xc5\
\xf9\xfe\xf1ohu|\xd9\x5c_\xdf\x00\xf0z41\
S\xdf\xca$$+\xe5\xe8#\xd6eT\x9b\x18\x13\xd4\
\xe8\xbb\x03\x0fno\xee\xec\xac\x0b\x12\x5c\xc7\x9d\x18\x94\
\xa4\x89cM?\x1aY\x88\x8a\xe7\x8c\xff\xc7\xd5\xdf\x9f\
\xfcP\x9b\xe3\xdf\xf9\x8d\x0b\x88\xa0\x9c\x89\x11\xc1\xc5\x8b\
2\xc1\xa97/\x22H\xc9\xff\x13\x8e\xc2hP\x93\x83\
\xe0\xa1s\xe776\x00Al\xe2\xb6\x9c\x89K\x97\xb6\
\xe2\xb2\xc9s\xc0\x8cMLQ\x94y_\xf7\xf7\x8fh\
\x95\x1f)At!\x11G\x83L\xe9\xcc\xd9TW2\
]\xec:\x06CFD\x902\xe7\x9c~gx\x1f;\
\xf175x\xfd\xb8p\x01\x02\x9471\x8a\x06K\x04\
\xbf\xc9\xf9`!!\xaei\x9b`b\xca\x1a\x80\xbfK\
;\xcc\xfb\xb6\xbf\xff-\xed\xf1\xbb|\x19\x02\xec\xd5\xc4\
\x97\x1c\x22~\x85\xd9\x85\xa6\x17y\xf7J\x12=>\xef\
\xeb\x87\x04\xa9\xbe`Eh\xcd\xe6\x1e.$\x82\x89\xe5\
W\x7f\xb5\x16h\x1d\x02\xfc.\xef\x96\xe0\x06\xee\xc4-\
\xd2\xc4\x1cg\x17\x0d\xcf>\xfbp\xd9\x8f\xbe\xb9z\xed\
\xba\xf0\xd5D\xceH\xf5\x03\x80\x91\x0c\xfaA\xc8\xf0O\
dbu\xa9\x82\xc6\x02\xado\x0c^\xbe|\x03\x11\xec\
\xa1\x13s7w?\xf1(\xce6\x19S\x14\x0d4\xb7\
n\xdf\xb9\x8b\x1e\xdcei>\xa1\xb6uf\xed)\xd6\
\x80S\x055\xf9\xfe\xaf\x7f\xa8\xad\xf9e\xf32O\x10\
\x9bX\x9e`=\x9b\xc0\x95\xde*3\xccj\xa7#\xdf\
\xbb\x7f\xe7\xc1\xc3\x8a\x80v\x0c\xf6\x11\xa8@Tn\x1a\
\x99Xe\xbe\x7fDS\xfcn\x00x\xbb%\x08\x08\xee\
\x10&\xc6\x04c\xc1\x0a\xe6\xb7\xbc\x08\xd2\xc1\xb2\x1b}\
{\xe5\xd1\xe3;\x0f\x9e \x13\xfb\x22\xfc\xb2*\xfe\xfb\
\xf1(\x90\xdf~\xfc\x13\xceQ\x0d\xf9w\xfb\xc6SL\
\x9001\x19\x0d\xd6\xa0\xdcPen\xc6\x18\x86\xb1w\
Z\xca\xb3\xc7@\x81\x0f\x9e\x17\x05^\x0e^\x82\xb4\x1b\
?\xa0c\x0d<@\xb5\xf9\xbev\xda\xf0\x81\xb5\xcd\x1b\
\x80\xe0\xe5\x9eM\x5c\x85rC5\xbd\x0aR\x05F$\
@\x08\x10K\x90\xee\xa7\x00A\x1b6\xb1\xdf\xb2/\xf9\
\xbef\xda\xf0\x819\xc0\x0fK\x900q\x9b\xe8\xc4\xb5\
\x93E\xac\xa7\xc5\x18\xbc\x94\xac\xa2\x11\xb0\x02\x04\x08\x00\
b\x09\x16\x1bC\x14\xd4`\xae\xd3G\x0av\x83\xf2|\
\x1f|\xec:\x065\xd3\x86W6\x9f\x02z2&&\
\xa2\xc1\x17\xb8\x83\x14\x1a|<\x1dsb\x01\x0a\x00;\
\x12t[x\x09R\x8e\x0eu\xb7\x85\xbc\x90(\x7f\xc9\
\xd6\xaf\x0fk$\x7f~\xf9\xf4\x95@\x10\x9bX\x96`\
\x0b\x9fw\x95\xf93P\x7f\xa5\x99e\xf4\x0c\xfd\xdec\
\x1e \x94\xa0\xd07&X#\x05\x09Z\xfcxA\xda\
\xa0(\xdf\x97&\xa8\x91\xdb\xf0\xe7\xaf\x9f\x22\x80\xb2&\
\xc6\x04k\x97:$\x12\x9e:\x9f\xcbpv\xa4\xae[\
@\x80\x02@4\x0bV\xa2\xc6~\x9e\xa0m\xb2s\x0a\
\x9a\x95\xbf\xda\x83\xdc\xdf\xd7\xc4m\xf8\xd0k@\x8f \
(\xdb\x89k\x0b\xf84[\xacB\x80%\xec\xe07\xf7\
\x05\x80\xa0\xde\xa2a\xda\xf2\x09 \x15L\xa2\x05Av\
\x1f\xa2\xc1\x9fk\xe1\xd5'\x07\xcf\xbd\x83\x00\x09\x13\xcb\
\x1d\x83\xad\xad\x0a\xc2\xe5:\xc3\xf1\x1b[e\x0fr0\
l!\x08\xe0{A\x96K6#\xc5\x13\xccO#\xe7\
\x07)i\x09*\xca\xf75\x10J\x1f\xd8~\xf7\xee\x03\
)A\xa9T\x01\x9b\xf8\xd2G\xc4ob\xb5*,\x1c\
\xa5\xb1\x831\xc0'\x82e\x8b\xb9!\xea\x13\xc1\xce8\
\xed\xb1\x1a\xd4\x9bX\x03\xa1\xf4\xdc\xe6\x87\x0f\x80\xa0\x22\
\x13\xb7f\xf0QvF\xd8\xf6X,\xa2\x1e|\x1f\x01\
\x84\x85\xfa\xb0c\xa8\x9f\x07\xd8\xcf\xc6\x11z\x96R\xff\
V\x80_}\xf7\xabo\xc0\x1f@\xbd{\xf5J\x89\x89\
\xdb\x1dZE{\x8d\x07\xc8q\x8d\x8a`\xcd\xab\x08\xa0\
\xe8\x10t\xa2\xadA\x8b\x1b\xb1wPR\xf9\xbeB\x13\
\xff\x97\xb8\xb3\xf0m#\xf9\xe2\xb8~\xbfcf\x10\x1f\
\x8bK\x966u\xb5Ga.3:\x17f6\xd4\x8e\
\xe2:Z\x97\xb9\xc7|\xe7\x1c_\xe2R\x98\x99\xfe\xa7\
\x9bq\xf7\xbd\x9d\xb8c/E\xb3[n\x22\xfa\xe8}\
w\xe6}\x1f\xd8\xe9d\xee\xd5\xdf\x89\x80\x93B0A\
\x90\xc4\xe1\xa5\x94\xd6`\xa8\x07s\xb8>\xa8\x90\xec\xc1\
3\x84\x0b0\xcfEC\x90v\xbd\xed\xa9\xc4s\xd8\xf8\
j\x8f\x94C8O8|\x80\xf4\xc7\xe3@P_\xc4\
P\xa4\x0byo\xc3IP\xb7_m\x97\xf1\x96\xa6\x07\
X\xbcM\x0dAi\xd7Q\x80\xbf{\xb3\xed\x22\x9d\xc3\
\xb5\xe1\xffu\xc6\xefP\x80 b\x83\xaf\xc1P\xe4.\
\x00\xf4{\xc1\xdfG\x80\xd7SE\xe0\x03\x82\x19\xa7\xaa\
\xa0\xe6\x99\xb5\xd9\xfe~\x1eg\x93\xb9\xd3\xbdw\xeep\
B\xf0\x16\x888\x85\xbf\x1f\xea\x03'\xd5\xf3\xb9W\xf5\
\xf7\x9b\xc3l\x22\x87\x001\x99\xcb\xa5\xfc\x12!\xf8q\
\xc1a8\x99]\xf6\x97l9\xea\xa9\xbe\xfa;\xc1w\
\xc7\xa8\x885kP\xb9\x07'iu-\xd8\xd3\xcd\xdd\
\x95\x90\xa4}\xc9\x00\xfc\xbaB\x0d\xd5\xbd;\xa0\xf5w\
[1\x84\xef^\xd7\x16\xfb\x95v\x07\x8f\xe1g\xfb\x09\
\xbc8\x8dA\x93\x22V>\x87\xd7\xd8\xe5\x18\x14\xe9\x9a\
?\xf7\xa0\x1b\xcdd\x22\xdfc2,\xa9\xcd\xd3.W\
\x09|\xe3\x9e\xcdL\xb3\x87U\x7f\xffq\x07o\x80\xf7\
)<-\x04\x13\x09\x09\xa1\x08\x22\xa6\x04/\xf1\xacA\
\xa5\xa3\x0c2\xb4\x88\x97\x12\xa4\xbf|\xc7\x0fc=\x04\
\xcd\x04\xac\x8b\x14~,\xa9\xfby\x5c\x19\x8d\xf0\x8d\xa5\
j\xe3\xaa-\x7f\xdf\xb9cx_\xef\x9d\x01 hN\
\xc4\x0a^\x03\xbb\xae`\x91\x8e\xe6\xc2\xda[\x90\x18\xaa\
\x94\xdfM<\xad]\x12\xf4\xefg\x942\x00-\xb7\xfe\
b\x08>\xf9?\xc7R\xe0\xc1;\x83\x03\x09\x80fO\
be\xe8(\x00\x8c`\xa5\xbd\xb9\xa3B#\xf8\xcb\x0f\
\x04\xe0O\xbf\xde<\x5c\x09\x93\xadn\xec\xdf\xd7\x00\xee\
q\xe9/\xd9\xd2%\xe8X6\xdcI\x04\xcc\x0bAJ\
\xf0VzkP\xc1\xf7]A\xc4\x8bE\xbaH\x1dS\
\xe3\xbc\xf6\xc7\xf0\x9f7\xb5\xa6\xad\xbcr7\x0e\xe1P\
\x80x\x88\xd8_\xb2\xf5\xe6\xabN\x09x\x80\xd03'\
b\xb0\x06\xa3h\x1c\x8c\xf8\xbcZ\x993\xd0\x86\xc0*\
\xe9\xa3\xf1\xac\xce\x22-\xfc\x18\x82\xb9x\x8d\xc9\xd0\x96\
lY^\xdd-\xdc\x94\x06\x01\x8f\x0e\x10\x82\xaa\x88\xe3\
&O\xe2>\xf0\xa4Z\x03^\xad\x7f\xbf!\x9b\xdb\xa8\
E[\x11\xdcnm\x08g[\x1e\xe3&l@\xff\xfe\
c\x0e\x09x`\x94\x13\x82\x9c\x93\x98#be\x0c2\
\x91\xa3\x1dA\xb6W\xa1\xbb\x8a\xdbe\xb9\x97\xd0\xc3I\
:\xe9c\xa8\xa6\xd4\xec\xde\xac\xbbd\xcb@\xff\xfes\
\x8e\xcc\x10\x12\x01\x03A\xc3\x22\x8e\x82\xbf\xaf\x041\x17\
\x0e\x07\xd9^\x85\xe6\x8e\xae\x87\x9bU\x8fg\xbbef\
\x0eL\x82\x11\xd8\xca\x13\x1fs& \xcc\x8b\xf8\x09G\
\xae\xd0\xa3\x14 \x104+b%\x1a\xc6\xd3\xa1\xc1\xcb\
6\x1c5\xf8\xfc\x05G\xd77\xea\x97\x04d\x99\x9d\xa4\
\xdb\x81fB.\xb4\xae\xda\x13\xb1\x13\xf7\x98\xf6\xfb\x84\
_\xca\x10\xd4\xb7\x06\xa3x\x11\xac\xeeKj8j\xf0\
\xb5\x94\x14\xaa[\xa0\xca\x8e\x15\x946\xb9eY[\xb2\
E\x01\xe6\xa8\xa7\xcb\xa1\x9d\x19:\xdd\xe7\xc6>D\xe3\
\xa9\xff;PE\x1a\x1f\x07\x82\xa6D\x0c\xae\x82\x82n\
BYw0\x99`\xf3~_S\xf6\xb9\x9e\xd2\x9es\
\xd9M>93i\x98S\xc2T\xf8X\x96\xcb\xf2\xea\
nV\xc4\x0e\xf81\x9d\xe3\x13\x14 \x10\x04\x11\x1b\xb7\
\x06\x15\xef$Ht\xf2\x0a\xa7\x7f\x9f`L\xfc\x0d\x07\
\xc14\x82\xd2\xa9*,\xd4m\xcc\x10\x8ex?\xe6\xd5\
\xa9\xd1\x09^\x08bB\xa2/\xe2\xa8\xbf\x12\x8e\xd8\xcf\
C\xa9\x87p\x10 \x88\x98\xfc\xb6\x17\x8e\x99R\xce\x10\
\x8e\xa5\xfe\xfd\x97\x84\x97\xe1&F\x81\xa0Q\x11?\xe4\
*L\xb7B\x08\xcex\xf5'\xe9\xb4\x10tcI\xa4\
b\x97da\xff>o?\xcfc\xc2s\x90Q\xf2\xd8\
\x14\xf1\x99\xdbx\xcc~\x1e\xe2\x888\x15A\xf9$f\
\x81\x89v\x19\x96\xa0U\x11?'8\x00\xfb'H\x04\
\xa6\x12q\xdc\xe0I\x1cm\xc1\xdbJ\xde\x95`\xfaI\
:\x101MGj\xc1\x8e\xae\xcc\xc9\xd8\xa8\xfd\xfbO\
\x08\xb6\xf1g\xe7\x90\xa0\xbe\x88\xe9\xc3\xf5\xf7\xc7\xba\xb0\
M\xa8;hH\xc4\xf4\xb7\xed%\x95\x90\x86\x9c\xa2\x95\
v\xf3\x22\xe6\xf4\xef\x0b\xbe\x08\xf6\xcfO\xccO\xd8\x17\
qt\x01C\xb0-\x80\x22\xd6y\x0d\xca'+\xb0\xb1\
\x03\xea\xc4\xb6Ww\xbf#\xb6\xcbr_\xef\xc4\x04/\
\x04\x07\xef\x98\xf3\xf7\xa3Z\x08\x1e.\x8e\xb1\x22^?\
\x8b(k\x04\xe5\xcc&t\xad\x8bvK\xc6Ww\xeb\
\x88X\xe8E\xf0\x7f\xfds\x13|\x82\x1cW\x81>|\
WA!\x045\x03\xf5H\xee\x95\xa0\xbe\x88e\xb9\xa9\
P\x1b\x00\x93\xac\xed\xdf\xe7\xb8\x0ao\x0b\xed\x8f\xd97\
K\x01\xce\xf3El\xce\xdf?3\xa3\xf9\xa7=W\xf4\
E,w\x14i\x06\xebG\x12g\xff\xbeEkP\xa4\
#\xf8\xbf\xf3\x8bs\xfc\x104o\x0dF\xfb.3\x04\
#\xc1\xf4\x22\xce\xdc\xee\xafb\xe6\xe7$k\x1f\xa2\xc1\
%\xf8\xb6\xc0\x9b\xf4\xab\xbds\x5c\x82\xc6]\x85(C\
\xb0\xe5\xa0Fp\xa9/\xe8M#\xe2\xcc\xda\x5c\x0f3\
\xc1\xb9\x83\x0a\xd8\x82\x88\xf9E\xba\xc7\x04f\xc1\x8bs\
\x8b\x8b\x14\xe0\x84\x1d\x11C\xebo(\xcc\xcc\xb6\x16t\
4x\xbd|\x82\x99\xfb\xcb\xb3\x0b\xd9\x19\xe2\x07\x15\x92\
\x0d\x13\xf1s\xe2\x8c\xfc\xdf\xe7\xe6h\x08&\x00&\x08\
j!8`A\xc4c\xcb\x87\x18\xe397\xd0\x1c|\
x\xb5\x07\xf9\xb3\xbc\xa5\x98\x1d\x82-\xfe\xd4\x9d\xe6C\
4\xb6\x9a\xb7\x06\xc5\xdd\xa4\xdbg\x09=\xe3\x22\xd6i\
\xfd\xa5\x04gX\x07\xba*\xf7\xf3\x88\x97\xbe\x0b1!\
!?\xe5Z\x7f>\xc5\x87OA\xc0\xadZ\x83@\xd0\
\xeeI,\xacQ\xfa\x7f\xfdD\xbf\xe4\xb1-b\xf0\xf7\
\x95\xe8\xd8R%\x0b\xa7\xa2+<\xe4\xbb\xd2\xec%\x0f\
\xe5x\xc5\xd7\xe4\xaf\xabQ\xdb\xca\x81_\x93\x9c\xb4)\
\xcfrB\x02]\x83O>+\xac\x12\xb2B\x09\xb2\x22\
\xc6\x10\x1c\xb0\xe8\xef\xc7\x96\x92\xaa \x9e\xe3\xff\xe6\x86\
\xfd\xd9\xd9\xd9\xfepcq\xd1A\xe0\x0bO~@\xff\
\x93p\xcc\x8aX\x98'\xdd\xb9\xb2\xc8\x124\x9a\x13\xa7\
\x1f\xc2\x19\x0b\xf3Jq\x95\x87\x92\xc8\xc1Pq-\xac\
\xbb4#b\xb0\x06\x09\xc5\x0f8\xfe\xbe\xa8T\xe4\xff\
\xbf\xaf.\x12\x82\x9a\x88\xe7(@\xcb\xd6\xe0%\xd5\x1a\
T>\xef2\xba\xd1\xfc\xd8\x9er\x99\xf3I8\x14\xa0\
\x9d\xfd<\xa2\x9a\x13N\xcf.R\x80\xc9\x22\x86\xd7\xe0\
\xa8U\x7f?\x1a\xeb9fhu\xf9\x89\x0ep\x15t\
Dl\xd2\x1a\x14\x94\x8a\xfc\xef\xfc*\x89@\xe3\x22\x8e\
\xeb\x9f\xc4P\xe6\x0c\x0d\xfd[\xa6\xcb\xaf&\xec\xdb\x9f\
\xe4\xefK\xe6N\xe2T\xae\xc2\xbbbR\x91G\xa6(\
@\xfb\x22\xe6\xb4\xfe\x92\xd3\xb8\xbb =\xc2\xea\xc6\xc0\
~0W\xb9\x22\xb6\xe8\xefS\x80o\x8bIE\xdaW\
\xd7(A\x8e\x88\xed\xfa\xfb!\x8a0\xd6\xdd\xe5IE\
\xefh\xe1\x9e\x00M\x8ce.A\x97mk\xf0q1\
\x97\xc0\xb5\x9553\x22\xbe\xa3\x0248\x84C\xce\xe3\
\xa1\xe5\xcb\x1c\x86\x9e\xa2\x92\x16\xdfg\xac\xbf\xcf#h\
\xc7\xdf\x7f\xfb91\x0aF\x80\xebE<aF\xc4@\
\x90;\x84\xa3\x04cC\xe1\xbc\xcb\xadG\xd5\xaba\x99\
\xa7\xaa0/\xdc\xe1\xdbO\xb3\xe2$w:iu\xb7\
\x15\x11\x7f\x80E\xba'\xc4\x9c\xc1++\xebCp\x11\
\xacA\x9b\x22\xbe\x80\xdd\xe74\x10\x9bc\x81\xa1\x05\xff\
\xb9p\xf8\x9c\xbf\xe5\xf3@9\x1d\xc4\xe1\xf8\xfb\x1b+\
b!\xb9\xdc\xf9\x15\xfa\x98\x14q\xdc\xfc\x10\x0e\xfd-\
\xf1x\xc9\xc3\xf7\xf7\x0d\x114\xd3\xbf/\x22\x97\xfb\xff\
\xef+\x89\xe7?\xde\xae\x03\xa8\xad4I_\x9cp9\
\xdfU\xba|\x93\xf6<\xc1\xb3\x81\xabr\x19\xb3\xe4\x0c\
\xe6\x8cX$\x824HHP\x06#-c\xe0l\x8e\
\xa0\x0d\xac\xb1\xa0\x82U9\xb9\x8a\xa2\xaa(\xa4C$\
Q$\x1d\xba\x81\x91\xc6\x0c(!\x89$\x90L\x98A\
\xb3\x84\xb9\xca\xe9\xfa\xef\xff\x97x\xf0\x00#n\x1e\xbd\
%=o\xd6|\xd3\xfd\xfa\xeb\xaf\xfb\xef\x9f\x9b\x89\xe1\
+\xc6L\xcc+Hb\xd8\x94w\xb9 \xbe\x92\xaa\x80\
\xb5\x9c\xe0Z\xfe<\xc0wf\x10O_EU\x88a\
\xc9\x16 x\x99 \xbe\xba4\xf8O\xd7Q\xcb}\xfa\
\xe5\xc2\xfc\xe5\x82x\x02\x01\x8cYU\xb8xS\x9e\xa0\
A\xfc\xcf\x7f\xf6\x17\xd7@b\x16\x00@^\x10\x7f\x97\
\xaaB\xccA|\xc5\xfbu\xf9A\xfc\xb6\xf0}9 \
1\x0b\xa7\x5c\x10\x11\xe4\xe8\xfb\xf0\x98\x9a\x9a \x06\x08\
\x9ac\x0a\xe2\xf3\xf7\xf3<\xb8Z\x10\x7f\x101D\xf0\
\xd5\x99\xf8\xbd\xdf\xb9\x06\x12\xb3\xb0pN\x10\x7f6K\
p$^8:0\xd0\xdb\x0b\xa0\x81\x17N\x01\x98\x80\
\xe2w\x12\xc41db\xac\xec~\xf4#\x82\xdcmj\
7nDn\x87=\x1f\xc1\x7f\xfe;\xe1\x8b\xe1O\x17\
\xe6\x17xAL\x1dqd\xd1\xe1t\xb9=Kv\x9b\
\xc9b\x00\xb3\x98\xac^\x9f\x7fy\xc5\xb1\xba\x06P\x9a\
\xa3\x05\xc9w\x17\xc4?\xe6\x051\xdeO\x0c\xcf\x9b\xf1\
\xf9\x89y\xb9\xc99)\xd5\xa9Yi`Y\xa9\xd5)\
9\x05\xb9y\xe5w\xde~\x17}\x91w\xc53 (\
<\x80\xf8\x0a\x9c\x9f?\xe9\x82\xf0\xf8bd\xdd\xe9\xf6\
\x1atj\xb9\x8c\xaf=I\xd5\xe3\x06{`csm\
\xc0\x8c\x10^\xb0\xda\x03\x00\xfc\xff\x051|\xfd\xf0v\
~anNj\xbaJ$\xe6\xa9\x8bERuFV\
MA^y\xfc\xbb\x04D\xbe\x0b\xfe\xd3\xef\x0a\xcf\x02\
\xc1\xfd8A\x0c6\xb2\xbe\xe1\xb3h\xa4\x9c\x9f)\x13\
\xcb\xe5\x22\x91\x5c\xca*14\xb12hw\xcf\x84\xfa\
\xcc/\xfb\xae\x14\xc4\xbc&\x1d\x1fA\xf8\xc4\xd7&\xd5\
\xa4\xa9\xe4\x8a\x93\x9av\x91LvB\xd7\x96*KS\
\xe0J5\x00\x91\x87\xe0k\xc2O\xf5n\x81\x0b\xb2 \
\x86\xe7\xf6\x8e\xdf\xa4\x113_\x13i\x82&\xaf\xc7\xed\
\xdaXq:wv\x9c+\x1b\x10\xd0^SP#b\
@*$C\xf6\xe5\xcd53\xbc \xbf\x8b \xe6\x8e\
\xfe\x92\x89\x85\xa6\xa4\x9atuQT\xf4\x17\xa9\xd2\xc9\
\xed\xd8\x05\xb9IeeeI\xb9\x05\xc99\xd9Y\xe9\
%\x12Y\xe4\xb7\xa4\xd7\xc0\xcdjx)\x1dG\xdf\x7f\
Mx\x1a\xbd\xb5@\x83\x18\xbef\x1d\x01\x03\x93\x90\xe5\
\xe3\x96]\xd7\xce\xfa\xda\x04\xe4\x11\xe45\xb3_}5\
Mlbpm\xd5\xb9\xec3\xe9XW\xa8Hi\x09\
\xcc\xac\xf5\xf5_\x90\x89c\xda\xbf\x7f\x8bZEmr\
\x962\x82\x8d\xa8$-\xa5\xa0\x0cn\x15\xbfI\x92\x09\
\x18<p\xf5\xe5mx3\x96%g\x97V\xca(\xc6\
%\xd5I\xf9\xef\x9cpA\xa1\xe5\x98\xdf\xfc\x8f\x85\x05\
\x82 |o-\xbaLj\xfa;4\xa6\x80s}\xe4\
\x05\x12\x9a\xd9\xd3\x9dv\xd2j\x9f\x9a\x18\x089\xdd\xf6\
!6\xc1\xa1\xb6\xf87\x9f\xf5_>\x88\x1f\xf1\x83\x98\
\x8b \xf8^G\x9a$\xf2\xa6H\xab\xc9ML\xb8\xf9\
C\xc6\x0a\xb9d\x10\xb9\xcc\x0d\xf8\x8a//\xcbIS\
\x17\xe3o\xcf\xcc)|\x8bs5\xe7\xeb\xc2'a\xc0\
\x8e\x00\xb8\x1e\x18\x92\xe1/\xd6y7\xd6g\xe7\xe7!\
\x15_@\xa7\xcd\xe4O\x83!\xa7\xdf\xa4\xc4\x18S(\
\xadcm}|i0\xe6 \x06kH\xaa\xae\xa4\x9e\
\xa7n\xce)k\xaa\x00\xe8\xc0.ns\xdex7>\
1\xb7Z\x85\xbfER\x9d\xf7V\xb4 y]\xf0$\
\xbc\x85.\xb8\x18\xd0)H<\x8e\xdb7\x16\x01\xbc/\
8\xd2\xe0\xec,\x09`b\x11B\xcd\x0a\x12\xac\xebz\
7\x97m\x1aD^j\x98[\x85||F\xa7=\x86\
 \xfe\xe4^U\x07=\x12V\xacLm\xac\x8d\x5c,\
\x09F\xf4}\x0c`\x02#3nA\x02\xdf\xb7\xcbs\
\xb3\xd0qE\xd5\x85\x11\x17\x14z\x97\xea\x1f|\xbdE\
\x5cpo\x85$]\x91\xc5\xbd\xfe\xc5\xc2|\x94N\xc3\
\x17\xe08=\xba\xb6\x1ev\xec\x809\x1c\xe1\xd5\xd0\xda\
\xc0(\x009jf518#`h\xd5\x90\xf8\x91\
\x0dyf\xba\xfb/\xb1\x9f\x07\x10\xe4\xcf\xef\x93\xcf\xbd\
&m\x89\x82^\x16\xd9\xd8\x14\x07\xd1\xcc\xe84RA\
\xe0\x82\x09\x09\xf9\xe5\xe5\x89\x89\xe5\xe5\xe5\xf9\x09\xf1\xb7\
?\x04\x7f$A\x1c)H\xe0\xf9VaNI1\xee\
/c\x89\xe4\x0d\xa1\x0b\xb9o\x00@@p\xdb\xf0\x13\
\xa5\xd79\x02\xe8Q6\x08_@\x06\x17\x1d\x1bn\x9f\
\xd5\x12\x1cWJD`\x12\xb5R\xa3\x0bZ\xac\xbb\xfe\
\x8d\x99\xd5\xb5\xd1)R\xd7!\x8a\x80\xa1\xdb\x82\xefC\
\x88\xe4\xc9g\xcf\xaf\xa6*\xdc\xaf\xa8\xcf\xc6\xd8\x15\xa7\
'\xd7\x22z\xc8e\xe0y3\x01H\xf4\xdd\xec\xac\xd2\
\x8c\x12\xa5Z\x02\xa6\xae\xd4d\xa6gU\xe7`f!\
o\xc1HI\x07\xee\x98_\x90.S$\xbfC\x83\xf8\
\xad7\x84g1\x04\xc1/\xf7V<\xe1\xf9\xbd/\xe7\
)\x17\x5c\x98\xff|q\xc7\xbdd\xd1I0\x9a\xf8&\
\x13i\x9a\xed\xfe\x95\xf0\x9a\x99\x16$}/\xcdk\xc3\
^\x0d\xfe\xd5\x0f\xf9\x86\xdbH$\xc7\x22\x0d\xc2\xa7\xab\
\xa9\xa3Y\x8e\xf9?\xab\xae\x01\xdbt\x84\xca\xdc\x8a\xab\
*l\x84A\x10\x09\x9fDG\xb8Mi6\x10i\x5c\
z\x19\x8507;?\x92\x89\xdf\x14\x9a\xc5\xfcz\x0f\
\x11\xc47!\xd2i@o{\xc7mE\x96\x82&\x93\
W\x8e\x0f\x05\xa1\x90\xb3\x18\x9a\x87\xc0\x17\xa5Qf&\
U\x19v]\x9b\xbd\xe6A\xacG\xcc\xfd\x9b\x1e\x1d\xfe\
{\xa2f\xcfp\x1b\x062_\x1a\xe4\x071\xc9\xc7]\
U-\xa9\x95\x0at\xe1\xec\xfav\xbc\x16\x11(a\x5c\
U]N\x9aJz\x0c]\x91X\xa4V\x95d\x82\x95\
\xa8\xd4\x221\xe7\x87\xa4\xe5\x94\x01\x88Q\x0c\xdf\x8e\xd2\
\xe97\x05\x97\x12\xf6\xf60\x88)\x9d\xferka\xdb\
\xe9k\x960\xe8$:\xd3\x92\x7f\xc3\x19^_\xdc\xde\
&\xabd\xb6\xd7Ba\xc7\x8a+\xe0\xb5\xe8\xd4\x91=\
\xc6*K\xc0\xb9\x86\xba\x02\xc0\xb8\xea&^\x04&\x09\
j\xc7z\x9e>\x7f\xde\xdd\xd9yA\x10\x83\xb4\x0f8\
V\xd4v\xa4\xd2\x5c./\xedh\xbaw\x1f\xe0#\x93\
\x97@\x04U\xe2\x08rrU)\x04lR^\x22\xbc\
\xfc\xd0\xf2\xcb\x13\xf3\x92\x92kR\xd3+\xa5\x8c\xef\xa8\
Rs\x19\x86\xffz\x5c\x90\x08\x0e\xe0O\xb7\xf6\xa8\x0b\
\x22\x19\xdc\x7f\xe1\x08\x04\xe5\xec\xf7X|.\xc7\xe2,\
\xe6\x11\xa2\xcb\x80\xbe?\x1d1`\x81\x8e\x0d\x8fM\xc7\
h\xa0\xa4\xd9\xe3\x5c\x83\x92\x0eF\x7f\xfb\xdb\xc6\xec\x1a\
\xea\x19\xe2q\x93gl\xb3\xad\xf3\xd9\xb3\xce\xceNJ\
\xa79=&\x84\xf1!\x9c\x7fmIalR\x9cQ\
S_q\xef\x13\xb4\x0a\xfd\xddRQ\x84E\xe3\x15\xe3\
U\xf1q?\xc4\x8b\xb2\x99<\x08\xf6#x~\x14_\
\x9eW\x90\x9d.Q\xd0\xc4]\x9d\x94\x00!\xcc\x95e\
\xfeL\xe8\x1dE\xfb\xfb\xfb\x0c\xc1\xad\xfd\xed\x0d+%\
`\xa2\xe0\xeeFxd\x1e\xf2\xc8\xd9M:xB&\
\x06.\xed\xb7\x8dK)\x86\x06\xfff\xbf\x99\x10\xc1\xfe\
\xe7\x9bs&eq\xc4-\xe0U9f\x9cl\xfbE\
'\xf8\x22x#\x1a\x09\xe3\xae\x1e\xa3\xbeE\x1b\x9dr\
\x93\x0f\xd5\xd47\x90|\xfcc\x92\x8a;\x9aE\x8c\x08\
B\x8d[\x9b\x10G\x12\x09db\xbe:\xfd\x11my\
\xdeI\xcc\xcd\xce\x14\xb3F}\xf9;\x5cU\xe1\xcf\x84\
\xder\xb7\x8f\x08\x12\xfc\xb6]\x06\x04Cd\x08\xecl\
\xcf\xc3\xdb\xf0UM:\xa02S\x83\xab\x1b\xbbA\x11\
\xfe\xed\xd7xW\xd6^\x92\x9a\xb8\xbf\xbf\xdb8g\x1b\
\x8f\xe6\x1f\xb1Zg\xb0y=-suc`\xf5u\
s\x8d\xad^\x9bAW)UDP\xcej\xd5\xf7 \
\x1f\x84\x7fT\xd4#\x8d\xc6\xb6{Km\x05\xa9L^\
\xa9\xef\x83\xbd\x9b_\x96\x92)\xa3\xa3\x22\x89\xefD\x11\
\x14\xdc\x03\x7f\xb5\xc7\x5cpk\xd1$F*\xe7\xdb\xd9\
&\xc51W\x1ad\xdf\x00&\xda4a\xd3L\xdf'\
0\x86\x9c>\x1a\xf7\x22\xcb\xf2*+\x8a\xfb\xbb\xa1\x93\
\xce\x91t\x10b\x99\x18L&;\xa1\xa3h\xb2\xb4u\
U]X\xd6\x11&\xd3\x90d\x90RO\xca\xa9\x87C\
\xed\xc8e(\x80\x84\x0dR\x89\x10\x0d\xa4U\xb0hA\
\x02\xf6\xe1\x8d\xfc$z\x07ee\xf2;\xd1\xb7\xe0\xdf\
\x08}>n\x8f!\xb85k\x02\xfajr-n\xed\
G\xa4A\xaan\x81\xac\x1av8A\x87\xf1\x13s/\
o\xac\xec\x84C\xbd\xe4}8\xc1\xf4\xfdA\xc0p\xc5\
;^\x84\xf8\x07\x8c\xcf\xfa\xb1\xa2\x83X~\xd2\xa3\xf7\
\xdb\x0d\xe3|\x0aBs{F\x96\xb7Qo\xec\x82<\
B\xb9\xcc\x03\xa8B\x86\xa8\x13\xc1\xc8\xc7\x8f?a\xc7\
\x98\xe8#\xae\x22!?\xb1\x10D\x98\xc6\x82\x02\xa2\xc7\
@:I\x00&\x8d\xfe\xc8\x9at\x00\xe2\xdb\x899*\
r\xde3\x1a\xc4\x82\x03\xf8\xf5\xc1\x1e\x0b\xe2\xbd\x0d\xdd\
\xee\xce\xec>\x93\x06IJ\x06ap\xc7\xe5\xb1\x1at\
*\x894\xa2\xbf)\x8aeR\x89Rg\xb0{@\xaa\
\xe9\x05.\x8d\x05\x09`8\xb0J\xa9\xb4Be\x1d[\
\xed\xefg\xaa\x02 \xd9\xd633\xd6\x021ki\x0e\
\x0e\x0de\x0c\x0d\x05\x9b-6\xbb\x0ff\x13\x8c=\x0f\
\x1e=\xc6&;\xe52\xed\xfa\x1a\x95\x02i4\xa4\xe2\
O\xd8\xc0\x11|\xc754\xd5\x15\xd4\xa4\x96f*\xe9\
\xcf`\xbfBT\x99\x99V}7\xb7\xb0<\xfe\xc3\x8f\
?f\x08\xbe\x0bV~\xb7$3\xff\xdd\xa8<\xfd\x9e\
\xf0\x00\xa2\x0b\xee\x81\x0b.n\xed1i\x90pA\xc7\
\xf2\x92a\x5c\x84\xc9\xe0\x1c\x0a\x0b\x82\xd7\xb2\x03\x0a\x12\
\x0a\xe1\x80ym\xc5\xae\xa4Tzwe\xf2y?\x1d\
\x97yF\xad\xf3\x17?o\x9b\xa4\xd6\xf6\x08&\xb6h\
Bf\xdb\xe3\xc1\x80F\xa7\xe1\xabT\x94\x9a\xd4\xc0.\
(\x86OES\xd9\xdd\xd4\x0c\xb5\xf8\xfc\xdb\xe9\xa4\x95\
\xe9\xd5\xc9y\xf9tk- \x08\x96_\xf8\xce\xf5\x01\
\xf8\xcd\xc1A4\x88\xf7\xb7\x90\xcbl\xed\xcd\xafo,\
\x05\xd5EQ\xae?d\xb0\xd9w=\x010\x8f\xcfK\
*\xbb\xe8=\xcbE\xea\xa0\x17\x14U\xf2:\xc4\x8an\
\xc6\xa7\x93\xd1\xa4\x0a4\xb0\xbb\xbf\x17\xeb\x11\xa4\xd3\x9d\
\x94\xcb<\x01\xe8\xc08\xaa\x02Dp{m#\xa5\xd1\
\xc5\x9a\x1a}\xfb}\xa6*\x80\x9e\x9aR\xaa\x96\x1d\xc7\
\xbc\xba$=\x0d:!)55)\xd9\xd5Yi\xe9\
\x9a\xe8\xbbA\xaa\xcaJ.\xbc\x03!\x8c\xaa\x02\xd8q\
\x8bIh\x00\xff\xfb\xf0\x80\x051\xa3\xd3\xfb\x0b\x8b.\
\xeb\xb8\x8ciq\xcd\xd0\xfb\xd8Y_\x1c\x01:\xc8\x12\
\x09\xbc\xf9\xd6B\x8e\x95e\x9fmH-\x8b*\xaaN\
\xc0\x90\xb49_\xbe\x5c\x9d\xb3H\x18\x0d\xb4\x05\x86W\
\x9f\xe2\xb1\xce3kb,K\x1e\xb6\x83\xec\x5cJi\
\x9c:\xab\xb1\xea\x1e\xd5f\x80F\xb7fU2\xf0\x8a\
D\x99\x86\x94\xe4\xa4\xc2\xa6\x04\x22\xa8b\x0a\xf9\xf8\x83\
\x9b\xb7\xb1\xcb\x94\x93\x9a\xc9\xa2D\x9e\x9e\x93w\x877\
\xbf\xff\xcfB\x03\xf8\xeb\xc3\xc3\xa8\x0b\x12Uf\xd6\xb9\
D}H\xa6\xb4x6\xc2\xdb\x9fC\x1a\xa1\xd8E\xb9\
\x0c\xd8\xecg_M\x0f\x86\x1c\xae]\x83R\xc6\xa8t\
`\xa6\x17ZLP\x8d@Q\xec\x1b\x92Fdm\x93\
oy\xa6\xa7\x0d\x03\xb9\x9b\xfa \xe1\x81H\x06\x1f\xf6\
\xcc\xd4w\xd8\x86$E\x8cHv\xd4v=\xa4\xebe\
\xdak[\x9bE\xd1,\x9d\x93\x04L\x10\x13\x09fb\
\x0a \x1ais\xdeNH\xccMI\xa7\xffiyi\
A\xf9\x8dS]N\xc1\x01<8<\x0e\xe2\xbdm\x97\
IDEU\xbb+<\x82l\x8668\xf9\x87p\xa6\
\x90K\xaf\x85]^VH\xa8M\xcb\xab\xb4\xa2\x1b\xe8\
\x9f\xd4k\x91\x1c\xd2zp\xbc\xd9\xa6\xf5\xd7\xe9g\x8c\
==\x93`==\xc6\xe1\xb1\xb9\x0e{\x16\x8c\x0bF\
\xab\xb0\xc6\xdav<\x80\x03\xd6\xd0\x92\xc5|X\x93\x9a\
\x5c_\x15\x07\xc2\x02\xa2w\xf6!\x1c|\xdc),\xc8\
\xaaT`\x0a\xcbI\x84\x18>FPp\x0f\xfc\x9f\x83\
\x83h\x10\x8f\xb8\x9a\xc5\x11Q\x95\x807\xcf\xef\xb4\x83\
\xb8J\x05~J\xa7\xf1\x19\x1a\xf6P\x7f\x91\xe9<\x8e\
~\x80\x10J\xba\xfe\xe7\xa1\xe1\x80\x09\xab\x14f$y\
kt\x90\x85u\xe3\xaaJ\x91\xb8\x98#Hh\xeb\x8c\
\xf7\x1f=B*\xf3\xf0\x93Z-\xa5\xc3\xd2\xf4\x9a\xba\
\xaa\x7f;9<\xcdqA.\x9dF\x10o'\x16\xd0\
,TYS\xfe\x0e\x07A\xc1\x01\xdc\x03\x04\xa9\x0b\x1e\
\x86\x95LT\x9d\xdf\xdf\xa2\xc2\x16\xb2A0\x82\xe5\x0b\
\xf0@l\x8d\x80\x17\x02\x94\xc4\x07YA25\xba\xe6\
dQ\xab\xb4\x0fCQ\x8cm\xce\xbe\xbe\xee\x1e}\xc0\
6T)V\x9c/\x89Y;\xc6\x8c]\x98\x8bQ\xdc\
\xea\xd2g\xab)\x8d\xd6BY|\x9f\xd3c\x82\x9c\x8c\
!\x1cw\xf3\xe6Mx\x0d\xb2\xa2\x98!\xc8@\x8c\x07\
1\x95\xbc\x0f\xd2\xee\x1c\x03\xf8\xb6\xf0\x1e\xb8\x17\x09\xe2\
\xbd\x05+\x00\xe0\x1c\x81t2\xcf\xc8 e\x83\x8b\xe1\
\x9d\x0dw`\xd7n\x85\x01\x05\x8b\xc9\x04,\xce\xefr\
:B}$\x86Q\xdf7\x9b\xc1\x0f7\xecH\xa5E\
\x96\xb9\xd5\xbe\x01\xb6k\x10\x8a\xba\x10\x94\xbcD\x93\xcd\
TUJDr0\x91\xa4R\x95\x09\xdd\xd2\x8e\xba\xe1\
\x86\xaeG\x90Q(\x97\x81d\xdc\xc0.\xb3WW\xd7\
\x91\xd9_\xe02h\xf7n\xc5UT\xd5\xe6%\x15\xdc\
\xad\xc9\xaeN\x05\xab\xce\xae\xb9[\x90TX\x9e\x00P\
\x92\x82\x84S\xd2\xe5\x17\x94\x8a\x8b\x0a\xb8\xafA\xc1\xdf\
\x81\x00`\x04\xc1\xc3\x1dOx\x01\x93\x09v\xda\xe1k\
v\xdd\x09\xb2\xea\x90R.\xe3O\x04\xe8\xc8t\x02\xd0\
\xc0i\x14\xa6\xa1.\x1e\x08\xbb\xb1\x0c\x93\x8d{WB\
\xfd\xc7mN\xf8S\xf7\x93\xb6\xd5M\xe3\xcc0\xda\x8c\
\xd1\xd83\x09T\x10\xf5A\x94\x06\x89\xaa\xd5^\xab\x1d\
\x12\x93\xb7\x98&\xa7\xb6\xeb\x01\x8eNc6n\xaa/\
\xa8\xc9\xcaP\xf2\xa6\x12\xb0\x92\xc1\x99\x84\x0f\x18\x88\x1f\
aIw'\xb7\x06\x1d\x90\xd9\xbb\xd7\x00 \xb8 \x0d\
\xe2=\xf8#\xea2\x8c\x0c\xaex,\xe3\x91\x99\x00\x85\
L\x0e\x9e\xa3\x19\xd7(+\xa1\x1e8\x96\x09\x82V\xbf\
348\xc56\x03\xacm\xd8\xd0\x87\xe4\xc1\xdd\x95\xd5\
\xe7}\xfd\x91&\x1d\xdb1\xc3\x0c4\x19\x8e4\x08\x0f\
@\x0fi4V!U\xf7I*\x06\x03*\xd3\x92R\
Z)\xe6\xb0f\x99XJL|\x5cN\x8bq&!\
\x1e_\x87\x08 \xa5\xd3\xd7\x06 \xf0@\x8e\x0bF\xa4\
\xc1\xfd\xfd\x17awDN)\x12\x8d\x1b\xac\x1e\xf7\x86\
\xd3\x11\x0e\xaf\xaf\xaf\x87Ia\xec\xf6\xd8\x0d\xba\xc8H\
\x80Hg\x9d\xdb\xec\xa5\xf5\xc8h\xaf\xd3\xabQP*\
\x0d\x0c\xbb\x0d\xb2\xc9\xb9\x87p\x009b\x0f\x1a\xc6\xb4\
T\xc1U(mu=4\x13?\xe8\xaa\x82\xa9\x04I\
1w&\xe1nAnY^!\xb1\xbc\xb2\xdc\x02\xe8\
\x90d0p\x15\x92\xd2\x9c\xbc\x84h\x93\x0e0\xe4\xc4\
\xb0\xd0j\xcc7G\xc4\x05\xb9\x5cfk\x0f:\xec6\
e1%\x12d<aq\x04\xd8 2\x1a\xa4\x83\xf8\
5\x1d\x91T\x15\x8cK\xfb\x1d\xbd\xa4=2h\x1e\xd8\
\xf4\x1b(\x85\x91)\x0d\xda\xe5\x99\xc9n\x82\x22XD\
\xdf\x7fJ\x0b\x12\xb0\xc7\x93\xc6\xfa\xd6T:H\xa2\xa8\
$4\x1a\xabb\xe0\x81\x1d\x91\xa9\x04\x99:\xbd\xba5\
\xa9\xb6\xaa\x22\xee\xd6=Z\x1e\xa3\xba\x85=\xba\x04\xa2\
\xa5\x96\xd2\x8aI\x9a\x91S\x08+\xb7\xf8\xf3\xfbB\x03\
\xf8\xf5\x11\x09_\x0e\x97\xd9\x9b\xdf\xd9E*\xadP\x1b\
<+\xd0a\xc7\xa9\x19\xbe4\x88\xb9x4\xe4\x84\xee\
\x89\x9c\x02\x00<\x90\xce^\x12*\x1d\x14\x1dw\x05v\
\xe7\xf4@\xa6\xdb\xba\xc1(\x9f~\xd26\xd93\xa3\x9f\
k\xb5\x05\x99\x0f\xc9T\xa6\xc6\xa6.\x92L\xc0\x8c-\
Yl@\xa22-'\xa9\xa9\xe2\x16I&\xfc\xa9A\
Fg\xe2AK\xcd\xa0\xcd\xa8\xb4\xdc\x04\xdeM87\
\xde\x14\x1a\xc0CD\x90\xba \xc0\xf7\xc2iUSZ\
\xecv\x8clmQ2x\xfe\xe8/p\x9a\xd1\xd0\x8a\
\xc7\xa0V \x0f\xdc\x9d\xe9\x1b%M\xba\x81\x97@\x0e\
-\xe8D\x08\xaeX=N\xeai\xaf\xb6\xb5\xb5U\xab\
\xb5\xdb\xb2H9]|\x5cN\xd7\x19\x1f<\xa6\xb2B\
Wm\xce8s\xa9\x94\xa4\xa6v\x9c\xdb\xbah~\x9f\
4\xdc?H\xc8\xcbI\xc7\xf4\x95\x91\x9c\x7f\x1aA\xa1\
\x01\xfc\xd5\xe1\xe1q\x10\x03\x84\x1e\x11\x89\xdc`\xc01\
\xbb\xbfubj\x90<\xb9\xb2jT\xdf'\x15\xc9\x9a\
\xc3o\xa1\xb8[W\xd6F\x01A\xc0p`m\xd3\xb5\
k\xd1@\x16:\xdf\xa0\xd8\xf6\xce5\xb5\xa3\xb4\x80\xa9\
\xb8\xbe\x9a&\xa1R\xad\xbe\x01\x8bb\xee\xc0\x11\x85\x11\
\x8c7\xfa\xfb1`\x98M\xb40EF\xd9\xc9 \xfe\
P\xe8\xbe\xf0\xa7\x00`4\x88\xe1\xe1\x87\xaa\xd4\xb6\xb1\
\xbd\x87\xc2\x16\x87\x0d\x82'\xce\x8el/\xae\x87\x89\xad\
/\xae\x8d\x80\x17\x12_d\xfa\xfe\xd4T\xef\x8c'H\
\xe2Q\x0e<p\xc0\x8c}N\xf8z\xda3<\xa75\
\x05A7)>\x91LE\x95\xe3A\x93\xb6\x05\xba%\
\x98N\xe8\xc0Q\x03=\x94XT\xe2\xd5W`\xaf\x18\
\xef\x95D\xbb\x07\x82jCB\x15\xb1\x84\xf8\x8a8\xf4\
BnA\x02\xca\xea\x87\xe5\xc9\x19E?\x91\xe4\x9dr\
\xc1\xef\x09\xddT\x02\xfc8A|\xb0nY\xdayA\
R\xc9\x02\x93\x06\xe13\x8b\x03\x0avS\xf3\x10a1\
J%\x19O0\xd8\x96\x02.gxm\xe2\xab\xaf\xa6\
P\xdf\x07\x0b\xd1\x9e\x94,si%\x84\x13\xe8@\x04\
\xc9\x00p7h\xaa\xfae\xbf\xa7\xd5\xe7\xf3\xb5vt\
@oD?l\xec\x01\xe8@$\x04\xa3\x07\xc1\xba\x86\
\xb5\xf8\xea\x1577\x1aI\xb7\x18PC.\xd3\xde\xd0\
T\xdfx7%5-]W\xa2\x02\xd3df\x94\xe2\
HBa\xfem(H\x8eK:x&$g&\xdf\
<9\xbf\xff\xee\xeb\x82\xf7\x85\x8f\x88\x0fF]pk\
v\xef\x00\x95-\xf2\x01V\xbd\xedp\xf9\xce\x1bP(\
\x92k\x82\xd6\xc0Jx\x00\x1c\x11\x10\x84zd\xc0\xe1\
\xd3\x15!\x0f\xf4\x0c\x87^\x9aqx\x9a|\x80M\xf7\
\x1fo,\xc3L\x02\x99\xf8I\x94\xcb@\xe2HU\xa3\
&c\xaa#\xa2\x02\xae\xee~\xd0\xd5\xa0o\xac9\xa7\
#\x00D\x9a\x8c$\x14&\xdc\xa4%\x1d+\xe7\xf2\xe3\
?8y\x08\xe7\xdd\xd7\x04\x9fL8:\x19\xc4$\x95\
P2\xb8\xf7\x02t\xd5f&\xfa\x15\xcb\x95\xbaf\x98\
1_\xda]\xf2\xdaA\x9e\xd7)E\xf8o \xd5\xf1\
\xac\xac\x8eN\x93S8\xe0\x89\xd0Z\x97\xb2\xce\xe8\x18\
\xe1\xd2\xfd\xbd\x17N\x0d\x02\xa5\x9e\x1cf}uY\xa6\
\xb6\x16R1\xea\xfb\xf7\x1a\x80\xe0\x94\xc8\x15\xc7j\xaa\
*3\xbd4\x0d\xac4=S\x15\xe5\xf2\xf2\x92\xd4\x82\
\xc4x\x18\xdc\x8a\xaa\x0a\xa7V{\xdc\xfe]\xc1\x87\x8b\
\x00@\x8a\xe0I2\xb8\xb0\x1e\x19[\x93\xa9\x87l>\
\x08W\x94U1\x93|6\xb1\xbd\x18v\xba\x02\xf6f\
\x8d\x94\x89\xa7V\xf7\xe6\xc0\x94\xd9<J\xcb\x11\xa5\x82\
u\xd6;\xf4@\xa6\xfb\xfaO\x8f\xfevR\xfb\xc5\xe3\
\x9e\xe1H_]\xa6\xb1\xd55\x90\xfe\x12\xea\xfb-\xd8\
o\xa6\xe3\xcf\xe9\xd5Zr\xba\xb3\xaa\xa1\xa2\x22\x0e\xac\
\xa2\xa2\xa1\xaa\xb60\xa9 %\xab\x84\x92PQ\xe9\xdd\
\xc2x(\xe7\xce<\x84#\xf89\x91?\x00\x22H\x11\
\xe4\xd2\xe9\x83\xed\x15\x98/\xa0#\x8eK.\xc7\xf6\xe7\
\xc7\x07!\x18\x91\xfe\x8c<\xa6\xb7\xc3+~\x98\xa2\xa1\
S\x01&wx`\x0a\x9bt\xbd$)+\x98 j\
\xf0\xfa\xc7fV\xdb\xba\x9fs\x82\xb8\xf3\x17m\x93F\
\xfd\x9c6\x15\x898\xaa\xd7s\xc6\xff|\x8c\x99\xf8A\
\x15\xea\xfb`2h\xab7\xd6WU\xdc#\xca\x02\x92\
\x19\x0e\x9f!#[\x85\x11)U^\x9a\x5c\x0e\xeew\
\xc6I\xba\xf7\x04?\xa9\xf4_G\x80 7\x88\x01\xbe\
E\x1a\x86\xe0\x14n\xc7\xf6\xd6\xfe\x99\xd2 j\xab$\
\x15O\x901U\xf4\xd5\x22\x8d}em\x0a\xa4}\xe2\
\x863lV\x9du\xd6\x9bIg}y\x0c\xacn\xae\
\xc5\xa3\xb5\x1a2\x94\xf2bF\x97\x9b\xb5\xf5=\x8f\xe8\
\xc8\x0c\x10\x19BG\xc0D\xe95@\xa2\xd9\xec\xe0\xd9\
\xc7\x98@\xd5\xfaa|ar\x9a\x04\xcb\xc0\x94B\x80\
\x90\xb7\xda\xe3M\xc1\x0f\x1b~\xfa\xed\xd1\xa9 ~\xe1\
\xc6\xe6\xac\xd2\xe6\x22\xc2\xe0\x19\x87pN\xd2ix|\
5\x18v\xd9\xb1\x8f\x227\xb8W\xb1\xa2\x03i\xe1\xf9\
\xe6\x98\x0fx 7\xeb\xc8H_\xbd\x98\xd3RS\x01\
\x0f\x9c!T\x06U\x85\xc7\x0d\x8d\xa5RZ\xd6u\xd4\
V\xd0\xaa\xf8\x93\xf3Ww\xb3C8\xb7\x13\x93\xf1\xbf\
%\xc9ND\x04\xb9A|C\xf8\xf3\xc2?=\x02\x04\
\xb9A|\xb0\xdd\x8cT\x1a\xc6\x05\xf7qd\x8b\x7f\x92\
\x8e\xbf\xdacjzt\xd5eU2Yz\x00+:\
\x98\x19\x1cX[]\xf1{A\x0f\xa3\x124W\x9e\xd6\
\x0c\x01\x0f\xd4\x1b\xdb\xb0K\x87[\x01\x1e\x1b;\x80\xc8\
\x01\x10YP\xd6A]r\xd9\x93t\x00b|^\xb5\
\x1a/S\xe3]C\x02,F\xf84\x0c\x00\x82E\x83\
\xf8\xd0-1\x11*\x8d#\x83\xdcC8\xe7\xad\xf6@\
:\x0dJ\xf5 \x8cv\x89Q\x96\xde\x08\x81<\x88-\
&\x00\xb1\xbf{r\x13\x9a ~\x8f\xd6\xeb\xb5C9\
\xe7\xebhY\xd6\xcf\x00\x0f\xec\xec\xee\xfe\xc5\x13\x14\xb6\
 \x1bw\xe9Q\xc6Q\x94\xe4`&\xbe\xf8\x10\x0e\xaf\
C\xf2\xc3\x9b\x895\x95\xcaD\x8a\x1f\x93\x06\x11\xc0\xd7\
\xae\xe1\xb0\xe6\x117\x88\xd1\x05w^\x1c\x9e\x9c\x1a\x8c\
\x04\xf1\xc5\x07\x8a\x01\xc3\x10\x15\x04\xa5A\xdfph\x10\
\xb4}\xb6\xda\x03\xbe\xe1\x8f,\x83\xe0\x03g\xb5(\x97\
\x01k\x9bi4\xd0\x1a\xb2\xc3\x08\x99\xf8\x9cC8\xb7\
\xf8AL\xd7]\x22\x8e\x1f$\xe6}\xc8\xcb\xc4\xb7\x85\
?k\xf8\x9b_\x1f\xf1\x82\x98\x083\x91\xa9\xc1\xd3A\
\x0cvf\x93n\x945\x99\xfaP\x10\xa4\x13r\xab\xbd\
f3\xef\x92\xecg'\x96l=\xed\xfc\xc5\xe4Lc\
*\xf2\x1e\xb5\xa9\xae\x87d\xe2\x98\x8e\xc3\x82\xd1\xfd<\
0\xbf\xcf[\xedq\xe3\xbdk\xd8\x9d\xf5+\x08\xe1\xd3\
\x998\xd2(\xbel\x10s\xb7\x02\x8c\x0en\x06\x82R\
FN\xfc\xc3\xab\xcf!\x96{y\xc7\x98:\xc1\x9e=\
\x03\xf0\x96\xbdA\x89\x02\x8b\x97\xd6\xa6\x07?\x7f|\xce\
\xfc~\xcc\xab=0\x88Y\x0e\x11\xbe\x1a\xe6\x061\xd3\
\xf7\xc1\xf8A|\xb9\xd5\x1e\xe6\xd1\x89\xd0\x867S\xcc\
i\xad\xaf\xb6=#\x03\xc0\xc4\x18\x19|Jf\x8e:\
\xacl\xbaA\x14\xd4\xea'\xb1\xbfD\x00\xbcx\xff~\
LK\xb6\xe0\xa0\xd7\xf5d\x11\x1e\x97\xd9\xe7\x071\xda\
\xa5\x96l\xe1\xe0%t\xdc\xe5\x11E\x9e\xb4\xd6\x03s\
c\xfaa0=0\xc1\x0e\xad\xady\x5c\x22\x8b\x0cY\
w\x0c\x13&\x13\xdbV\x00\xf8p\xa4\xc1\xf3\x96la\
!'|1\x87\x86\x05\xc9\x95\x83\x98\xbf\xda\x83\x1c\x04\
\x0b\x10\xcd\x9f\xa3b\xc9\xc18-!\x85\x9c\x8cW\x1a\
\xdb:;\x05Z\xed\x81\x85\x9c\xe0Y\x04j\x91\xcb\x04\
\xf1\xc2\xe5\x83\x98\xae\xf6 \xdf\xbd\xab\xc3\xee%\xd3\xd0\
\xe9\xb3\xd2Eb\xc6\x03{\xda:\xbb\x9f^\xe2\x10\x0e\
\xed\x11\xc7\xbcd\xeb\xfdkY`\xf9)\xe0\xf7\xea \
^\xe0g\xe2K-\xd92\x9b_>\x0fm\xce\x8c\xcd\
\x05|^\xbb\x15\xcc\xae\xf5\xf8\x81\x07nN>\xe9&\
d\xe6i\xe4&\x1c!\xf6\xf3|\xef7\xafeu\xd6\
\xffR\x04/\x0c\xe2\xf9\xb3\x83\xf8\xf3\xcb\xec\xdf\x07:\
M7|\xd0k\x11{1\x91p\xb9\x0c\x1e\xc2A{\
L\xec\xaaA\xcc_\xb2\xf5\xda5\xad_\xfc\xf6\xb4\x0b\
\x1e\x9c\x0e\xe2\x85\x98\x83\xd8<z\xc9%[\xc0g\xba\
;\x7f\xdeF\x86\xb6\x8c0\xbf\xd5\xf5\x10_\x86\xd8b\
B\x04\xaf\xbed\xeb\xa3\x9b\x7fzM;\xa4\xbf}U\
\x10\xd3\x9aX\x80\xfd<@\x06;\x81\x0b\xb6Z\x0dC\
\x99\x1a\x95R\x05\xcd\x82T:5\xf3\x10\x03\xf9\xe2\xd5\
\x1e\xb7.\xde\xcf\xf3\xd1\xb5\xbc\x02\xf1%\xc8\x10\x8cH\
\x831\x07\xf1UWwww\xf6\xd4y\x83j\x19o\
n\xab\xa4\x19\x94@c;\xbe\x0bc\x0ab.\x97\xb9\
\x9eW 2\xc1o\xcf\x0a\xe2\x03~\x10\xc7\xb0d\xeb\
\xd5\xfb\xf7\x9f=\xef\x9e\xd1\xea\xc4\x17\xf5<kZ\x88\
\xaa\xc5]\xb2\x15\xcbk\xf0\xe6\xef^\xd7E\x04\xdf|\
{\xb9 \xbex\xc9V\x8c\x97h<k\x1b\xf6*_\
\xbd_\xbaT[\xcbS\x15\x22\x00\x82]\x90\x89?\x10\
^\x8d\xe6\x94\xc3Q\x04c\x09bD\x10>\xb1\x071\
\xfc\xc1\x08\xba\xcd\xc5&\x83}\x13\x1ds\xf5U\xf7/\
#\x0d\xf2Ww\x7f\xf0},\x84\xaf\x87\xc80\x17\xe4\
\x07q\x8c\x05\x09w\xb5\xc7\x85A\xdc\xed\xd2]\x8c\x9e\
4\x03\x06>0\x95\x10\xf8h&\x8e1\x88\xaf\x87\xc4\
\xd0j\xee\xdb\xa3+\x06\xf1\x15/\xd1\xe8\x0e\x88.\xdc\
l^b\x1f\xeby\xf4\x18zL\x97\x5c\xb2\xc5\xdf\xbf\
\x0f\x11\xfc\xef\xd7x\x9f\xd2\xd1U\x83\xf8j\x97h\xf4\
\x8e]\x84\x9f<\xad\xc5\x08M\xa6\xabl\xca\xe3\xa8\x0a\
\x18\xc1\xd7\x18\xc3G,\x8a\xbf\xc3 \x1e<\xff\x12\x0d\
\xfb\xf9\xf0U\xc2\xda\x8a\xe8\xb8\x0c\xb2A\x00\xef\x0aA\
\x0c\x11|}\x1e\x08y\x18\x9d\xef\x1cU\xe1<}\xff\
\xeaAl=\x07\xbd\xa2qm\xd3#\xe8\xd1Qq\xa6\
\xab\xa7I_\xdf\x15\xbb\xbe\x8f\x08\xd2\x1c|\x8dy\xf8\
\xeaA\xcc\x93\x06'^\x15\xc4}sg\xd2?\x91\xa1\
e\xf3\xe7`0\xbb\xdan\x1c\xebH1d\xaa\xa5\xd6\
\xfb\x0f\xaf\xa0\xef\x03\x82B\xb3h\x1e\x97\x8e\x00\xf8\x7f\
\xcc]\x05s\x22[\x16^/\xdd?\xb2V\xb2\xee\xee\
\xe5+IOR\x92l\xa5C\xd6w\x9e[l\xdc\xa8\
g\x19\x8dK\x8d\x86)\x92 S\xbc\x00E\x17\xd2\x90\
\x9e`\x91A\xd2\x10\x22\xec\x837\xcf\xdd\xe6\x9e{\xbb\
\x09\x5c\x98\x06zR\xd0\xf7\xbd\xf1\xd2\xaf\xce\xd7\xe7\x9c\
\xef\x9e{\xbe\x07\xd7\xf7\xed\xd5M4\x06\xd7\xcbj\x98\
\xae\x05\xa4J\xc3M\xd3\xd33g\x9f\xe0\xe4\xd9\xd5\x8e\
G\x9eV\xa7\xef\x7f\xafQU\xb4<\xe1\x01\xe8\xd5N\
\xe2\x07^\xdd\xfd\xac\xc9o\xebj-z9;\x80\xd0\
\x1bz\xf6(l\x8c\xb7\x15]\xc6\x1b`X\x8b\xd2\xf7\
k\x92\x06\xa1\x0fn\xe4\xf9\xe7[\x95\x11T&\xb1z\
\x13\x8d\xcb\xb3C3\xa6\x98\x98][[[\x17c&\
\xfc\x1e\xf1\xe8M/\xf7\xc7\x8e\xd2Z\xda\xfbt\xad\xd2\
 E\xe2\x06{3C)\x08\xd0\xc1Oj\xf5\xfdz\
\xf7\xefO\xa2?\x90\xae\x04\x1a\xbbc7\xd1\xae\x0f\x96\
\xe6\xf5\xc2\x8c\xcaK\xba\x86\xa6\x10\xb2\xbe\xe3M:\x04\
)ip\xbfI,\xab\x0a\xf8\x19\xce\xe2-\xae\xa7\xf5\
\xc0\xb9\xf6\x96Ra\x86=\xf1\x0c\xa5\xef\xd7H\xe2\xef\
A\x0ai\xb0\xc1\xff\xdd7k'1\xdd\x90\xa81\xd1\
\xb8L\xa2\x0f\xf0\x9b\xb9\xd3\xdb\xc1<w\xe9\xfc\xd8\xdb\
\x17o\x8c\xda\x8af\xa9m7\x9fQ\xb5\xba\xfb;\xdf\
\x03)\xb5\xd1\x0e\xff\x18@J\x1a\xac]\xdfW\xaf*\
\xa4O\xa0\xb1\xe0sSc\xe3\xe3\xef\xbc;222\
1\xda\xadC\xb2\xeao\x0e\x9f\xe8\xff\xdf\x7f\x9eV\xa9\
\xefS]H#UA\xf8\xb1\xaf\xd2\xa0\xb2\xbe?\x9b\
\xc0\x9b\x1f\x9f;?>>>\xfc\xce\xdb#p.\xa6\
g\x16\x9f>J\x96\x95)l\xfdU\xd0\xf7\x1bV\xc3\
P\xca>A\xb0Q\xfa>\xa08\x18\xdb\x84\xb9\xb7\xe7\
\xc6\x10|\xc32\x80#\xef=\x8b\xaa\xe9\xbaVwS\
\x99\xf8[`\x82\xd1\xac\x10|\x10}\xdf]\x9fI\xf6\
\xac\x8b\xc7U\xcb\xb9\xf3\x00\x9f\x0c  H\xee\xe7\xd4\
\xde\xb47#\x00\xa1\x98\x86\x10\xdcW\x12+\xab\x0a\xb3\
\xc9\xe8C\xa4\x07y\x7f\x98\x02\xf0\x83\x0fk\xdc\xbf_\
\x19A\x08\xc0&\x85  \xd8\x10ip\xf6\xf2\xf5\x84\
\xbf\x8d\xbc\x0eK\xbd\x00\xf8\x15\x00$!\xa8\xdeD\xe3\
\xfb$\x00\x9b\xf3\x15TAb\x95\xd2\xe0\x96\xcb\xc0\x82\
x\xb5\xe6:\xf3\xd1;\xc34\x80\x1f\x9c9\xaa~\xff\
>\x04`\xf3Cp\x9f\xa5AJ\xdf\xbfn\x0c/\x00\
y9\xd3\xd0\xe4\xe9\x8f)\x00\xe1|X)\x04k\x93\
\x06\x7f\xf8\xf0g\x9avN\xbe\xa9@\xe2\xd7\xcaH|\
\xbb\xda\xfc\xbe\xe3~$6\xba\xf4\xd0\xa8\xc5\x92\xd7'\
'O\x7f2\x5c\x0e\xe0\xa7\xaaL4 \x13\x7f\xbf\xc1\
5 \xb5\xd3\x17\x00T/\x0d\xfa\x8aI\xec\xb0dv\
\xd0K\xc4J\x08n\xa57\xc1\xfe?\x0d\xdb\xe3\x01\xc0\
\xf1r\x00i\x13\x8d\x9a\xa7\x06\xbf\xd1\xe8.\x98z5\
\xf2 $\x0e\xb8\x03\xbe\x02\x89=\x1b~\xbd\xf3N\xde\
\xee\x00\x08\xa9L\x9c\xe4\x19\xa6m}p\x16\x97\xd3\xcf\
R\x14&i\xf8\xd8\xb1\x12\x12\xf7I\xcf\xd9\xab\x93\x18\
\x94\xfc\xe6\x9d\xcf\xbd|\x7f\x12\xbf^ qeU!\
\xb0#rq\xb7\x8c\xa0;\xe8\x84v\xd6\xb6\x1e\xb2 \
6S\xaa\x82\xd8\xc9\xb4\xad$\xa5\x86dHN\x22\xe3\
E\x00\xbaL3\xc7\xaa\x92\x18\x10\xa4\x1f\xe1(\xe8\x80\
\x0d\xbb\x22VG\xe2\x809\xdb\xc9\xe8v\x03\x12\x89\x03\
qI\xb5\xd7\xf9\xe3\x19\x87\xbd\x18AK\xa8\x87i]\
K\x16\xe6\xf7\x8d/\x94E\xe0t{K\xec\xf4Q\x15\
$\xfe!]\xc24\xa5\x94)\x97\x06\xab\x938\x10\x88\
\x02b\xab>)\x04}2\x80\xf0jD\xcc\xdb\xed\x12\
\x82@a?R\x9a3[{\xaa\xc2'\xefP\x118\
\xf1\x22\xc3z\x01\xc0\x12\x12?]\x03\x89\xbf*g\x90\
\xe6\xe6\x11\x15\xfa\xferX\x87%x31\xd1(\x06\
\x10\x98,f\x1cr\x08Z\x5c\x07\x99\x96\xb8UjH\
f'\x13\xb7V\x91\x94P\x12\x81\xa3\xad\xcc\x01\xef\xb3\
\xf58\xe1\x10\x04\x9b\x96A(q\x1f\x9dz\xf5}!\
\xd8\x8b\xa1zhC\xca\xc4\xbeT\x896\xcan\xa6d\
\x12[\xd7Y\x86\xbfLl\xc6\x8d\xcf\x9a`@\x0b\xc4\
\x98\x22\x00ot1\x00`\xfd\xd6\x9c?l^\x06\xa1\
Z\xe2z\xf5}a)+\xed\x91\x0c\x07H1H\x00\
\xd4\x83G\x0e9\xed+I\x82`\xb2\x97\xe9\x8c\xc1j\
\x0fDa\x13\x87o\xe7\x10\x82\xc3{r\xd6t;C\
\x00\xa4B\xb0\xea#\x1c\xe8A4p\xfe\x0c$\xaeS\
\xdf_N\xc9\x8b\xdb\xa3\x02\x09A_\x0a(<g\xdc\
]\xd7\xcb[\xf7\xb9\x8c\x05&\xf7\xd3:\xe6`\xc8\x0a\
\xd5`f\xbd\x00\xef\xb9Kc\xc3DP\xbdx\x8d\xf8\
\xb1x\x87\xaa:\xe1\xd0\xfa\xfe7\x14\xa6a\xb4Mb\
!\xb8)#\xe1\x97zb\x92\x85\xe7^\xf286\xa2\
\x9b\x04B\x96\x07\x04\xed\xe1.\xc6\x96\x80l\x9cv\x16\
_\x22\x9d\xbb:u\xfe\xc6\x8d\xe9k\xf2\x9d\xa6w\xa8\
^\x7f]B`-\x91XF\xb0*\x89\x03Y\x80\x82\
\x85\x9fzw\x00\xc1=\x00qI\x18\xd5\x93\xa1+\x7f\
\xd2:oO\xb5\x01\x80\xf3\xd6to\xd9\x16\x90\xee\x87\
l\x0b\xbd\xce9\x9e\xe3~\xb3f:M\xac9\x15H\
\x5c\x8a\xe0/\x9a\x9b\x81\xa9;\xce\x9a\xa5A q.\
\xde\x0e\x14uB\xf0\xe8\xf2\xa4\xa3+\x00\x08\xb2\x8c;\
O\xa4\xab6\xd1b\xb5\xa3\x8fc{\x08}\x0a\xe7\x8a\
RL\x8b\xcd\xe0?\x11\x8b\xbb\xd2\x89\xc1\xc1Sg\xd0\
\xf09:U]\xfd(\x12S\x19\xb8\xb9\xe5\xf4\xdd7\
\xeb\x91\x06w\x0c\x80B\xef\xeeC\x80Q\x5c\x08\x10\x00\
;\x00@\xbb\xf4${g\x05SS\x17\xb2\xd8M]\
Lg\xd4b\xf1\xcaY\xbac\xc1\xef5%\x92pM\
,\xef\x95\x81\x1d\x83p\xeay\x84\xf3\xe3&\x880\x0a\
\xb7\xc4o\xd5,\x0d\xa2#\x02\x16-)\x0fp\x92\x15\
\x89\xa1Z L\x00\x94g\x15\xac+\x18\xb0\xb5yH\
\x22\x8c!\x99\x94\x08\xdc\xb3\x16\xcf\x5cF\x15\xb5\x82\xd3\
}M&\xd9\x7f\xf92}\x13\xac\x91Z\xa6:\x89\xb7\
C=8{x\x04?\xfc\xca\x11Y&\x10\xee\xc2\x14\
v\xcb\xd2`\x92\xc7ub\xfe\xa5\xa4\x01\xc5\xa9\x17\xff\
3\xd3\xe1w\xcdZ\xf7\xc3_\xf7o_\x95+\x18\xed\
\x7f\x06i\x12{8\x8cLhy9\x0aYd\x01e\
\x91\xc0\x1e\x80\x1eY\xdf\xff\x7f\x18j\x96\xce\x98\xdd\x22\
\xb2\x0cc\xe3\xf1+kq\xd2x}\xef\x11\xce\x90j\
k\xce_|\x8b~\x9a\xae\x81j\xb0F\x12\xe7\x22\x1d\
\x00\x8c\xb8\xbc\xe4\xc1\xa5_{H\x00m\xb5\x00`A\
\xdf7:\x01\xe8\xac\xdd\x92\x86\x88\x85\xc9,hH\xf6\
\xc7$\xfb\x1b\xf0\xaeUc\xe7\xe1\xbb\xb5\x90x;\x17\
\x5c\x00(Z\xfc`R\xd3\x0aPF\x04\x04\x9f\x04\xa0\
\x13\x00\x94B\xd0\x91\xc5\x0cG\xea\xe0\xba\xbc\x03E\xb4\
\xa82\xc9\xa6\xf5\xfd_\xd0\x09D[\x89D\x99\xc4\xa1\
9\x09\x8dBQ\x9c\x0d@\x00\x0a\x85\x08\x94/\xe9\xdc\
\x22\x03\x7f\x83z\x91\x84\x5cvG\xed\xd4K:u\xd6\
\x9c?\xfc\x12$\x10\xed!x\xb2\xba4\x98\xdb\xd03\
\xf41\x981\x80$\x0b\x03z\x12\x89=R\x04\xa2m\
\x83q\xe9\x89\x12O\x1c\x0c\x14M\xb2\xab\xfb\xeb\xfe\xe5\
\xdbPAk\xf0|N\xba\xe6TxI\xf7\xdan\x07\
\x8d\x1f)\xa5}B\xbc\xad\x08@\xb8b\xb2\xe0\xcay\
\xdd\x01\xf2t\xac]\x1a\xc9\xe7cy\xc0\xf0\xbe&\xd9\
PPW+\xa7!\x01k\x1aA\x05\x12\xbf\x1e\xc5\x04\
\xee\xd2-\x80\xd1O6\x0b\xb8\xb4\xa5\x96\x97\x10\x80\xa9\
N\x02\xa0|I\xe7\x09\xe9\xf0\x17\xd2\x81\xaf\x98b\xb2\
\x8c\xd0i\xe3\xef\x84\x13\x93h[ca\xd7 \xfc\x90\
g\x07\x8f!C\xb5*$>B\x8b\xf8Z*f^\
V&qn\xc9\x89c.\xb5\xb1c\xf6\x08\xb7\xb7=\
$\xd1B)-DZ1\x80\x85\xa9AG\x96\xc5u\
\xa0\x9dl\x97\x89\xb5\x145r`\xa0x\x0b\xad\x05M\
d\x06\xc9A\xa6\x197am\xe8a\xce{J\xea\x89\
\xefG\xe2o\x01~\x9aF\x90\x96\x06\x8bH\xfcz\x1c\
`8\xb0\x9e\x83-o`,\x09%\x1e\xbb\x10\x14\x96\
|\x02.\x0ay\x8f\xcfM\x10t\xa70k\xd7\x00=\
\xf8a\xe4\xcavz\x1e|H\x8f,\xab\x0c\x86^d\
_\xa5\x7f\xa8\x1b{g\xf23TOL\xab\x0aP\x00\
j\x1bA\xa5ZF\xe0q7\x96\xcf\xc9\xaa\xc2n\x8b\
\xc4\xe1%\xe1\x0e\xce\x12\xe4\xba\xdd\xe73G\x1e\x22\xbd\
\xb0\xc3B\x00\xb4\xc7:\x99\xaa\xa7\x95[<\xad\x9c\x89\
\xb5\x8e\x9f\x02\x82\xb0\xe7\x0d\xe3\xc5\xac\x22\xf8$i\xd0\
\x8ce\x05\xff\x92\xb0$\xac\xc0\xefl\xd1\x10\xf25\x0d\
\x86\x22|\x17\x8e2qo\xe0(\xdfCj\x1f\x85\xc3\
r\x8b\xca\xfe\xba\xda\xc7\x8fd\x12\xc0\xae\xa2\xbe\xbf\x8a\
\xc7\xabvs\x05q5\x17\xc5B~\x10\x01\xb8Nb\
\xa8{\xa1w\xb3`\x05\xcb'\xf7\x06\x8e\x8c<\xb0\xbf\
wA\xc1\xf2\x8c_\x1cR6\xc9&\xf9C\xfb\x08\xbe\
\xf5fe\x12o\xc3w\x8c]\xbd\xbd'\x0d\xde\xde\xe9\
\x05H\xf3Hg\x8d\x95G\x973\xe1(\x0c\x1c\x11\x0e\
\xb3\x5c\x22%\xaf\x88\xa2\xcf\x01>1\xa4XN?\xf3\
U\xed\xe3G\xa4\x99\x93\x95\x11|\xfd\xf5\xd0f+k\
\x08\x16\xeb\xfb\xdba\x1d\x8a\x9c\x1d! \x04y\xaaD\
lY\xdbp\x14\xcf]&l\xf0\xfdL\xdb\xe73&\
\x91\x07s\x0d*\xa9\xf8\x17a\x82_\xc1\xe9\xfe\xdb\xca\
\xf5\x9f\xa6\xba\xba\xbboV\x9c\xdf\x7f#\x18\x89m\xe4\
JoHR\x9c\x18\xc4F\xed;)\xae\xa7\x80\x0a{\
p.e\xf6\x10aK&\xf1*\xcb\x80\xb4\x8aWD\
e\x5c\x11\xd1?\xb7\xa9\x7f\xa8\xa7\x1bL\xd4\xbb\x1fZ\
\x18\x18\x84rZ\xc1$[\xf3\xf8Q\xcaBE\x12\xa3\
\xd5y\xafQ7\xed\xd8\x01\x82\xf8\x9az\xf2\x11d(\
d{H\xdf\xeb\x8f\x86\xd0\x8d{\xe9\xd4\xa0#\x0c\x85\
\xcd\xdceb,\x89\x8c\x99\xaeO&\x13\x894\xb2\x0e\
r\xb9\xd0\xa6\xf8*\xaaB\x9f\xf6\xfa7e\x91\xff\x15\
(\x06\xeb|\x84\x03\x13\x1f\xe6\xe0\x062\x18w\x07|\
\x1ez\xf4\xd7b\x9c\xc3\x1c\xb6\x16VD\xc1\x99\x95:\
\xe3{\xec\x9d\xb1j\xdc0\x18\xc7?\xcb\x1d5:\xaf\
\x91\xa97\xde[x)\xe9\x9cI\xa3\xd1\xa2\xd9\xe5p\
I\x1fC\x18\xb2\xa8\x5c\xc9-\xc2\xe6\x8ai\xe7\xb6\x09\
\xe1h\xbb4tq\xb0\xd3\xc0=@?\xd7\x98B\x15\
\xfbNWg\xb0\x9d\x1f\x84\xec\x7f\xee\x8f\xec\xcf\xd2O\
\xcdT\xc1\xb8\x09\xa7Np\xce)\x0c\x0b/\xc7\x04\xed\
\x0f\xe14\x97h<$\xd9J\xbf\x9cT\xefv\xc9N\
?\x8f9\xdf\x7f\xfe\x0c\x06\x87\x1bm\xf7\xf9Hg\xb1\
\xf57\xb9\xa9\xc6Z\xd7\xedj\x8f\xb6\x12\xbf\x9a\xb90\
@(/;J\xdc\x5c\x01a\xe3\xe7I7\xb8\xc8\xfc\
\xf8\xbez\xe0'\xd85\xdf\xaf\xea;LD\xd1\xafd\
+\xfd\xf6\xa6z\x11\xec\x96l\x19\xf3\xfd\xe3\xc0\x81\xa1\
\xe2\xa9m\x9f\x87ptru\xfa\xe2\xe5{mU\xe2\
\xf0\x08\x06\x0c\xd6\xb8\xcfC8\x09~_:\xf9\x9a\xb4\
I\xb6\xcc\x12\x9f\xcd9\x81a\xe3\xe7\xf7\x87J\xb6\xcc\
\x12\xeb\xd5\xf5\x9fex\xdf\x12\x9f\x85>\x0c\x1e\xc2\xcb\
>$[u\x82\xf80}\xfa1Y.\xf7+\xf11\
#0\x02\x1c\x91\xdf\xb7\xad\xc4f\x89\xbb\xfd<\x1a\x1f\
\xa6/\x93\xbf\xfb\xf7\xbb>\xd2-fG0\x12\x08_\
[\x95\x18\xa9Kl\xaa=\xf0az\x93\xec\xd4]\x22\
\xaf\xe3\x80\xc2x\xf0T\xd9O\x89\xf5\xcd\xbbMj\xa8\
=\xcc\x04\xe7\x91\x0b\xa3\x02{\xbc5\x12\xc4\x00m%\
[:\xb9\xbaLw\xea.\x17\xa1p`l\x10V\xe0\
z\x5c'x\xa8d\x0b\x13L?}Nw\x88)0\
>\x0a\xc8H#\xfcO?\x8f^\xbe\xd5z\xd5U\xe2\
0\xa00V\x5cV\xfcSb{\xc9\x96\xd6]~\x9e\
E\xcc\x08\x8c\x19\xc2\xf2\xed\xe3\xf9y\x16a@`\xec\
\x10\xa1\xca\xdb_\x8f!\xd9\x92JP\x98\x00\x8e\xe3G\
E\xebh\xd0\xde\xbf\x8f\x09b\x80\xe7q\xe4;0\x19\
\xdc@\x95\xed%\xb6\xf7\xf3\xc8\x90\xb90-\xa8\xc7\xf3\
\xb2\x97K4\xcee\xcc}\x0a\x13\x84\xfa\x98\xe1\xdd-\
r\x88\x9f\x07\xff\xaa\x127\xe9M\x14\xea1Udw\
\x87\xfa\xf7eX\xa57q\x1cWp\xb5\xce~\x22\x16\
\xf3}}!\xe3(\xf0\x1ch\x98|\x88L\xc5\xebl\
\x8f\xa9\x02\xfe\xc3\xecf\x5cx\x14&\x8eYg\xc1\xa2\
*\xc6\xac\xd9\xa9Pw\xb9I\xf0\xc3E&\xe3\x5cE\
Lx\x04Zx\x82\x12\xcf\x0f\x18\x8fT\x9e\xc7\xc5Z\
\xca\x0c\x91r]\x05\xc7\x99\xf0]\xfa\xbb=8&\x00\
\x00\x00 \x00F\xff\xd2bx\xb65\x00\x00\x00\x00\x00\
\x1f\x03\xa0\xfb,\x82\xb3w@u\x00\x00\x00\x00IE\
ND\xaeB`\x82\
\x00\x00*S\
\x89\
PNG\x0d\x0a\x1a\x0a\x00\x00\x00\x0dIHDR\x00\
\x00\x02X\x00\x00\x02X\x08\x03\x00\x00\x00\x89\xb8h\xee\
\x00\x00\x03\x00PLTE\xff\xff\xff\xfe\xff\xfe\xfe\xff\
\xff\x00\xa9Y\x00\xa9Z)]\xab)\x5c\xab+^\xac\
\x00\xaa[*]\xab,_\xac\xfc\xfc\xfd\xfd\xb3\xfe\xfc\
\xfd\xfd\xfd\xfe\xfd\x9b\xb3\xd7\xfe\xfe\xfe\x02\xaa\x5c=l\
\xb3*]\xac6f\xb0\xf2\xf5\xf9\xf5\xf7\xfb\xfb\xfd\xfc\
.`\xad7g\xb1\x98\xb0\xd6\x00\xaaZ\xfd\xfd\xfe\xa1\
\xb7\xda\xfe\xfe\xff\xf9\xfd\xfb\xe9\xf7\xf1Ju\xb8/a\
\xad\xe7\xec\xf52c\xafOy\xba0b\xae\xd0\xdb\xec\
\xed\xf1\xf7\xfb\xfb\xfd\x04\xab]\xe1\xe8\xf3\xdb\xe3\xf0T\
}\xbc\xef\xf3\xf8Mx\xb9\xf9\xfa\xfc\x5c\xc8\x96\xeb\xf0\
\xf7Er\xb6\xe2\xe9\xf3\x01\xaa[D\xc0\x86\x22\xb5p\
\xe8\xed\xf6\x93\xad\xd49i\xb1Hs\xb7\x1e\xb4n\x19\
\xb2j\xbc\xcc\xe4;j\xb2\xde\xe5\xf1\xf2\xfa\xf7&\xb6\
s\x08\xac`\x0b\xada\xb7\xc8\xe2R|\xbb\x80\x9e\xcd\
4e\xafKv\xb8\x07\xac_\xed\xf8\xf3\x16\xb1i\xe1\
\xf5\xebs\x94\xc8\xba\xe8\xd2?m\xb4Dq\xb5\x12\xb0\
fCp\xb5A\xbf\x84\x0f\xafd\xb9\xca\xe3\xf7\xf9\xfb\
\xf3\xf5\xfa\xeb\xf8\xf2\xf6\xfb\xf9\xe0\xf4\xeb.\xb9x\x90\
\xaa\xd3\xe5\xeb\xf5\xc1\xd0\xe7\xfa\xfb\xfc~\x9d\xcc\x8a\xa6\
\xd1\xac\xe3\xc9\x8e\xd9\xb6*\xb8u\xce\xd9\xebo\x91\xc6\
a\x87\xc1\xd4\xf0\xe32\xbaz,\xb8wM\xc3\x8c\xf8\
\xf9\xfcp\x92\xc7\xa7\xbc\xdc\xf0\xf3\xf9\xa8\xbd\xdcd\x89\
\xc2\x8e\xa9\xd2\xea\xef\xf6\x90\xd9\xb7Y\xc7\x94\xb4\xc5\xe1\
W\x7f\xbd\xb0\xc2\xdfAo\xb4\xdd\xf3\xe9\xee\xf9\xf4\x83\
\xd5\xaf\xc6\xd4\xe8\xa4\xba\xdb\xaa\xbe\xddX\x80\xbd\xa6\xe1\
\xc6\xaf\xe4\xcbx\xd2\xa8\xcb\xd7\xeax\x98\xca\x9b\xdd\xbe\
\xd8\xe1\xf0Z\x82\xbe\xe2\xf5\xec[\xc8\x95l\xcd\xa0\x0d\
\xaecu\x96\xc9{\x9a\xcb\xad\xc0\xden\xce\xa2f\x8b\
\xc3\x8d\xa8\xd2X\xc7\x93\xa1\xdf\xc2\xe4\xf6\xed\xe7\xf7\xef\
\xbc\xe8\xd4=\xbe\x82-`\xad8\xbc\x7f\x95\xaf\xd5\xa0\
\xb6\xd9m\x90\xc5\xc4\xd2\xe8\xa3\xb8\xda]\x84\xbf\xe6\xf6\
\xef}\xd3\xab*^\xabh\x8c\xc3\xd3\xde\xeda\xca\x99\
g\xcc\x9d$\xb5r\xa9\xe2\xc8U\xc6\x91\x1c\xb3l\x87\
\xd7\xb1R\xc5\x8f\xd2\xdc\xedj\x8d\xc4\xdf\xe6\xf2\xda\xf3\
\xe7V~\xbc\x85\xa2\xcf\xac\xbf\xde;\xbd\x805\xbb|\
d\xcb\x9b \xb4o\x97\xdc\xbc\xbf\xce\xe6\x84\xa1\xce\x9c\
\xb4\xd8\xee\xf2\xf8_\x85\xc0\xf6\xfc\xf9\xb6\xe6\xd0\xd9\xf2\
\xe6{\xd2\xaa\xcd\xd8\xeb\xc8\xd5\xe9\xd6\xdf\xee\xcb\xed\xdd\
\xa3\xe0\xc4H\xc1\x89i\xcd\x9f\xf4\xfb\xf8\xf1\xfa\xf6\x82\
\xa0\xce\xd2\xef\xe2\x9a\xb2\xd7\xe4\xea\xf4\xb1\xc4\xe0\xf4\xf7\
\xfa\xc8\xec\xdc\xd7\xf1\xe5\x99\xdc\xbd\xd0\xef\xe0t\xd0\xa6\
\xbf\xe9\xd6\xb2\xc4\xe0\x8b\xd8\xb4\xff\xfe\xfeK\xc2\x8br\
\xcf\xa4\xc4\xeb\xd9\xff\xfe\xff\xf7\xfc\xfa\xb2\xe5\xcd\x9e\xde\
\xc1?\xbe\x83\xdc\xe4\xf1\x00\xa9[\xc6\xeb\xda\x87\xa3\xcf\
%g\xa3\xd5\xde\xee\xe3\xe9\xf3\x06\x9fg\xae\xc1\xdf^\
\xc9\x97\x89\xa5\xd0\xc2\xea\xd8\xcd\xee\xdf\x94\xdb\xba\x1fq\
\x97+\x5c\xad\x02\xa4`\xe3\xf5\xed%e\xa3\x80\x9e\xcc\
\x0b\x97p\x0e\xa4jI\x80\xb1\x00\xabY\x85\xa2\xce\xca\
\xe0\xe3`\xa8\xab\xfe\xffY\xab\x1fCp\x00\x00'\x0e\
IDATx\xda\xec\xc1\x81\x00\x00\x00\x00\x80\xa0\xfd\
\xa9\x17\xa9\x02\x00\x00\x00\x00\x00\x00\x00\x00\x00\x00\x00\x00\
\x00\x00\x00\x00\x00\x00\x00\x00\x00\x00\x00\x00\x00\x00\x00\x00\
\x00\x00\x00\x00\x00\x00\x00\x00\x00\x00\x00\x00\x00\x00\x00\x00\
\x00\x00\x00\x00\x00\x00\x00\x00\x00\x00\x00\x00\x00\x00\x00\x00\
\x00\x00\x00\x00\x00\x00\x00\x00\x00\x00\x00\x00\x00\x00\x00\x00\
\x00\x00\x00\x00\x00\x00\x00\x00\x00\x00\x00\x00\x00\x00\x00\x00\
\x00\x00\x00\x00\x00\x00\x00\x00\x00\x00\x00\x00\x00\x00\x00`\
\xf6\xee\x03,\xaak[\xe0\xf8z\xcc>g\xcf\x9a\xf9\
\xe4\x1eJ\x80\x91\xa17\xe1Z\x08\xc4J3\x8a\x8a\xe8\
\x03\x82\x0d\xec-\xb6+\xc2\xc3$\xf6J01vM\
\xb3\xf7\xdeS\xec\xbd\x1bH\xec5\xc5\x9e\x1e\xa2\xaf\xf7\
\xf78\x83\x87\x0e\xc3\xc0\x0c\xb3g\xd8\xbf\xaf\x8d\x8d\xfa\
\xff\xd6:-\xc1FIz\xb7\x13\x03\x9b\x86L\x8f\xbd\
\xf7\xe5\x8c\xd5W\x1a7n|e\xf5\x8c/'\xc4N\
\xdf\xdbt`V\x86\x1e8\xcetR\xd6\xde\x99C\x17\
\x8ej\x16\xe5\xac\x0b\xf4\xd0PTP\x8d\x7f\xa0\xce9\
\xea\xf3\xec9\xe33\x8f^h\xe3&AMq\x5c\xf8\
\xfe\x09\xc7&\xb6\xa3\xa2(\x0aX9A\x14E\xf4\x8f\
\xf3\x1b\xd5\xc5\xebh\xfb4=\x18\xc3qn\x17f\xac\
\xe9\xe1!'E\xabW\xd4\x17\x06\xa7\xcc\x1d\x92\x19\x12\
\xa1\x85*q\x5cx\xd3\x19\x9b\x9d\xa9\x88Hk\x0cQ\
\x14\xa9.hN\xe6\xde,\x098\xae\x22\xe9\xadNI\
\x93\x95\xaaL\x22\xcf.\xdannAl\x80\x168\xae\
\x8c\xd0\xf7Wu\xf67R\x95\xb1\xb8\x82\xbb.\xba\xf7\
ZI[\x1c\x97\x91;$\x05\x05\xa4u\x83(zD\
\xcd\xe9\x14\xa0\x07\x8e\x93\xb3Z\x9b\xa4S\x8e\xd6\xeb\xde\
\x96\x7f\x8b/\xa6\xbf\xc2\x8f\xb7\xb8\xd0\xdc$W\x11\xa9\
\xd9\xa0 &\x9c\x5c\xb7_\x0b\x5cC&5\xed\xd2N\
Dj^(\xd2\xc8.\xe7\xaf\x03\xd7`59\x1e\x89\
H\xcd\x0fQt]z/B\x02\xae!\xd2\xae=\xa9\
A\xa4\x96\x81\xa2\xffD\xaf\x81\x0d0-\xae\xc9\x808\
\x11\xa9\xe5\xa0\xa0i\xd1x\xbf\x1e\xb8\x06E\x0a\xc9\xd6\
 \xb5,\x14hT\xdb\x06\x95\x16\x17\xbe\xf8\x0d\x01\xa9\
\xc5!\x16\xa6\xf5W\x09\xb8\x06\x22k|\x02\xd2z\x81\
\xb8\xa9\xeb\xf1\x80\x86\x91\x1670I\x83\xb4\xbe \xd2\
\xce3O\x00g\xff\x9e\x8eB\xa4\xf5\x08\x05\x8f\x93\xb1\
n\xc0\xd9\xb9_&\x0aH\xeb\x17\x8a\x09I!z\xe0\
\xec\xba\xabf\xf5\xdb\x95\x92V\xca\x80\x81\xc0\xd9\xaf\x0b\
\xd6\xe8J\x86\xb4\xf3=7\xe0\xecT\xfb\xb9\x02R\xeb\
@!0i\x8b\x1e8{\x14\x90m\x9d\xae\x94\xb4z\
\xfc\xe5\x04p\xf6'm\x0e\x22\xb5&\xd4d\x9f\xd7\x02\
ggB\xdbz \xb5.\x14\xe2\xdaF\x00g_&\
\xb8\x22\xb5:\xa4'\xcf\xeb\x81\xb3#\x17\xfc\x902\x00\
\x05\xe7U'\x80\xb3\x1b\xcd\xf7!e\x03j\x96\x86H\
\xc0\xd9\x07\xe9\x8a\x06)#P\xe8\x91\xe9\x06\x9c]\xc8\
MA\xca\x0e\x0c\x9e\xb3\x1f8;\x90\xb5Y\xa0,A\
\xec|T\x0b6\x8f\x9b\xe1\x81\x94)(\xb4[\x95\x05\
6\x8e{\xea\x87\x945\xb8b\xdcS\xb0i\x9c\xf6\x0b\
t\xa1\xccA\x0c\xb2\xedu\xc8\x9d\x8bC\xca \xc4\xb8\
\xe3\xd7\xc1fq\x19\x0b\x91\xb2\x09\xfd\x17\x0d\x04[\xc5\
\xad\xd5!e\x14\xe2\xfa_\xc06q}\xc6!u1\
`\xb1,\xb1-\xd8&n\x90k\xa9\xff1\xad \xa0\
\x8c\x9d\xb04\x8b\xc16qkW]\xb9r|\xf5\xf1\
\xe3\xc7\xaf\x0c\xe8\x924\xaa\x99_\x8a.\x98\xa2\xa84\
f\xed\xb0z<\x05\xf7\x1f|\xc1\xe6p\x92T\xea\xb5\
\xd6-\xab\xcd\xd3\x90\xb5\x93V/\x9b\xb3o\x96\x9fs\
\x82\x07\x8a\x85\xac7\xc4\x10\xc7\xeb\xe1y\xf4\x9e)\xc0\
\xd9\x07I\x1f\x9e\x15\xd04\xb7w\xe6\x80!\xfbfE\
\xc5\x05j\xe4\xc2\xea}\x84\xa1\x98\xdd\x06\xe0>!O\
n\x03gg\xa4\xf0W\x02\xde\x9f>\xe1\xf8OI\xeb\
[\xa4$\xacP\x02\xab\x9fy\x95\xdd\x1e\xa0\xdbr\x15\
!\x7f\xbb+\x01g\x97$\xed\xf5\xb7\x9e\xe6v\xf2*\
H:Y:0\xb4\xe0\xb8\x0a\xec\x12\x00\x0e0\xac#\
Q{\x92\xd69\xbc,{\x0f\xccM\x0eluA\xd2\
\xfa\xae\xce\x09\x16[\x91(z\xcc\xed\x94\x01\xde\xd0\xad\
\x95J]\x88\xc4\x5cj\x04\x0d\x03\x0f\xacM\xd3\xf3\x13\
\xe4\xc0\x0a'\x98\x87Y\x03CA\x0c<9\xb3\x09\x80\
7\xc0\x8b0\xa2\x96\x91\xd4#\xee\xc05\xb8\x15\xb9n\
\xd9\xc2\xec\xa0\x1e\xba`*(\x85a-\xa3BQ\xf4\
\xf7\xfb\xb7\xa3Y`\xf0\xbc5Q\x17!\xbd\x86\xfb\x00\
\xd7\xe0Hz\xb7&\xaf\xed\x1d\xf4\xfb\x95/\x92N\x06\
\xbd\xd1\xcep\x1e\xa9$V\xb3\x87'\x8a.\xd1j\xe2\
\xe6\x16\xc4\x0e\xd4B\x91\xf4\xb1*\xb5\x82\xc4\xdf\x7f\x08\
\x5cC\xde\x91\x11\xaf]X;a\xdd\x80.#Ov\
\x8et\xd6\x05kP\x10\x95\xca*t\xe6R\xf2\xd3\xe8\
<t~K\x0b\xae]xE\x02\x85\xcfY'\xa2.\
U\xd6\xee\x87\xc0qR\xa8\xdb\x89\xabMC\x06\xdd\xcb\
l\x5c\xb0h\x5c\xf6\xac\xa0\xa8\xc9q\xba\x84`\x0f\x8a\
\xa5\xc9?@3\xa5\xeb\xdc5\xc7V\xf7\x0e\x09\xe8#\
A1\x07\x90\x1e/P\xba\xaa\xac,\x8e\x93$m\x9f\
\xb4&\x01\xfb\xdf\x0f9?\xa8\xf7\xa4\xccu^E\xd6\
y\xad\xcb\xbc\x17{~o\xfb6i\xa1\x86\xa4\xbce\
/\xbbr\x80\xe4]%])\xdb\xd0\x07L\xc1q\x0e\
\x85J\xc2\x92\xbb\xba\xf87\x95\xba\x1c\x12?\xdc\x1d8\
\xce\xe4\xb2\xe0eY\x0e\x00\xcf\x0f\xa8\xd4\x15\x90\x05G\
\x1a\x01\xc7\x99\x9a\x16(\x13\xcb=\xa7\x83\x8a\xa8+\x22\
\xa9\x97$\xe0\xb8Z\x86\x95w?U\xa5\xae\x14\x89\xc9\
\x01\x8e\xab]X\xbe_%\x12u\x15H\xeb\xbb\xc0\xb1\
L\x9f&1\x17\x96\xa1+\xc7\x1f/\xb7$\xea*\x91\
\xfe\xcf\x81c\xd8\xc0\x85\xb9Lv\xd5oc\x8c\x8a\xa8\
\xab\xe6I\x96O\x01\x8e]\x9d<\xa2\x8eJ\xccu\xd5\
\xed\xbd\xfe\xcf\x88\xbaZ\x84\xecL\x07\x8eU\xdf~\x81\
\x982I\xcbRW\x0f\xa0\xdb\xa5\xe5a*\xa26\x82\
\xb4\x5c\x92\x07\x1c\xa3\xae\x9fD\x8a\xba\xd5\x19\xcct\x05\
R\xfaG=\x13\x8df%#\x89\xc3\x1d\x81c\xd3\xd5\
H\xa4\x14\x03\xc7\xa71\x92\x95\xe3\x94\xb7W*\xd3\xca\
(\x92:\x0c86\xed\xd5!\xa5\x14=\xba4\xb1~\
V\x00y?|\xdf\xc1\xc9hV%H\x87\x8b\xc01\
\xe9h0\xd2BH\x93\x02\xc0\xca\xdc?;\xf2]*\
!Dm\x02\xd2\xf3\x03\xe0XtM\x83T\x86\xb8t\
\xbfU\xab\xea7\xfb\xd5\xc3N*\xe2\xa96\x09!\xdb\
\xf2\x80cP&\x225@\x9c{\x01\xac\xa4\xef\xcd\x8f\
^\xdd\x1e\xa6\x22Dm2\x92\xf8\xb6\x04\x1c{V+\
aQ\x14:\x87@\xfds\xfc\xe4\xee\xee\xefv9\x99\
\x5c\x95\x82\xc4$\x03\xc7\x9e\xe3%\x8f\x08#\xb68\x0f\
\xf5\xca\xdd\xf7\xc6\x91\xad\xfd\x17\x10\xb9\xaaZ#\x07\xa7\
\x00\xc7\x9c+rX\x0a!j\xad\x04\xf5C:\xd5\xef\
\xd3\xb7\xe7\xf5Om\xa9\x22u\xa8JF\xc8\xd6<\xe0\
\x98\x0e\x8b\x0a\x91\x83,_\x96\xf4\xf0\xe3\x1b\x1f\xdd\xb9\
\xbc=\x9e\xd4-*\x05I<\x22\x01\xc7tXTx\
\xc3\xa27\x0e\x1d\xf3\xfa\xfd\xf0\xf8\xcewo\xf6rR\
\xa9\x08\xf1T\x9b\x07\x89\xbe\x01\x1c\x93\xc7X\x96/K\
z\xe8\xfb\xcd\xa3\xfb\x87z\xb6^`h\x8a\xa8\xcd\x89\
\x5c\xf6\x05\x8e\xd1\xb3\xc2\x92m8\x1d\xcc\xcb\xbd\xdb\xcd\
O\x8f|?\xb6\x7f\xf7Db\xe6\xa6\x14\xc4i\xa3#\
pl\x87E\xd1/\x17\xcc\xc41\xbf\xdf\x9f\x1f\x9d\xdd\
ypW|KCR\x9ej\x0b!\xdd\x93\x81c\xca\
\xf1\x0aaQ!h\x0b\xd4\x95\xe4\xe3{;g\xf7\xd6\
\xe5\x87\xe5\xcd\xa7\x8c)\x0b\x22\xcb?\x06\x8e%3*\
\x86E\x85\xb9\xfb\xa1\x0e|>\xb98{\xe3\x9e\xfe\xdd\
\xc3\x94\xcdW\x0fH\xcb\xb3\x8e\xc01d\x12\xad\x18\x16\
\xe2\xbe6P+\x8eSG\x0f\x9b\xb6\xa7\x7fj\x181\
\x9e\x14_\x86v-\xd6\x03i\x05H\x17\xa5\x81\xa9\x1a\
\xf9\xde\xb8\xb5me\x8c\xd2T}S\xb5\xf2\x05\x8e\x1d\
\xe7\x03\x91V\x84\x1e\xab\xb4`\x02)\xff\xf9\xad\xadc\
R[*W\xa7\xac\x808\xed\x96\x80c\x84\xf2\xa0_\
\x05\xa8\x9b`\xc2\x13/9\xdf\x1fHuR\x06\x95\xb5\
\x90]7\x80c\xc6Sg\xa4\x95\xc1\xa8-P\x13>\
g\x1e\xbf\xda!Q\xb9\x8dlU\xaa\x0f\xf3\x80c\xc5\
\xc0(\xa4\x95\xc2\xa5\x11`T\xfe\x8e\x9d\xd1N,D\
%#\x1d/\x01\xc7\x8a\x13\x9d\x85*\xc2\xa2\x03\xb4P\
=\xf7\xbbc;\xb2R\x95\x8c\x8c\xe9\x07\x1c#\xdc\xd6\
\x8be{\x12\x04D*C\xe7\xbdP\xad~\xdf\xa7\xb2\
S\x95\x8c<\xe3\x17\xb3\x98\x11\xba\xa6LX\xb8\xa2E\
T\x02\x15E,\xb4\xa27T\xc3\xfd\xd1\xc1gUe\
\xc5\x8f\xdf9iH\xd9\xb0h\xc1\xaf\xb9\x99]NF\
\xea\xfc)\x9d\x09U\xcb\xdb-\x8f+\xd6\x90w\xfa\x02\
\xc7\xe4\x03Y\x98\x12\x02 ]\xff5\xe4\xe8\xb5\xdf\x9b\
V\xd3\xd5\xbb\x89D\xcd\x1e\x12\x9f\x03\x1c\x1b:\xad@\
\xaa@\xd9\xac\x11\x12\x18#\x0dg\xb0+\x99\xaag:\
pL\x08\xd1a\xc9\x1eLiGE1\xf2^(\x18\
qq\x17Q3\x89\x84\x1d\x01&p\x01~%a\xb9\
\xc6n\xc9L\x8a\xa4\x81\x8d3\xa0Z\xd2|\xa2f\x14\
\xe9\xff\xf7\xc0\x02\xce-[,\x0e+\xb8\x13@\xe8_\
\x7f_3\xd9K\x82\xea|\xd2\x9f\xdd\xb0Z\xee~\x00\
,\xe0\x8e\x89T!f7\x87B\xe1!_\xa6Au\
\x9e\xa7\x125\xab\xc8\xf6\x9b\xc0\x02.\x13Kv\xa1f\
\xa8\x1bx{\x03H\x12T\xe7\xd3x\x86\xc3\x22\xefJ\
\xc0\x00.7\x01\xa9\x02\x83W\x85\x83\xb7\x83\x03T/\
\xb9#Q3\x8bD\x7f\x03\xac\xe1\xb7\xa11pu\xe8\
\x03\xef\xa2\xb0|\x1eB\x15~X\xc0rX\xe4{G\
\xe0\xac/c\xb3HK\xa0\xebL=\x14\x8d\xac\xd7\x1f\
%\xe7A\xa5F\xc7\x105\xbb\xc8\xae\xe7\xc0\x00n\x80\
@K\xc1\xb8\x09\x85e\x81\xccw\xda;9\xafC%\
|\xc7\xb0\x1c\x96'\x99\xdf\x088\xeb\xeb\xed\x8f\xb4\x14\
\xc19\xf6\xef^\x96\xf5\xf0\xc8\xf6\xcb;\xf2\xa1\x02i\
ZK>\xb2\x8c\xe1\xdaO\xc6r\xff\x95\xfd\xda\xe2\x82\
N\xbf\x99\xd8\xaa\x92\xb4>8\xa8bzd\xb1p\x94\
\xc5\xb9\x8d\x12i\x19b\xd7\x10P|s\x99tl\xb5\
c*\x943l\x01\xd3#+\xfa6p\xd6\xb7Lp\
)WV\xe7\x0b\xa0\xf8\xe4\xabD\xd2\xb1\xe7\xecri\
=\x9cO\x8c\x94\xc5\xafeq\xb1\xc1H\xcb@q\xee\
SP\xe4\x0dO%\x85i]\xea\x06\x0a\xf9\xacq\xca\
\x18\x96\x97!i}\x138\xab\xbb\x1a\x85\xb4|Y\xd9\
\x03A\xe1\x98\xd3\x81\x10\x92\xb8\xfc\xa3\xf4\x92\xb0\xbca\
G<\xd3#k\x1apV7x\xa4H\xcbA\x1c\x19\
\x01\xc5.\xf6|fH\xeb\xb1\xef\xcb\xb0\xbc\xbd\xe1\xd4\
\x1fL\x8f\xac7\xfb\x01gu\xeb\x10+\x94E\xe74\
\x87b\xffr(\x8c\xa8\x09\x09;\xf0\xde'\x0f\x8a\xc2\
\xf2\x86\x8b,_%%N/\x80\xb3\xba-qH\xcb\
C\xcd\xd7\xd7\xa1X\xfe\xeeT\xa2\x96\xd3Z\xf9\xe2_\
$9,\x00\xc7%*O\x86\xcbZ\xe9\x0b\x9c\xb5\xa5\
\x9d\x14i\x05\xe81 \x03\x1c\xe0%\xf7\x1d\xdb\x89!\
-\xa71\xbbG\xbb\xc3\x03p\x80?{\xb1<\xb2\x12\
g\x03gum\xd1\x85V\x80\xc1WBK\xca\x82\x1b\
\xcb\x89\x1c\x12!-wm=\x9d.\x01L]\xc9\xf4\
Q\xd6\xd8<\xe0\xac-\xd7\x15iE\x980C[\xaa\
\xac~\x7f\x84\x11\xb5!-U\xfc\xcaw\x1f\x8d\xee7\
\x96\xe9\xb0z}\x0a\x9c\xb5e\xcd\x12h%P7\xb3\
Q\xa9\xb2\xf2\xa7)O\x8e\x12\x95*\xb1{k\xb6\x1f\
\x9eQ}%\x01\x83\xf8.\x94a\xbbI\xfaRe\xb9\
\x0f\xeb@\x88r?\xae\x10\xabQ\x15r\xea\xbe\xf2\x16\
\x0f\xcb\xfaruH+#\xc4]+]\x16\x5c\xec\xa9\
\xe4\xc4\xf0\xa8j\x99z\xf0\xab\x8fn\xe7\xf3\xae\x18\x90\
\xb5^\xa4U\x95%\x81CIZ\xff\xb2-\x91\xed\x05\
\x98\xd8z\xe7\xdb7\xba9\x02\x1b\xb8+\x88U\x955\
\xa1LYy\xc3\xbb\xb39\xb4\xe4\xe5\x1c?f\xfe\xb0\
)>\xc0\x0e\xee\x17g\xa4\x95\x13\x9c;\x95)\xcb\xf1\
Q\x7f\x06\xcb\x92\xab:x'\xd9\xd7\x11\x98\xc2e\x8c\
\x14i\x0d\xcb\x82\xd1{\x9c\x08s\x1b\xb0\xff\x9d\xe4t\
\x09\x98\xc3M\xf2\xc0\x1a\x97\x95\xfe.KW\x1a\x88\xaa\
e\xf4\xd6a\x1bxUl\x0ah!\xd0\x1a\x97\xe5s\
\xa9\xb5\x8a\xb02\xac\xe2{\xbe}\xd3\x1d\x18\xc5I\x05\
\x025VVIZ\xd2\xc5V-\x09\x0bY=\xdbu\
(9\x1f\x18\xc6\x9dk\x87&\x94\x05\x1b\x96\xc4\x13\xab\
\xef\xc0\xb0\xfe\xd3F\xbb\x03\xd3\xb8>\xfbDjJY\
\xa7\xde\x8bV\x11\xabf\x95\xf8\xe4\xbd\x8f%`\x1d7\
\xc1\x1fM*K\xfa\xf1\xc93b\xbd\xac\xe2/\xef\xe8\
\x06\x9c\x0d\x88h&P\x13\xca*|\xf5\xf1\xfcxb\
\xad\xac\xc6\xe6\xe4\x03g\xa3W\xdf\x8d\x9c\x1b:\xc0\xc3\
\xc7\x87U\xc4\x0aYu\xbc\x9c\xf3:p\xb6\xa2}$\
R\x13\xcb\x92.~W\xef\x17KI\xd8\x93\x1d\xf9\xc0\
\xd9\x0e}\x81@\x8d\x95\xa5W\xcaR\xf8\x9e\xed\xa5\x22\
\xf5:\xae\x0e\xbfH\x07\xce\xa6\xecuF#e\xc5M\
*W\x96\x03\xf8\xe4\xd4\xe7\xbdC\x126\xf6\xa2\x04\x9c\
m\x09]$Rce\xfd\xae\x94U\xe2\xcc\xab\x89\xf5\
T\x16!\xbb\x86O\x05\xce\xe6\x9c\xd7\xa1\xb1\xb2\xda-\
\xd6V(+\xefE\xb4\x8a\xd4\xcf\xb8\xba\xe1\x08\x9c\xed\
\xc9H\x12\xa9\x11\x82\xee\x1f\x0a\xcb\x82\xb2\xa4\x1b\x97-\
\x7f\x0cOT|\x5c\xd9\xac\xb5\xaeH\x8d@]f\xc5\
\xb2 }Zw\x0b\x0f-\xe2t\xf9G\x098\xdb\xe4\
6R\xa4\xc6\xcbZ\x17Z\xb1\xacF\xc9\xcb[\x12K\
\x8e\xab\xee\xd3\xd2\x81\xb3Y\x83\x5c\xd1xY\x09\xc7\xc3\
+\x96\x05\x1f\xbf\x9bj\xb1\xa1EZ\x1eHn\x04\x9c\
]\x8f,\xb9\xac+\x19\x95\x94\xe5~z\xa5e\x86\x96\
'Y\xb0\xe4\x03\xe0l\xdaZ\x1dR\xa30\xb8m\x9f\
J\xca\x82\x7f\xb9c\x89\xa1E\xc8\x9b\xb3\x1f\x02g\xdb\
2\x16\x8a\xb4&e-K\xab\xac,\x9f\xd3\x07\xcc>\
\xb4\x88\xd3\xd8\xd1\x0f\x80\xb3u\xb9qH\x8dC\x8f\xff\
~\xa5\xb2\xb2`\xc3Y3\x9f\x1e\x92\xf8\xef}\x81\xb3\
}\xa1C\x04Z\x03\xa8\x19r\x02*\xe3~\xb7U\x18\
\xf14\xe3\xb5\xf6[\xa7\x80\xb3\x07\xbfL\xc6\x1a\x95E\
\xe7D@\xa5\xd2\xef\x1f&\xc4\x5c]\x8d\xf9T\x02\xce\
.\xe8\x97a\x0d\xcb\x1a\x17\x00\x95\x92\x9e\xbf\xd3\xd1,\
i\x11\xa7\x9dg\x80\xb3\x17\xfb\xbb\x0a\xb4&\x10\x97\xee\
\x87\xca\xe5\xcd\x1ec\x86\x83x\xb2\xe0\xecT\xe0\xec\x87\
\x97\x06kV\x96p\xb2)T\xe1\x83\xb31*R\xc7\
5\xd8\xfa\x92\x0fpv$b\xbdHkX\xd6\xc4\xbd\
P\x05\xc7\x1fw\xd6i\x1f\x92\x96=oH\xc0\xd9\x11\
\x07\x88\xd5a\x0d\xcb\x12\x83r\x01\xaa\xdc\x87\x07[\xd6\
\xfa\xfc\x90\xc4\xcf\xff\x18\xec\x0c\x0fK;\x14\x91\xd6\x8c\
\x18yT\x82\xaa\xfc\xcb\xb4Z\x9e\x1f\x12U\xf4{\xa7\
\x80\xb3;\x03?\x17\xffI\xe6Rh\x13\xad\x96\x902\
A\x0fUq\xbc\xbd-UEj\xb3\x06\xf9#2v\
\xe7\xe3?\x93\x1f\xe5\xfc\xef?\x1a\xfc\xfc\xf3\xbfnr\
1\xfaP\xe9\x8c\xc1P%\x9fO\xf7\xc4\xab\x88\xc9\x17\
\xdb7\x00go^\xc4w\x0c\x0bsz\xf6\xec\xd9?\
\xcb\xfe\xfd_]\x8c?\xec\xb0\xca\x0d\xaa\xf6\xfa\x8e'\
a\xa6,DB\xb6_z\x08u!\x85\x86\x82yH\
Z\xa9\xe2\xaf\xea\xfe\xb6*\xff\xb5\x04\x16%\xbf?\xab\
\x1aN\x0ay\xbe\xf4_\xbf\xfd\xecB\x8dA\xff\x9f\xb2\
\xa0\x1a\xe9\xb7\xc68\xa9H\xcd\xef9?\x97\xa0\xd6B\
#\xb6L\x18\xb0\xe6\x1e\xd4\x99\xfc\x96\xee\x0d=v\x02\
\x0c$\xb7\xab\xe7\x16\x0f\xfd\xe2\x04\xd4\x8a4\xf8\xad\x90\
I\x05\xcb\xdc\x8a\x7f\xed\xf6\xda\xf4\xcc\xafW\x15\x0f\xfa\
\xf0\x80\xdcI\x8d\xaf\xa4\x81\xc5\x84\x16\xbe\xff\xa1C\xd3\
\xac\x1d\x96\xa7\xba\x98\xa7\x1c\x96Q\xa8Y\xd8\x06\xaa\xf1\
\xe0\xe3\x17\x07:\xaaj2\xb6\x88*uc:\xd4\x9a\
\xd4idP\xbb\x15(4\x86\xba\xcaZ\x9d\x14\xd4N\
#D\xb5)\xfa\xd5\xf8\x93Q\xaeT\xf0k\x03\xb5\x11\
qed\x0b\x9dF\x9c\xa5|c\x03\x0aN\xbe\x11H\
\xc5\xa5\x19`p\xe2/\xfb\xfc\x5c5\xd8\x22\x02,$\
\xe2\xca\xb8 \x9dF\xe8\xdc\xdc\xe6\xc2\xa2\x88\x9b\xf7C\
u\x1et\xcb\xf90\xe6\x99\x8ax\x1a\xc9\xaa\xe3\xd8d\
w\xa8=\xed8\x11\x11)\xd6=\xac\x0b\xed\x04,\xf4\
2\xa5_\xdf0\xfc\xaak\xed\xc2\x0aqEYqX\
\xd3\x83\x11\xd1\x05\x97\x86\x83\xc1\x16\x1d\xca\x82,\x15\x96\
\xf2\xfem1,\x8a\xc2\xac\xbdP\xbd\x87\xb7w/\xef\
E\xaa\x9e[\x9eD\x15\xdfjX>\xd4E\xe8\x1a\xa4\
\x85\xcc\x10\xd6^\xc3\xa5<%\xac\xfd\x93\xe5_\xd5!\
,JiIX\xb1\xfe\x86_gg\x80A\x88\xe1]\
Y6,J\xa9m\x86EQ\xec:H\x82\xeaIS\
\xff\xdcx\xa0\xf2\xb6<\x09!\xa9{rL\xc9J\xff\
k\xec\xba\xb6m\x9b\x96\x0bK0SX#\x8a\xbe\x19\
Q\x01 k\x9fb\x86\xb0\xe6*aM\xd0(a)\
\xef\xca\x1ca\xe9\xb5E\xf4\x926\xd4@+\x95}\xff\
\xcdl0,\x99\x902I\x0b`\xb4\xad\x1fv\x7f\x17\
\x1dV*.\x22S=\xeb\xb5r\xe3\x8d\xbe`\x8a\xde\
]\xfd\xe5\x052H_:\xac}\x15\xc2\xd2O\xff}\
\x92\xacS\x16\x98\x227\xc1\xf0\xcd\x88\xbc\x0a\xb2\xa7\xce\
\xca\xfc\xaaCX\x13\x95\x8f`&\xbaPJ\x05%\xac\
\xdc\x04\xb3\x845h\x9c\xc1\xc8A\x19\xe3G\x1a^|\
\xdd\x84\xb5\xb0\xd4\xb5\x0a\x8b\xa2\xee\x8a\x1b\x18\xf7\xa0\xef\
\x99awz\xee*\x8cKF\x88S|\xcc\xc1y\xc3\
\x7f\xe8&\x81I\x22>\x17\x90\x22\xd2\xc8k\xa5r\x0e\
\xaf\x18V\xc6\xe6\xa2\xed\xe8\xfc>\x98bz\xa0\xe1\x9b\
1y?\xc8\x9a\x9a5\xac\xd5H\x0b\x09\xca\xc1\xfby\
\xf3\x845\x03\x0d\xc4u\xd7'\x8a\x86\x17\x91W\xed$\
,\x8a\xfe\xc7\x9a@\x8dH\xaf\xdf\xcc\xd9\xb8s\xcf;\
\x87\x96l\x1c>\xfb\xee\xcdtw0\x916<\xa4\x1d\
RL\xc8^\x969=\xa2\x8fT\x5cQv\xc5\xb0\x96\
\xa2\x0b\xba\xb8\xfc?\xfbv\x00\xd2F\x96\x06p\xfc\xbb\
e\xdf\xbc\xfd\x0cK\xe7\xb2m.q\xd3;L\x92h\
\x886!\xe6 \x1aPYh\xaa\x00\xa2\x04l\x00\xd2\
n\x04\xaa\x07\xc4\xa66\x87V`\x93.4g\x16h\
\x8b\x01\x80\xa2\xaa`\x85\x03\xa0\x06\x15\x80j<\x80\xca\
\xc2!i\xc3\x1dP\x168\x0e\x84\xb2\x22\x02\x00\x1cw\
pp3\xf3\x9c\xeeL'\xb2\xc9l\xbcf\xbb\xfe\x00\
T\xd4\xc9\x83\xf9\xcf\xbc\xc9\x9b\x09\xf6\xee\xd5v\xfc\xbb\
\xb4a\xfd\xb4\xa9\x90\xbc\x0dk\x9e\xc8a\xc9\x0d\xd7'\
,*B!,v(\xbd\x1bV\xb8\xf8s\x0d\x8b\x22\
\x1d\xf3@\xb5\xf8\xdf\xfc\xeeS\x1e\xf4\x89\xe6'7\xcc\
H\xd1l\x1cnq\xe6\x96@v\xbdRX\x1c\x8aj\
\x0c\xeb9\xbb\xc0\x8ex~$,\xd3HfKT\x80\
\x97\xcb\x0b\x97\xd3\xe9\xdbS\x97N\x0bkC\x0e+\xcf\
\x9dIXD\x22\x9c\xb168\xe9\x9b\xe1w\xc3\xfaY\
\x9e\xb1\x18\xc4\x5c\xeb?\xe0\xcc\x19\xe6\x9b8\x8e \x11\
p\x1c\xdd4\x81\xcc4\xae\x09\xeb\xcbx\xa8E\x10\xba\
\xdf\x07o\x15o\xddZk\x0f\xf8MV8U\x8fM\
y\x8duzX\xf6\x10R\xd1\x16\x8c\x98Q4\xd4w\
ZXo\xa7\xa2muXK,\xac\xea\xd7\xb1xw\
\xb9\x98\xf2'\xdf\x19\xfe\x8b\xf8\xbf\xae\x09\xe2/\x12\xa5\
\xb8\xf85\x1e\xbb\xd2\xd0a\xb1[:\xd5B\x12\x1a\xb1\
\xc2Y+\xccM\xe7r+\xb9\x95]\xc1\x0a\xbbFe\
L\xbb\x9a\xb0\xf8\xa2\xdd\x1e\x14\xf8\xdd \x9b]\xef\xbf\
\xd8m\x1cv\x8egK=\x85D\xe5\x03a\xc4\x5c]\
X\x9e\x08\xae\x22RL\xc3\x11\x15\xffF\x13\x96\xe2m\
\x9f\xbc\x8a\xff\xe8\x9d\xb0\x5c\xd5\x87\xc5\x9b<K\xcb\x9b\
c+a\xaf\xb7c<\xbb\xf3\xa2\xc8\x83\x8c\xd7\x92_\
\xbfQ\xa6\xc2\xcf?\xffX\xf6\xf9\xbf\xffcFZ\x0b\
\xd2{\xd9\x04g\xc7j\xf2_\x01w2\x1a\x8d\x96\xa3\
e\x93Hy\x07\xbc\xbc\x22\x87\xa5f-\xdb\x0f\x0d\xf2\
\xf7KN<A\xd0\x15y\xba\xb0\x97\xa86\xac\x90]\
\xdb\xf8\x10\xdbR3\xa4\xd97\xbd\xb3\x8a=\xad\xdc\xb1\
D.\xc70\xa83,C\xf0ylr\xd8\xb1J\x88\
<\xfc\xfe\xe9R\x80\x87S5ZX\xca\xb5\xf0/\xfe\
\x9b\xe3hM\xd0\xb5\xe9\x873\xe1+\x8cte\xc7\xbd\
]\xdf\x81\x02\x9f\x08\xae\xf5dn'A\x14\xcdi\xc3\
J\xec\xf5\x94\xb2\xb9\xce\xdd\xe2\xc9F\xee\x18\x09\x8a\xd8\
`\x91P\xe3\xe2\xeb\x94f\xef\x5c}R]X\x87\xf7\
#\x9d\x9d\x9d\xc3\x91\x1d\xd8\x0a\x0d8\xc3\x1d\x1b\x93\xed\
 p\x17g{\x9ao\x1bTS\xe1@\x0a$\xee1\
uX7\xab\x0a\xcb\x1a\x1c\x89{\x1dH\x10\x15S\x08\
\x22\xf5n\x99@\x8b\xbfn\x7fv\xb5\xf4@\x15V\xc7\
{\x0e\xeb\x0f\x7fR\xf8\xfb\xd7\x7f\xb9\xda\x8f5\x96E\
\xd7\xdb\xe1,\xdc\x9b\xb1!\x22\x97U\xce\xb5\xd6\xad\xb9\
\x81n\x9b|\x91}\xe9>{'\xaf\x0c\xebY\xc4\x8c\
\x04\xe5\xfb|\x89\x85\xce\xeenK\xbf\xab\x09\x09G\x10\
Y[\xb6\xf0N\x80\xaf\x22,\xf6\x93\x8a\xdb\x1e8\x14\
\x04\x8a\x10\xbd\x11\xf4\x17\x93\xc9\xa8\x01 \xb93\x116\
\xda\xb81\xb7j\xc7\x1a{\xa4\x04\xac\xb3\x1dR\xfd\xdc\
d\x0da\x99\x1e\x8c:]l\xbc\x14\x05\x84\x10<\x19\
\xbd\x8b]\x0b\xa8<\xdb\x9el\xb1\x98\xb9fuXW\
\xa0\xa1\xf8\xe2\x5c\xade\x91\xf0\x92\x15\xea/FP\xac\
f]9\xf9\x99\xc69\x14\x0c\x07@\x94\x9c\xd6\x86\xf5\
\xc2!\x1e\xe38|\xc8\xc2j\x9f\x9d\xddk}\xf0|\
\xear~\xf0\xfe\x8c\x8b\x10\xb6w\xe8\xc0|A\x95\xd6\
\xab&\xc59\x8a\x85\xc5\xb6\xc1\xf0\xd1\xbe\x9eL\x1b\x9c\
\xe2\xc0(\x0e\x8a\xc8a\xb5\xb7\xb0W\xb1\xac\xdf+\x04\
o\x8dvR\xa4\x14I\xd35w\x95S!\x1f<\x9a\
\xb3\xc8\x1d\x11\x8e\xf6\x0fy\xa7s\xf7\xbd\xbdMl\xb3\
4\xab9\x15]\xe0\xc4\xee\xc8h\xe3\x86\xf5\xd1G\xbf\
\x05O\x98\xa3\xb5\x965t'\x01u\x97g\xd5\xec*\
\xcf\xfdma\xe5.\xbf\xd2!\x87\xa5Y\xea4\x1eh\
\x9eOJ\xf6\xf5\xe4s\x17\xe5\xb4Z\x9a_*\xd2Z\
FyIT\x11V\xa4\x00\x92\xc2\xd6\xfe\xca\x90\xcd\xf2\
\x0cN\xf1}\xb7t\x04\xc8aY\xf7\x1eY\xa4\xb89\
\xf3\xcc\x00+\x04i8S\x84\xaa\xc2\xb2\x16Ja3\
9\xa9\xca<\xb4\xbb\x99y\xd1\x97JF/\xa5\xf62\
\x936V\xd6\xb1\x0f\xd4\xd8J\x19\x17\xe7\x1b4,\x96\
\x16,\xcd\x10Z#t\xbci;\xa3\xb0\xd0\xa9\xdc\xf2\
\x8dNeXmNMX\xf2~\xb3\xacA\x05|\xf2\
\xab\xb8QN\xcbyT\x06Y3\xa1\xda\xb0\xe4w|\
oPd\x1e9\xfd~\x90\x22,\x91o)'\x96E\
\xe5\x8b;t\xe4\xed\xc0T\x5cn\xe0\xcb\x9e5\x16\x8b\
\xb5=\x1f\xa2\x88RU\x0e\xe7\xb5\xa9\x83\xb2\xa2\xfe\xe4\
\x05\x96L\xff\x14\xa8u\xb1\xb0&\x0c\x8d<\x15~\x04\
\xfcT7\xd6\x5c\x16]\x9f\xad\x7fX\xab\xd2\xf4tC\
5\xeb(\xc3\xf2W\x08\xeb9\x0b\xcb\xf1\x02*3\xb4\
.\xdaX\xb1\xe8\x9aX\xb3\x02\x13\xab\x10\x96\xbc\x0eo\
}$\xfe\xf23\x5c8}\xd9\xfe\x9d\xb0\xdcK\xf7\xa5\
\xb0d\xe8:\x0e\xaa3T\x86U\xc8\xec\xefFZ\xfa\
\xa4\xacF#')\xba\xc2\xc7K~+\xa8\x19\x9a\xd9\
\x8c\xbd\x11\xac\x18\xd6\xa2\xbba\xc3beY\x97\x1d\xb5\
\x97E\xbc=\x8639c\xf5>\xefk\x9f\xdd\xdb\xdb\
\xfb^\xb07eaa\x05@\x94\xf2j\x1e\x9b\x91\xd7\
\xd0\xcd\x8f\xa3\xc9d\xb2\xd8\xe6O\xa5\x82\x02\xbb\xfd\xc6\
a\xe00\xe0)\x14\x0a\x81\xb5A\x8a'c\x8e\x94\xec\
\xd1\xa4 \xba-\x87U\xe1\xe2\xfd\xd3\x87D\xca7n\
J\xf8\xdc\xe2\xf3\x04\x06\x81U$|u\xbb}\xee\xd7\
f),\xb6_\xc5<\xf6\xc5\xa9P\x09\xe9\xf4\xd5\xb2\
b\xfd\x92\x85\xc5\x16(\x0cY$\x88\xb6W\xe5d_\
l\x18\xd9?\xe2\xc6\xe3\x03a\xf4l\xf0v\xfb\xcb@\
 P\x10x\x1e\x84\xd8d\xb8P1\xac\xc1\x06>c\
1\xbey[\xcde}F\xba\x9b\xa3PO\xa3\xac\x9a\
\xa6\xde!\xa3\xb1\xb7\xb7[r\x91*\xc3\x0a\x0eh\xc3\
\xeaa+R8\xb4\xb1\xd1\xd1\x11v:\xbd\xde\x81\x81\
\x81\x96P(4,\x88H\x8c\x14)\x83O\xbc\xf7\xa7\
EC\xa8\x0dK\xfe\xc9\x9a%\xac\xf0\xf1\xb9\xf5\xc5\xb1\
\xb1A\x85\x89\xb1\xc5\xf5\xa7\x93\x03T\x15\xd6\xec\x00\xa2\
\xf6\xb8s\xa5\x81\xd9\x93\xe6\x03\xec\xce^c\xe2\x11v\
A7=\xddI\xe5\x1eq(\xb7\xc1\x06/\x8d\xbd3\
2\x1c\x99\x91\xb8N\xc6yM\x85]jr\x8f\xf8F\
\x0f\x0bL\xa3O\x90\xd6\x0a\xcd\x0f\x0b\xf5?cQT\
\xa3\x8a\xa9\xd0\x1e\xaa\x1c\x96\x08\x89\x08+\xa32D\x22\
A\xaa\x0c\xeb\xc0\xa8\xba\x9dw\x17\x95\x7f\xcb)\x10\x09\
\xcb\x01\xd7}\x8a\x99Q\x83\xbb\x0b\x0c\xab\x96\xa2\xbc!\
\xf9\xb5\xd5\xe3:m\xec\xf2\xe3p*\xc8^\xe1\x1a4\
|X\x10\x8dS\x1de\x91\x8e\x9bV\xa8\x9b\x18\xd2S\
\xc8a\xbd\xec\xac\x1c\x96>\x9a\xb0\xe4]s\xb3\xaa\xa5\
=\x9cK(\xee;j\x907\xc0\x04\x22\xda_\xb3b\
\xf4\x93_\xa1\xf1\xc3\x82\xe2C\xd4SV\xefN\xf4\xff\
\x18\xd6\xe1\xf0\xd9\x84\xd5nT=Q\x95\xd8l\xc2*\
L^W\xdc\x1e\xd2 '\x13\x15\x5c\xdf\xb6\xbd\xd3\x11\
b\x93\x8bb\x0dN\x09+\xafYyoD\xc1E=\
G\x11\x9a\x07\xfb\xea\x1a\x96r\xcex\x8b\x8b\x04@\xe4\
\x99a\xcf\xb8i\xc3\x92\xffK\x8b0X\x09y\x1b\x16\
\x117\x9b\x8b\x02\x93\x9c\x9f1K\x9e0M2*X\
]]E\x91|\xed\x0c#\x153\xe4\xc6\x0c\xc0\x94\xb7\
V,\x14\x89\x0c\xd1\xb6r{\xa9\xd9\xdbD5Ve\
\xf8c\x88@\x9elo\xf5s\xe2O\xe1\x224\xa6\x1b\
sDOY\xc4Y\xafw\x87]\xac\x10\xc7\xdc\xe0`\
6\xfb(\x1e\xdf\xdf\xde|\xf3\xe6xt4\x1f\xcb\xef\
$A\x94\x8a\x8f\x09&\x1e=\xd0\x84\x85\xe6u\xe1\xa2\
v[\xf0Ft,\x18\xbd+\x8auI\xe6\x9bO\x5c\
P*e\xca \xf2_\x98/\x95J\xcd\xaf\xbf\x84\x13\
\x86\xd9\x1e\xd1\xc8UfJ\xf4Jptt\x94\xb9\x93\
\xb9\x9dN\xa7\x97\x97\x17\xbe\x02\xa6\xb0s\xa1\x82\xd2\x88\
\xe1\x87\xd5\xb4[\x99||pqq\xe2a|3?\
_\x9a*\x02\xf0\x9eW\x8f\x8f\x1e\xabe\xee\xc8\xd2'\
./H\xd8\x0b\x94\x9a%]\x92X>\x9f_:\xd9\
q]\xf9\x98 m\x82\x06\xe5\x19\xd7W\x96%\xe6\xaf\
cX$W\xb4~j\xb5Z\xd9{s5^\xfe<\
\x816,K+|\xf7\x1d\xe8\xc4\xff\x0a\xce\x9c\xf8\x19\
\x086\xf2\xba\xe3\xdd\xc9T\xd0o\x80\x86\xd5\xb7\xa2\xa7\
,\x8at\xb2\x95\xafGXl\xf9(\x06\xb5`ai\
\x9e\x93\x8a\x0a\x0ba\xb3\xed\x07\x9e\x04|\xf8\x0aw\xd7\
;\x06B\xde\x0b&hX\x07:\xcb\xe2\x22\xe9r\x9d\
\xceX\xe8z\xae+\xacp\x1b(\xdd\x1c\xea\xee\xed5\
\x0ey\xd7\xe0\xc3\xc7nIs\xb6\xd12\xbcO\x7f\xfb\
\xf6\xdb\xaf\xdf\xfa\xf6\x9f\x7f\x05\xa5\xf6\x1c\x87T\x07\xb4\
=<\x80\x9f\xc8\xb7\xcf\xd6B=P\x93\xa3&T\xac\
B\xcb\xeeQ\x14]l\x85\x0f\x9e;K(\xd2\xa1\xf1\
\xfd\xb4\x1fxx\x7f\xfe\xf8\xfb_\xff\xe0\x93/\xbe\x01\
\x95\xd9\x1c\xd1W\x16\xf1\xbeN\x80N<\x0f\xbc\xa95\
\xce\x9e\x97\x9b4\xd5\xf2\x9f\xe5%\xf6\xf8\x03M\x83J\
\x9a\xfcB\xc2\x9a=\x1e3\x22Ez\xb1s\xfai6\
\x93x\x9fa}\xac\xf4\xe7o\xea0\x1b\xb2\xb2\x1cq\
\x0f\xe8\x93Z\x8e\xc5w{\x11\xa5[\xbf\xf3P%\xdf\
Rfgs\xd7r\xf2Y\xa8>P\xb9\xd7\x22\xe9\xd8\
\x83\x0f[ '.\xe5\x8b\x08\xc7\x0d|\xc5\xbf\xd7\xb0\
>\xf9\x01\x0b\xab.eQD\xe7U\x1f\xe8a:\xa6\
\xf2#\xb98Su\x0a\xd6\xcb\x0e\x22?tI\xbbx\
P1\x05%\xa9/\xe1\xc3\xb6%>/=\x9d[Y\
\xd9\xdd\x1d\x9fx\x06\xd0\xc0aAa\x5coY\xa4?\
^\x00=\x92Y\xf9\xf9\xc9\xfe\xcbV\xa8V\x22f\x93\
\x97T\xe7R\xf0\xcbt)\xd5V\xbc\x92\x8c\x96\xcb&\
\xd3u\x1f\xdf\xd8aA\xe0)\x22\xd5{\xd2z}\x1d\
t\x08>E$\x84Z\xc6k:\xe7\x99\xba\x1c( \
\xae\x09\x0f0\xe7\x1a9,\xb0\x8fQ\xbde\x11G\xb6\
\x9d\x87\xda\x15\xd67\x9e\xee\xa7oE\xa1&\xbe\xb4s\
x8\xfc\xf0j\x14\xce5XX\xeaw\x852\x7f\xb6\
\x09\xa9\xde\xb4B\xe9KP3>\x9a\xd4s&\xb7\xfa\
\x0f\x0f\xdb\xdcp\xae\xf1\xc3b\x92\xdb6\xdde\xa1m\
\xfd\x81\x01\xce\x9d\x87u\xda\xe5\x0b\xd5\x099c\xcc\x0e\
\xe7\xce\xc3\xaa\xc4w\xd9\x82T/\xa4\x1dS&8w\
\x1eV\x05\x86\xa9\x19\xa2\xbf,\xe2\x18l5\xc0\xb9_\
nX\xffc\xef\x0c@\x13K\xce8>G\xde\x96m\
\x97}<K\xe1\xd1\xa6\xa0\xb4\x1c\x80\xdc\xd1J\x89\xb6\
\xa0\x94<C\x81\xc4\xab\x87h!Q\x000\x02\xaam\
\x97^\x15\xc0H\x8fD\x1a0\x0a\x08F\xd7\xda\xb6%\
\x16\xd4\xd5\x08gA5\x05\xaa\x1b\xdaMT\xda\x83\x98\
\x18\xd2$k\x12n\x0b\x85\x90\x04\x10\x00\x00\xfa\xcd\x8c\
\x97\xf7\xd6\xe4\xb2\x07\x02Gh\x7f\xb0\xec\xe77\xdf|\
\xf3\xcd\x9b\xff\x9bQI^\xfa\xe8\xb3\xe0\xfe\xf0\x9d\x07\
#lZ_z\xff\x83\xffp\xe8\xff\xfc\x0f\x09K\xc2\
\x1d;\x16\xf0\xf7\xbf\x8e\xf2\xa3\xd9_\xfe\xd3\xdb\x1f>\
A\x9f\x9f\x7f]#\x117\xc7\xb1\xec\x0dy\x82\x0f\xe0\
\x001\x96\xe3\x1e\xb3\x22\xa4\x99F\x128\xcc[\xc3)\
\xc0/\xda\x22\xe2\x80C\x85\xb0<\xcf\xcb{\xbdz\xbd\
\xd5j\xc9\xc1\x87n\x01\xc7\x01t\xb07\x22\xce\xe4u\
7\x8c\xd2\x93\xf3<{\xa3a\xa8\xc8\xb78@|\xf9\
\x85r5\xad\x17\x99\xb6\xc5\xd1\x1d|\xfc\xe3\xaf\x8c\xa2\
\xac\x07\xdf\xfa\xc5_~\x8a\xde\x08\x97X\x0aD\xa3\xe1\
f\xb6\x8a\xc9f\xb3\x9b\xcf.\xe7\x10\x90\x08V3\xe7\
+\xbegHB\xef\xd5\xd5fV\xa5Z\xf1\xf9T\xaa\
\xf3j\xb6y\x14X\xb4\xbe\x04?\xeb\x05\x07\x00\x0d\xbe\
\x18\x90\x0f\xaf\x81w\xe7\x9c:U@&\xdbl\x86\x83\
\xcbN\x0eGo\xf8V\x80\xcc\x1e\x02\xfc\xd9\x15\x0c\xed\
\x09\xff\xf2\xabH\x0a\xb7\xd8\xccf\xab\xe7\x90\xc9\x17+\
\x16=\x87j\xb5\xd9|V^F\xe8\xf2(J\x08\x7f\
\xca1D\xf3\xf3\xb8\x0e\xdf<\x8fD\xfa\x9b\xd1\xa3\xee\
Q7\xd8\x0d\xa6\xd3\x81\xf5\x83y\xaf\xbd\x07\xde\xf6\xce\
r:\x03\xa3\xc6|\xb8\xb6l\xb8\xbbq\xd1B\x00\xeb\
\x5c=\xf2\x1cz<\x9eb1\xb6\x02EG\xd7\x9f\xae\
\xb1\x08h\x19\x0f\x9a8w\x0c\xf0\xadT\xd3\x81`4\
\x9b\xc1e\xad\xc0\x047\x9f=g\xd1\x17\x8a\xd5(\xe5\
\xb8\x87\xee\xe2\xc9\x07\xf8\x17VF8\x0f\xbf\xf6\xeb7\
\xbf\xd5\xb2\x9a\xa7\x19@\xe6R\x03\x8610\x95\x85\x0b\
\x048\x0d\xd8?\x16E\x12.t\x9f`\xa7\xc5\x0c\xb1\
I\xfd\x1836\xc6\xa8\xf0\x22\xf2y\xe8\x08D\x1c\xb6\
J\xf9L}\xe8\xc9<\x07\xef\xea\x04s\x1d\xed\xa2v\
y\x16\xcb\xf3\x90D\xcb\x88fw,\x0cf\xa2\xe0v\
\xa5\x92\xe6mO\xd1\xcb#\x09|@\x8d1G\x18\x82\
\xc6S\xcc\x83n\x97\x10Z\x94\x11\x87-\x0c\xc0\xed\x90\
\xc9\xec\xe3\xcc\x1e\x9cyl\xbb\x8eD.M\xb4\x8a|\
5\x1b\xed\x067\xd3\x81\xd3\x1e\xa4\x8dZHAZ5\
\xa0a0\x05'\x89\xce\xc9\xaekN)\xb19U\xf6\
#`\x9f\xa6\xd1\xa9\xc5\xc9\x90\xa0\x0a\x89\x97\xa9\x17\xd0\
=\xe2\xbb\x1f\xbe\xff`4i}\xf5\xdf\xef|\x13\xdd\
\x09\xe8\x87\xfcM0#\xdf\xe3\x17\xcc`\x8f3\xd3\x0d\
\xd2\xa0#\x0dU\x0e\x89\xd8\x95\xc4WV\xf4\xea=\xbf\
 \xb3\x14l\xe5\x00\xd6\x01\xeb\x03?4d\x17\xdap\
P-(B\x9d6x\xb7d4zV.\xe7\x16i\
O-^\xa4\x96\x9a\xd8\xb2S\x04\xbc0\x91\x17\x96\xa7\
\xed\xc9Vkr&\xe1\xf7\xb3\xc3\xe7R\xbd\xdeS\xa4\
\xe8\x00i\x96\x1f\x1c=\x83\x84\xeb$\x88\x9fT\x94\xd6\
\x88\xb0\x8839\x89D\xf6\xe8\x04\xdd\x89A\xbe\xd6$\
G\x02\x89\xb7+\xaf\xd7\xf9\x0d\x93Np%3$\xc0\
\xa8\x1f\xd4\xdc\xab\xcb_\x99\xc8\xe50\xfc\x03\x01\x8di\
\xd2\xd0\xecA\x87\xc6\x14\x1d\x06\x07\x1d\xd3\xfa]\xb3\xe8\
>\xc1\xfd\xed\xdd\x91\x94\x05_\x98~\xef\xb7\x1fs\x9f\
KX\xed\x90s\xa9@l\xe5\x89DXy\x1e\x89\xac\
R\xa9$\xb1l\x16v\xbd\xbb\xbb\xf3\x9bi\xbc\xa0\xac\
\x8a\xae\xfby\xc3\xbe\xb1\x99\xd9\xae\x08\xb6KQ\x86\xa9\
P\xbc\xe4<b\x1e2\x80i\x0f\x0b\xeb\x8c\xf8'v\
\xc9\xba\xd3\x851\x9d6\xb6\x0e\xa2\xf93\x9b6\xcc\xa3\
\x9b\xb4\xcct\x80\x03D\xb9\x16V\xd5h_\x0e4\x8b\
e\x87vU\x14Ve\xe1\xe6\x04\x85}\xe3\x967\x9d\
\xcd\xab+\xe7m\xbc\xc5\xd2|A\x04\xcc\xbe\xe8\xf4g\
Zr\x0e\x01\xfbS\xe2\x0c\x8f#\xd8~]XAI\
\xd0v\x9d\xa6\xbf\x7f\xc2\x02>\xfa\xd9(o\xb4\xe8c\
\xe9~\xf7}\xee\x8d\xc2R\xba\x5cZ\x13\xbev\xd8\xb6\
#\xa0\xa3\x13\xaf\xde\xa7,?\xa4\xf7s{r>[\
4\xdb\x0a\x16%S\xc0\x87\x1eW\x1d\xf4\xd4G\x0c\x9a\
\x8a'\x1b\xd8\xc2\x0bsB\xd7\x22b\x13\x0a\x06=\xc3\
\xe8k\xb6\xb3\x15\x1c=\x99\xa4\xc2\xda\x10\xc7\x1f\x7f8\
=e)8\xcc\xbe\xee\xc1\x0e\xba\x05\xaa\x98qfc\
XXJ`J\xe78\x8bu\xfd\xa2\xb0l\x0a$\xd2\
)\xd0@\x93\xc5Tp\x9c\xe5\xa3\x81%\xb9\xb8\xc5\x06\
\x91\x14QL\xe56\xdd\xbdn\x08+\x80\x80\x0b*\xac\
\xa2\x1cl\xbf\xf6~\x0a\x0b=\xf9\xc1\xd7\x1f\x8c\xa2,\
\xfc\x14\xb2\x1f\xfd\xea\x97\xdc]\xc2\x02\x98\x829V\xf5\
Q-\xc9\x16\xa9\xb0n\xde\xfdW\xcc8\xf6\xa5\xda!\
\x9f\xda1\xc1`r}\x04\x84i\x92\xc3U\xe3^\xa8\
-\x1f\x0cf\xa4\xd7\x7f\xba0\x05q0\xc2\xd5{u\
\x9e\x1b\x16\xd6\xf3\x02U_\xda~\x5cR\xcc\xb1\xe8v\
\xf8\x18\xadlkXX\x9a#/\xee\xd8z\xcc\x89\xfa\
{\xfdk\x1c\x7f\x8d\xd6\x96_z\x05q\xb8\x00\x80\xcb\
H\x84\xc5\xf1-\x85\xffr\xbf#\x9e\xcc0k\xf1\xc6\
08%\xc2Z'\xc2\xa2\xea\x8b\xf1`\xf7\x85{*\
,\xf4\xe8'\xf0\x8d\xd6\xa8\xd2\xfa\xf3\xcfAZw\xee\
X\xa7\xf2\xc7/\xe7\xb6\xe9\x8a\x9fJ\x84%\xc4\x91\xc8\
\x01]\x8e\xca\x0c\xe2\xd9gJ\xc9\xee\xd0\x1d>\xa9$\
\xd7?\xd9\xd9\xef\x0a\x13\xcc8c\x8a\x19\xeb\xf4\x5c\xa3\
\xc3,#\xc0Z\x13\xdf|}6\x5c\x86V\xb9$\x11\
\x96\xb8\xb8\x14QX5i\xb2P\x8ev]DR\x9a\
\x12a\x19cf[\xcd\xa4?@\x92\x93m\x06\xec%\
\xe5\xb0\xb0\xc6\x19/\xfd\xc0A\x1aT,\xd8\xb3\xb6{\
*,\xe0\x9d\xdf\xc3CCF\x94\xd6o\xa8\xb4n\x15\
\x16\xc6\xb2CV|\x8c\xc1\x5cQa\xd1\x86\xccQ0\
\x88?L\xad;\x11\xf2\xd2]\xaa\x10X\xdf\x0cz\xa8\
\x0dK\x00\xa4\x19B\xd1n\xb7/\x9d4\x8c\xfb\xc7\xb3\
\xe2\x07\xbe(B\xac?\x90\xc3\xe1\x91\xfc\xd39\x84\xea\
\xdb\xc4O\xb7\x9f\xbe@\x879\x80\xae\xd0\xf3\xe9\x85\x93\
E\xb7\x10f0\xfa\x86(,\x19\xf1\x08\xddt`~\
w\xcb\xde\xd8\x0fQaa,\x81\xd5E\xfb\x12N\x06\
\xce5\x07\xf1)\xf30\x87\x03\xef\xc6\xe9\x96\x11\x9f`\
A\x86\xb0\xbd\x01x$\xe5\x94\xb4\x0c\xc6\x10\x5c_\xf7\
V\xe9\x10\x85\xce@X\x98\x0d\xf1\x83\xe6X\x86\x03\xbb\
]\xc6\xf6\xfd\x14\x16z\xf2\x8d\x1f>\x18]Z\xef\xfe\
\xf1\xdb\xb7H\xab\x94\xca9\xdcn\x87\xda\x0a\xf6\x9cJ\
\x83m\xc7)\x02\xfc\xa9\x9a\x06\xa8i\x07\x08O\x11\x0a\
\xedV\xe1\xe6\xd6\x19L\x96\x88\xc5d\xd0i5\x82#\
\xd6F\xc02\xee\x97\xd3\x08n\x9b\xcbU\xa9\xa4Rg\
\xfbX\xb3\x15\x01\xdcn;\x02\xb8Nz;\xe5\xae\xe9\
l\xf3-\xf48\xaa\xc5\x89\x05\x1c\x83f\x8b\x0e\xb7C\
\xd0h\x04\xdb\xa0kx\x0e\xddB:b\xd0\x15\xb4\x0e\
,\x7fJ\xc3\xe6\xc6\xa5\x0a5@\xab\xad\xd5\x1cFp\
\xca\xab\x90\x19\xa8\xd549\x8d&\x97s\x9c \xb4p\
H}Z\xa8\x16\xca\xb1\xb9\xcf\xdb\xb8\xb6\xae9g\x88\
\xe8\xe1\x1d\xda\xb4>b*8\xca\xf9M?\x02\xea\x8b\
*\xb3 \x93\xe1\xbb\xe0\x93\x09\xf8?\x92R=\xab#\
\xe0\xc2\xe5\x06\xe8d\xfc\x9er2\x99L\xadsX\xcb\
M<u\xc1\xb3\x80\xee#\x8f\xe0i\x88\xa0\xacQ\x0f\
\xc4\xb7\xff\xf9\xd1#4\x84\xbc\xdf_K$\x12\xb3,\
\xd8\x9c\x02l\xa0E\x1b\xac\xaf\xf1^\x0f\x01lKa\
\xed\xec\xbdx\xf1\xe2r\xcf\xd9\xf1[\xe3\x89\x19\xfa\xf5\
!\xf4Z\x0bYC\xf1x\x82\x82\x83\xe5\xf4\x156\x01\
\xae\xdeNXK\xa5\x04\x8b^\xceJ\x13\xce@H\xdc\
j\xed\xc7ah`m\x86C\xb7`\xdd\xd9\xeb\x94\xfc\
\xd6\x9ex\xea)Ht\xbc\x1f\xb2\xfa\xfd\xcf;\xceN\
\x9dL\xc0J\xf0\x03\xa5\x81\x93\x85\xe4\x14\x98\x1c\x86\x0e\
\xc0\xb5B{\x17\x8d\x13\xd8`\x8d\xc7{\xa5x\x9b\xe7\
\x10\x85ouV\xaf9=Y\xe0\xa5\xe3)\xea\xf4\x22\
\xb41=\xdc\x85k\x932`Z\xf7\x93\xff\xb2w\x07\
\x9cmuq\x1c\xc7\x8f\x87s\x8e\xdf\xbd\x10ITR\
\xa7xn\xd2\xb4\xd16\x8d\xa5\xe86\x92B\xaa\x85\xe8\
\x84\xaeP\xd1\xa1\x1dt\xbd\xcbJ\x9b\xa2I\x91\xca \
\x19\x05\xa6M7Z\x00\x15\xe9\xc0\xb6\x14\x96\x02\xb3\xb5\
\xc0\x00\x18\xb5\xa1\xafa\x0d\x16\xd6\xa9\xac\xcd\x0d\xe4\xfe\
?\xaf\xe1\xeb\xc0\x8f\xff\xf1\x1d\xbby\xfbi\xc9\xc8\xc2\
\xfb\x9a\x83\x11\xd2\x14\x8eO\x02\xb2M\x80\xf0o\xed\xfe\
XfM\x84\x8c}\x9e\xe2\x90\xed\x02\x87\xb3\x9c\xf1)\
v\x07\x0e\x07#](<[\x95\x90m\x03\x84g\xfa\
\xa2>\xc7\xae\xfcw\x9b\xac\xc6?\xf5\xb0\xaeD|\xf3\
1\x0e\xd9>p\xe1~\xdaw\x14R\x8d\xb6\x1aXK\
\xfaDo:\xea`\xdd\x89\xe8\xf9C\xc3\x92\xb4\x5c\x10\
\xf2A\xb5\x94]\x5c\x0d6ji\x11W\xb8rVz\
\xe4\x7f\xa3X\xd7\x22f\xae\x1f\x90V\x00\x84\x90\xee\xfe\
\xa5\xdd\xe8pHg7R\xb5\xc5\xbdr\xd2\xc3\xe5\x93\
0\xebb\xc41\xb63# \xad\x01p\xc1\x8d\x99j\
\xe2\xfeY\xbe2\xf8\xf8\xfaw\xbf\xca<}\xb50\xe2\
\x95\x00\xb4\xe2 \xebnD\x1f(\xba\x05\xa4U\x5c\x80\
\x10B\x9b\xda\x98L\x17/{W\xcefS\x9b\xf5|\
}3\x15]\xcb}\xd8\x8ai\x1c\x80\x84\xff2\xc4\xba\
\x1eYN\x1d\x06\x04\xa4\x95\x00pq\x05\x9a'\xe0o\
\x08\x18\xdaA\xf3\xa0\x8c3\xbb\xcc\x88\x1d\xcc\xc5O\x0c\
\x0ei=\x17\x9a\xe0j^\x1bI)Fl\x22\x94y\
k\x08\xc8\xce\x83g\xe9;#6R\xcb\x9c\x04:\x9e\
\x16\x10\xeb5\x19\xb1\x173~8%\xe0\x92\x9d\x03\xf9\
r_g\xc4v\xceS\xdbNpt\xee\xb9z1\xce\
\x88-\x85\x8fv\xa65\x01i=\xc0\x93\xde\xd4\x19\xb1\
+\xf55\x97\xf6\x0a\x0ei)\x17\xe4\xe8\x8a\xc9\x88\xad\
\x9d\xd7/F=\x02\x90V\x01\x90\x9c\x1f\xa2\xd1\x99(\
\xdfZ\x22\xa9Y\xd4\x16\x80\x8d\x8b\x82b\x84\x5c\x09N\
</oX\xd0\x16\xb8|\xb8S\xd0\x19!\xbf\x85\x87\
s\x89\x88!8\xd0\xc6,\xed\xdf\xfaXQ\x8c\x90?\
\x04\xc7\xe2\xc7U\xaf\xbcS\x5c\x80\xd0\x22\xa5h\xcd\xc1\
\x08\xf9\x9b\xaa\x0dd\x8b\xa3\xee\xdb\xc5\x05p\xf1:\xf9\
\xec\xdd\x90\xce\x08\xb9\x91\xbe\x9a\xcf\x96\xd6\x9d\x1e.8\
\x80\x96\xc33\x17\xd2;\xb9\xf0\xad\x12f\x84\xb4\xa2\xcc\
\xc2\xecnbd\xc6\x7f \x04\xc7M\x84\x80\xe1\xacn\
g\x17\xef)F\xc8\xbf\xd2k\x13\xfb+\x97\xe5\xf5\x88\
\xd7\x90\xb8N\x06b\xff\x9f\x94\xbeD\x0b\xa6b\x84\xdc\
\x9a#h\xfe<\x8a\xe6\xf6\xae\xe9\xcb\xec\x9f\xfaz\xa8\
\xa9_\xed\xc1\x01\x09\x00\x00\x00\x80\xa0\xff\xaf\xdb\x11\xa8\
{\x00\x00\x00\x00\x00\x00\x00\x00\x00\x00\x00\x00\x00\x00\x00\
\x00\x00\x00\x00\x00\x00\x00\x00\x00\x00\x00\x00\x00\x00\x00\x00\
\x00\x00\x00\x00\x00\x00\x00\x00\x00\x00\x00\x00\x00\x00\x00\x00\
\x00\x00\x00\x00\x00\x00\x00\x00\x00\x00\x00\x00\x00\x00\x00\x00\
\x00\x00\x00\x00\x00\x00\x00\x00\x00\x00\x00\x00\x00\x00\x00\x00\
\x00\x00\x00\x00\x00\x00\x00\x00\x00\x00\x00\x00\x00\x00\x00\x00\
\x00\x00\x00\x00\x00\x00\x00\x00\x00\x00\x00\x00\x00\x04\x95;\
\xe1\xfe\xead\xf8\x02\x00\x00\x00\x00IEND\xaeB\
`\x82\
\x00\x00\xf9\x14\
\x89\
PNG\x0d\x0a\x1a\x0a\x00\x00\x00\x0dIHDR\x00\
\x00\x02\xe9\x00\x00\x01\xd6\x08\x06\x00\x00\x00\xca\x00\x17\xee\
\x00\x00\x00\x09pHYs\x00\x00\x0e\xc4\x00\x00\x0e\xc4\
\x01\x95+\x0e\x1b\x00\x00 \x00IDATx\x9c\xec\
\xddW\x93\x1cYz\xe6\xf9\xbf\x8b\xd0\x91:\x81\x84.\
\x94\xee\xae\xeej\xc9&9;K\x8e\xe4\x0a\xb3]\xdb\
\xb5\xdd/9\x17\xbbw\xb3f\xb3#\x8c\xe4\xce\xf4\x90\
C\xb2\xd9\xdd\xd5\xa5\x0b\x1a\xa9E\xe8p\xed~\xf6\xe2\
\xb8GFB\xa3\x0aU\x08\xa0\x9e\x9fY\x02\x89D\x0a\
\xcf\x88\x8c\x8c\xc7_\x7f\xcf{\x1cc\x8cADDD\
DD\x16\x86\xfb\xb2\x0f@DDDDD\xceRH\
\x17\x11\x11\x11\x11Y0\x0a\xe9\x22\x22\x22\x22\x22\x0bF\
!]DDDDd\xc1(\xa4\x8b\x88\x88\x88\x88,\
\x18\x85t\x11\x11\x11\x11\x91\x05\xa3\x90.\x22\x22\x22\x22\
\xb2`\x14\xd2EDDDD\x16\x8cB\xba\x88\x88\x88\
\x88\xc8\x82QH\x17\x11\x11\x11\x11Y0\x0a\xe9\x22\x22\
\x22\x22\x22\x0bF!]DDDDd\xc1(\xa4\x8b\
\x88\x88\x88\x88,\x18\x85t\x11\x11\x11\x11\x91\x05\xa3\x90\
.\x22\x22\x22\x22\xb2`\x14\xd2EDDDD\x16\x8c\
B\xba\x88\x88\x88\x88\xc8\x82QH\x17\x11\x11\x11\x11Y\
0\x0a\xe9\x22\x22\x22\x22\x22\x0bF!]DDDD\
d\xc1(\xa4\x8b\x88\x88\x88\x88,\x18\x85t\x11\x11\x11\
\x11\x91\x05\xa3\x90.\x22\x22\x22\x22\xb2`\x14\xd2ED\
DDD\x16\x8cB\xba\x88\x88\x88\x88\xc8\x82QH\x17\
\x11\x11\x11\x11Y0\x0a\xe9\x22\x22\x22\x22\x22\x0bF!\
]DDDDd\xc1(\xa4\x8b\x88\x88\x88\x88,\x18\
\x85t\x11\x11\x11\x11\x91\x05\xa3\x90.\x22\x22\x22\x22\xb2\
`\x14\xd2EDDDD\x16\x8cB\xba\x88\x88\x88\x88\
\xc8\x82QH\x17\x11\x11\x11\x11Y0\x0a\xe9\x22\x22\x22\
\x22\x22\x0bF!]DDDDd\xc1(\xa4\x8b\x88\
\x88\x88\x88,\x18\x85t\x11\x11\x11\x11\x91\x05\xa3\x90.\
\x22\x22\x22\x22\xb2`\x14\xd2EDDDD\x16\x8cB\
\xba\x88\x88\x88\x88\xc8\x82QH\x17\x11\x11\x11\x11Y0\
\x0a\xe9\x22\x22\x22\x22\x22\x0bF!]DDDDd\
\xc1(\xa4\x8b\x88\x88\x88\x88,\x18\x85t\x11\x11\x11\x11\
\x91\x05\xa3\x90.\x22\x22\x22\x22\xb2`\x14\xd2EDD\
DD\x16\x8cB\xba\x88\x88\x88\x88\xc8\x82QH\x17\x11\
\x11\x11\x11Y0\x0a\xe9\x22\x22\x22\x22\x22\x0bF!]\
DDDDd\xc1(\xa4\x8b\x88\x88\x88\x88,\x18\x85\
t\x11\x11\x11\x11\x91\x05\xa3\x90.\x22\x22\x22\x22\xb2`\
\x14\xd2EDDDD\x16\x8cB\xba\x88\x88\x88\x88\xc8\
\x82QH\x17\x11\x11\x11\x11Y0\x0a\xe9\x22\x22\x22\x22\
\x22\x0bF!]DDDDd\xc1(\xa4\x8b\x88\x88\
\x88\x88,\x18\x85t\x11\x11\x11\x11\x91\x05\xa3\x90.\x22\
\x22\x22\x22\xb2`\x14\xd2EDDDD\x16\x8cB\xba\
\x88\x88\x88\x88\xc8\x82QH\x17\x11\x11\x11\x11Y0\x0a\
\xe9\x22\x22\x22\x22\x22\x0bF!]DDDDd\xc1\
(\xa4\x8b\x88\x88\x88\x88,\x18\x85t\x11\x11\x11\x11\x91\
\x05\xa3\x90.\x22\x22\x22\x22\xb2`\x14\xd2EDDD\
D\x16\x8cB\xba\x88\x88\x88\x88\xc8\x82QH\x17\x11\x11\
\x11\x11Y0\x0a\xe9\x22\x22\x22\x22\x22\x0bF!]D\
DDDd\xc1(\xa4\x8b\x88\x88\x88\x88,\x18\x85t\
\x11\x11\x11\x11\x91\x05\xa3\x90.\x22\x22\x22\x22\xb2`\x14\
\xd2EDDDD\x16\x8cB\xba\x88\x88\x88\x88\xc8\x82\
QH\x17\x11\x11\x11\x11Y0\x0a\xe9\x22\x22\x22\x22\x22\
\x0bF!]DDDDd\xc1(\xa4\x8b\x88\x88\x88\
\x88,\x18\x85t\x11\x11\x11\x11\x91\x05\xa3\x90.\x22\x22\
\x22\x22\xb2`\x14\xd2EDDDD\x16\x8cB\xba\x88\
\x88\x88\x88\xc8\x82QH\x17\x11\x11\x11\x11Y0\x0a\xe9\
\x22\x22\x22\x22\x22\x0bF!]DDDDd\xc1(\
\xa4\x8b\x88\x88\x88\x88,\x18\x85t\x11\x11\x11\x11\x91\x05\
\xa3\x90.\x22\x22\x22\x22\xb2`\x14\xd2EDDDD\
\x16\x8cB\xba\x88\x88\x88\x88\xc8\x82QH\x17\x11\x11\x11\
\x11Y0\x0a\xe9\x22\x22\x22\x22\x22\x0bF!]DD\
DDd\xc1(\xa4\x8b\x88\x88\x88\x88,\x18\x85t\x11\
\x11\x11\x11\x91\x05\xa3\x90.\x22\x22\x22\x22\xb2`\x14\xd2\
EDDDD\x16\x8cB\xba\x88\x88\x88\x88\xc8\x82Q\
H\x17\x11\x11\x11\x11Y0\x0a\xe9\x22\x22\x22\x22\x22\x0b\
F!]DDDDd\xc1(\xa4\x8b\x88\x88\x88\x88\
,\x18\x85t\x11\x11\x11\x11\x91\x05\xa3\x90.\x22\x22\x22\
\x22\xb2`\x14\xd2EDDDD\x16\x8cB\xba\x88\x88\
\x88\x88\xc8\x82\xf1_\xf6\x01\xc8b3\xc6`\x0c\xa4y\
A\x9a\x15\xa4yAV\xbe\xe4\x85\xb1\xaf\x17\x86<7\
dEq\xfawa\xc8rc?./(\x0aCa\
\x0c\x06\xc0\x80\xa1|1f\xf6\xb5\x1c\x1c\x1c\xc7\xbe\xee\
:\x0e\xae\xeb\xe2{\x0e\xbe\xef\xe0\xbb.\xbe\xeb\xe29\
\x0e\xae\xeb\xe0U/\x9eC\xdds\xa9\xf9.\x8d\x9aG\
\xc3w\xa9\xfb\x1e\xbeg\xff\xdf\xa9>\xa1\x88\x88\x88\xc8\
+D!\xfd{\xc2\x94\xe9\xb806\x18\x17e\xf8\xae\
B\xb8\xfd\xb7\xfd\xff*P\x17\xc6\x86\xef\xbc0\x84I\
F\x94d\x84IN\x9c\xe6$YA\x9ce$iN\
\x92\x19\x92\xac(_/H\xf2\x82$+\xdf'\xcd\x89\
\xd2\xbc\x0c\xee\x9c\x06\xf4\xd9\xd7<=F\xc7\x01\xc7\xb1\
\xc1\xdau\x1c|\xcf\xa3^s\xed\x8b\xefR\xf7<j\
\x9e\x0d\xeb5\xdf\xa5\xe6;\xd4}\x97V\xdd\xa3]\xf7\
\xe96kt\x9a>\x9d\x86O\xa3f?\xd6-?\x97\
\xe3\x80\xe7:e\xf8/\xff.\xdf\xe6\x94\xaf\xdbcP\
\xa8\x17\x11\x11\x91\x97O!\xfd{\xc4\x18fa\xdb\xbe\
\xe4\xc4IN\x9c\xd9\x970\xce\x08\xe2\x8ci\x942-\
_\x9f\x7f\x89\x92\x8c8;\xad\xa8'YA\x9a\xe7\xb6\
b\x9e\x9dV\xcd\xd3\xb2\x8a\x9e\x97\x15\xf5\xbc0\xb3`\
>+\x95\x97a\xfd\xd4i8\xae\x82\xbaC\x19\xa8\xab\
\x17\x07<\xd7\xc5\xf7\x5c\x1b\xd6\xcb\x97f\xcd\xa3Qw\
i\xd7}\xda\x0d\x9fV\xdd\xa3U\xb7\x7f7\xcb\x97N\
\xc3\xa7\xdb\xf4Yn\xd5\xe9\x96A\xbez[\xbb\xe1\xd1\
\xaa{\xb8\x0a\xe8\x22\x22\x22\xb2 \x14\xd2_\x03U5\
<+N[Qf\xad&YN\x9a\xd9@\x9dd9\
\xa3 a\x12\xa5L\xc3\x84iT\x06\xf0\xa4\x0c\xe7e\
@\x9f\x84\xa9}\x9fYX\xcf\x89\x92\x8c$+\xdbX\
\xaa\x0a\xbb\xb1A\xbc( /\x98\x05\xf2\xbc\xac\xc8\x9b\
Y\x0c\x9f\x95\xa9\xedk\xb3,\xec<\xf0\xf7\xfc\xdbO\
\xff\xcf\xcc\xfd\xb7\xad\x80\xbbx\x9em\x87\xf1\x5c\xa7\x0c\
\xed\x0eu\xdf\xb3\x15\xf7\x9aK\xc3\xf7h\xd4<Z\x0d\
\x9fv\xdd\xa3\xd3\xf2Yj\xd5Xk\xd7Yi\xd5Y\
n\xfb\xac\xb6\xeb\xacv\xea\xac\xb4k,5}\xeae\
\xbbL\xc3\xf7N\xab\xf7\xbe=!p\x1c\x14\xe2ED\
D\xe4;\xe3\x98\xf9\xa6`y%\xe5EA\x91\x1b\xc6\
Q\xc28L\x98\x84)\xa3 a0M\xe8O\x22\xfa\
\xe3\x88\xfe$f8\x8d\x19\x866\xa4\x07e@\x0f\xe3\
\x9c0\xb1-)i\x9e\x93e\xb6\xc7<\xcb\x8d\xed5\
/\xec\xdf\xd5\x8f\x89c{R\xec\x17\x9e\xfd\xe5\xcc\xff\
\xe34\x8c3\xf7\xfaC\x01\xd7y\xe8\xcf\x8aq\x1e\x08\
\xe9\xd5\xdb1\xcc\x02|\x95\xf6\x1dg\xf6?\xf3\xe7\x04\
\x0e\x0e\x8e\xeb\xd8\xca{\xd9\xbb\xee{6\x80\xb7\xea\x1e\
\x9d\x86\xc7r\xab\xcer\xbb\xc6r\xab\xc6r\xbb\xc6j\
\xbb\xcez\xa7\xce\xf9\x95&\xe7\x96\x1a\x9c[\xae\xb3\xde\
m\xb0\xda\xa9\xcd*\xf7\x22\x22\x22\x22\xdf\x05\x85\xf4\x05\
WU\xc9m\x8f\xb7\xed\x07\x8f\x92\xbc\xec\x0f\xcf\x88\x93\
\x9c0\xc9\x08\xe3\x8c\xc14f\x18\xc4\x0c\xa61\xa3 \
f8M\x19\x051\xa3 \xb1\x15\xf40%,\xfb\xc6\
\xd3l~!\xa8!-\x83\xb8\x99oC1\x94U\xec\
2J\x97\xfd\xdc\x8es\xba\xc0s\xbe5\x05g\xfe\xdf\
\xcc\x82\xf4\xfc\xeb\xa7\x1e\x1d\xda\xcbO:{\x9b\x99\xfb\
\xb7)\x0f\xc8T\xffW~\xce\xaa\x9f\xde\xf6\xb9\xcf-\
J\xa5\x8a\xf4\xceipw\x98\xb5\xcb4j\xb6\x15\xa6\
\xe1\xbb4\xeb\x1e\xddf\x8d\x95V\x8d\xf5n\x83\x8d\xa5\
:\xe7\x96\xea\x9c+\x03\xfbR\xcbV\xdb\xab\x9e\xf7N\
\xd5JS\xf3\xbe\xfe\x9d+\x22\x22\x22\xf2\x18\x0a\xe9\x0b\
\xaeZ\xc49\x9c\xda\xf0\xdd\x1fG\x9c\x8cB\x0e\x87\x01\
\xc7\xc3\x90\x93aDo\x12\xd1\x1bG\x0c\x83d\x16\xd4\
'QJ\x94\xd8~\xf1\xc2\x14\xe5\x02Pp\xaa\x85\x92\
n\xb5\xa0r\xfe\xa5\x0a\xb4NU\x10?[9\x07\x98\
\x9b\xc0r\xa6\xa2\xcd\x83o{\x80\xf3\xfc\x01\xfd\xf1\x1f\
\xe7\xcc*\xf6\x0f2s\xff??I\xe6\xecD\x19f\
\x81~\xd6\x9ac\x98M\x8d\xf1=\x97N\xddc\xa9U\
cs\xb9\xc1\xf9\xe5\x06\x17V\x9a\x5cZkqy\xa3\
\xcd\x95\xb5\x16W\xd6\x9al.5X_j<\xe2\x9b\
\x15\x11\x11\x11\xf9f\x14\xd2\x17@\x15\xc4\xc38#\x8c\
S\xa6q\xca4L\x19\x85\x09\xe3\xc0\xb6\xb0\x9c\x8cB\
\x8eG!\xfdq\xcc`\x121\x0c\x13\xc6a\xca$L\
\x08\x22;u\xa5\x9a\xa8\x92\xe69in(\x0a\xf3\xd0\
\xe2\xcc3\x81\xbc\x0a\xe3\xae;\x9bj2\xfbs\x96\xbf\
\x1f1\xc6\xf0\x91\xff~\xca\xfb<\xf2mO\x08\xee\xf3\
a\xfdq\x1f\xf7\xd0\x09\xc4)\xf3\x98\x05\xaa\x0f\x06u\
CY}\xaf\x1a\xdf\xcb\xbf\xfc\xb2=\xa6Y\xf3h\xd6\
\x5c\x96\x9a>\xcb\xad\x1ak\xdd:\xe7\x96\x1a\x5cXi\
pi\xb5\xc5\xa5\xf5\x16\xeb\xdd:\x1b\x9d\x06+\x9d\x1a\
\xdd\xa6O\xb3\xe6\xe1\xb9\x8f>.\x11\x11\x11\x91g\xa1\
\x90\xfe\x1d\xa9n\xe6j6xQ\x9c\x8e>\xb4\xad'\
9\xbd\xb2J~<\x0a8\xe8\x07\xec\xf5&\x1c\xf4\xa7\
\x1c\x0c\x02\x8e\x86!G\xc3\x90\xe14a\x1a\xa6\xa4E\
\xd9;^\x14\xb6'\xc5\x80\xef\xdb\x05\x95\xbe\xeb\xe2y\
\xee\x5c{\x0ae\xd5\xdce\xbe\xc7\xfb\x8c'\x05\xe8W\
0\xa4?\xb1r\xef\x9c\xfd\xde\xaa\x0e\xfa\xd9hHN\
\x17\xc1\xda\xc5\xb76\xda;\x0e\xd4<\x97N\xc3c\xad\
S\xe7\xcaz\x8bk\x9bm\xde9\xbf\xc4\xdb[]\xde\
\xd8lsa\xb5\xc9j\xa7N\xb3\xe6\x9e\x19\xf9(\x22\
\x22\x22\xf2<\x14\xd2\xbf#U0\x9f\xc6)\xe3 a\
0\x89\x18L\xec\x82\xce\xea\xf5\xa3a\xc8\xf10\xb4\xff\
\x9e\xc6\x0c\x83\x84Id+\xe5\xd5l\xf2\xb4\xdcD\x08\
\xc0\xcc\xf7Z\xc3\xac}\xa5\xea\x1b?\xbb\xbe\xb2Zp\
\xf9\x88@\x0d\xdf\xeb\x90>\xff>\xb3E\xaa\xb3y\xf2\
\x943\xe3\xed\xff\x1aC\xd9\x12\xe3\xd8\xf9\xec\x0d\x9f\x8d\
\xb2\xba~q\xb5i\xab\xebk-\xael\xb4\xb8\xb6\xd1\
\xe2\xdcr\x93\xf5\xaeZbDDD\xe4\xf9(\xa4\xbf\
`\xf3\x9b\x03U#\x10\x93,')\x17x\x9e\x8cB\
\x8e\x86\x01\xfb\xbd\xa9\xad\x92\xf7\xa7\x1c\x8fBz\xe3\x90\
\xde(b0I\x98\xc6\x09a\x92\x91f\x85\xed\x99.\
L9n\xd0\xc5q\xcb\xd1\x83sa\xbc\x0a\xe7g<\
\xf4\xef\xea\x8f\xc7\x04[\x85\xf4\xc7\xbfO\xb9Sja\
\xca\x11\x93\x05d\x85\xbd_rc\xa8\xfb\xb6-f\xad\
\xedsn\xa9\xc1\xa5\xb5&\xeflu\xf9\xc1\xa5%\xde\
\xda\xearm\xb3K\xbb\xee\xd1*7X\xf2\xcb\xca\xba\
6N\x12\x11\x11\x91\xc7QH\x7f\xc1\x0ac\xc8\xb2\x9c\
 \xce\xe8O\x22\x8e\x87\x01\xfb\xfd)\xfb'\x13\xf6N\
&\xec\x9eL8\x1c\x04\x0c\xa6\x11\xa3\xc0\xce*\x8f\xd3\
\xd3\x19\xe4yq\xba\xf3\xe7\x99\xbep\xaa\xea\xf8\xfc\x02\
Of\xad\x1a\x0a\xe9O\xfaZ/&\xa4\x97\xaf\xceZ\
\x96f\xafc\x9b\x88\x5cl\x95\xbd\xee;\xac\xb4\xedt\
\x98\xb7\xb7\x96x\xf7\xe2\x12\xef]\xb0-1\x97\xd7[\
,5\xfd\xd9N\xa7\x22\x22\x22\x22\x8f\xa2\x90\xfe\x0d\x14\
e\xa8\x8eS\xbb\xe03\x88R\x828e8\x8d\xe9\x8d\
#\x0e\xfbS\xf6zSv{c\x0e\xca\xca\xf9\xc9(\
b\x18\xc4\xc4in[W\xf22\x00:v7Mo\
\xbe:\xee\x9e\x06rg>\x08?1\xec\xf2\xe8\xf7Q\
H\x7f\xf4\xff=KH\x7f\x8c\xea\x91S\x94W;\xaa\
\x1dV\x8b\xa2\xc0s\x1dj\xbe\xcbV9\x15\xe6\xbd\x0b\
K\xbcw\xb1\x0c\xeak-6\x96\xec\xfc\xf5\xa5f\xed\
\xa9_GDDD\xbe\x7f\x14\xd2\xbf\x814+\x88\x93\
\x8c\xa3\xc1\x94\xbd\xde\x84\x9d\xa3\x11\xdb\xc7#\xb6\x8f&\
\xec\x9cL\xd8\xefM8\x19\x87\xf4'\x11qb{\xca\
\x01p(G \x96-,\x8e\x83\xe3\x9eV\xc5gf\
\xc1\x1a\x85\xf4G}\xdc\x82\x84\xf4j)\xae)+\xee\
\xc6Pn\x02U\xcc\xdeg\xa5]\xe3\xfcr\x83\xb7\xcf\
w\xf8\xe0\xca\x0a?{c\x95\x0f\xaf\xae\xf2\xd6V\xf7\
\xa9_GDDD\xbe\x7f\xfc\x97}\x00\xaf\x8a,/\
H\xb2\x9c\xf14f4\x8d\xcb\x9d<m\x1f\xf9A\x7f\
\xc2^o\xc2a\x7f\xca\xd1 \xa0W.\xfc\x1c\x07)\
Q\x92\x12gy\x19\xd6\x9c\xd9,\xee\xf9\xbe\xf2\xaa\x85\
\xc5zT\xb8\x96Et\xe6>3\x86\xb3\x9b8\xd9W\
\xd2\xdc^m\x19\x06)q\x9a3\x892\x8e\xc7\x09;\
'\x01\xdb'\x01\x1f\x5cY\xe1\xcaz\x9b\xf3+\x0d\xda\
u\x9f\x9a\xaf]MEDDD\x95\xf4g\x16%\x19\
\xa3 \xe6\xde\xfe\x90\xdb{}\xbe\xdc\xe9q{\xaf\xcf\
\xdd\x83!G\x83\x80\x93Q\xc84J\x09\x93\x1c\xb09\
\xcd-G!\xfa\x9e\x83\xe7\xb9\xb8\xae[\xee\xc1\xf3`\
E\xdc9\x13\xec\xce8\xf3vU\xd2\xcf\xbc\xefK\xae\
\xa4\x9f\xf1\x98\x87\x91\xc1\xb6\xc2\xa4\xb9\x1d\xb5\x99d\xb6\
\x15\xa6Us\xf9\xe0\xca2?\xbb\xb6\xca?\xfb\xe0<\
\xbfxs\x8d\xad\xd5\x16\x9d\x86\xce\x9bEDDD\x95\
\xf4\x87T\xe7,q\x9as2\x0c8\x1e\x06\xb3v\x96\
{\x87Cv\x8e\xc6\xb6\x8de\x142\x9c\xc6L\xa3\x84\
\xa8leq]\x97V}\xae=\xc5qp\xcb\xd6\x96\
Y\x95U\xbew\x1c\xc7\xc1w\xc1\xady\xd4<\x170\
\xe0\xc0v/d\x1ag\x1c\x8ec>\xba?\xe0\xc7W\
Vy\xf7\xe2\x12o\x9e\xeb\xd0i\xa8\xaa.\x22\x22\xf2\
}\xa6\x90\x0e\xb3E\x7fi^\x90\xa6vd\xe2p\x12\
q{\xaf\xcf\xad\xbd>\xb7v\x07\xdc\xda\xebsc\xa7\
\xc7\xd10`4\x8d\xc9\xf2\x02p\xcaJ\xb9\x8b\xe7y\
\xb8\x8eC\xad\xe6q:\x97|\x8e\x12\xfa\xf7\x92]\xf4\
\x0b\xaew\xfa\x03P\x94\xfd\xea\xc7\xe3\x98\xdd~\xc8\xbd\
\x93\x80\xcfvGl\x9f\x84\xf4&1\x8e\x81\x8b\xeb-\
\xd6:u\xbc\xb2=JDDD\xbe_\xd4\xee\x02\x04\
Q\xc2h\x1a\xb3s<b\xfbp\xc4\xf6\xd1\x88\xed\xa3\
!\xf7\x0eF\xec\xf5&\x1c\x0f\x03\xc6\xe5\xc6BEa\
(\xca\xfec\xd7qO\xab\xe4\x8e[vH8\xcf\x10\
\xd2\xd5\xee\xf2\xd0\xd7xM\xdb]\x1e\xfd\xae\xf6}\xab\
i0\x06\xa8y\x0e+\xad\x1a\xd77;\xfc\xe4\xda\x0a\
\xbfzg\x83?}w\x93\xb5N\x9d\xe5\x96&\xc0\x88\
\x88\x88|\xdf|\xef*\xe9yn+\xe6\xd5\xc8\xc4i\
\x94p2\x0c\xd8\xef\x8d\xb9\xbd\xd7\xe7\xe6n\x9f\xfb\x07\
Cv\x8e\xc7\x9c\x8cBF\xd3x\xd6g\xee\xba\x0e5\
\xdf++\xe7\xee\xe9&B\x8f\x0a\xa9\x22\x8fa[\x9f\
\x0c\xae\xe7\xe2\xb9\x86$+\x98F9\x83iJ\x7f\x1c\
s4\x08\x19\x07\x09i\x96\xf3\xde\xc5e\xde<\xdfe\
\xa9U\xa3Y\xf3^\xf6\xa1\x8b\x88\x88\xc8w\xe4{W\
I\x0f\xe2\x94\xd14\xe6\xee~\x9f;{}n\xee\xf6\
\xb8\xbd7\xe0\xce~\x9f\xe3aH\x7f\x1c\xda\x19\xe6Y\
^n\x05_\xb6,\x94\x13Y\xce\xcc-\x9fM\xf3x\
\x86J\xb2*\xe9\xdf\xcbJ\xfaC\x9fe\xf6\x063\xdb\
\x10)\xcf\x0dYnH\xf2\x02\x93\x17x\x85as\xa9\
\xce\xa5\xd5&\xff\xf2\xa7\x17\xf9\xb3\x1fm\xf1\xe3\xab\xab\
\x5c\x5ck=\xdf1\x89\x88\x88\xc8+\xeb\xb5\xaf\xa4\xa7\
YN\x18\xa7\x0c'\x11\xbdq\xc8~9\xcf\xfc\xd6n\
\x9f{\x07\x03\xb6\x8fF\x1c\x0d\xa7\xf4F!Qb\xc3\
y5\x12\xb1\xda\x5c\xc8-g\x99\xbb\xae\x16\xf2\xc9c\
8\xce\x03A\xbd\x9a\x9d~\xfa/c\xa0\xc0\x06sL\
Aa(\xdb\xa7\xec\x5cu\x1b\xd6\x0b\xb2\xb4 >\x09\
\xe8\x0dB<\xc7a<M\x19M\x13~r}\x8d\xcb\
\xebm\xda\x9a\x00#\x22\x22\xf2\xda{\xed\x9f\xed\xa3$\
\xe3x0\xe5\x8b\xfb\xc7||\xeb\x80\x8fo\x1f\xf2\xf9\
\xbdcv\x8eG\xf4\xc7\x11Y\x9e\xe3\xb9.\xf5\x9aO\
\xcds\xe9\xb4\xea\x0f|\x86\xc7U\xafE\xacG]\x04\
1\xa6z)\xab\xe5\xe5\xae\xa4Y\xb9\xa6\xa1(\xaa\x90\
n\x03\xba)\xec\xb8F\x00<\x87$-H\xc3\x94\xbf\
\xfd\xe4\x80\xaf\xee\x0d9\x99\xc4\x04i\xce_\xfc\xe4\xa2\
B\xba\x88\x88\xc8\xf7\xc0k\xf5lo\x8c\x9d\xd2\xd2\x1f\
\x85\x1c\x0f\xa7\xec\xf7&l\x1f\x0e\xb9\xbb7\xe0\xf6~\
\x9f\xdb\xfb}\x0e\xfbSNF!a\x9c\x02\x86\xba\xef\
\xe1y.5\xaf\xdc\xfd\xb3\xfad\x0a\xe5\xf2\x18\xd5O\
FU7/\xca0^\x98\xc2\xfe]\x94?\x8b\x06L\
\x19\xcam\x15\xddV\xcemp\xb7\x91\xbc0`\x8a\xf9\
\xcfV~\x05\xcf\xc5\xd4}\x92\xac\xa07M\xf8\xcd\x17\
G\x14yA\x96\x15\xfc\xe2\xed\x0d~xy\x85\x9a\xef\
>\xaa\xd1IDDD^\x03\xaftH\x9fm\xc3>\
\x1b\xa1\x98\x13\xc5\x19w\xf6{|y\xef\x98\x8fn\x1e\
\xf0\xd9\xdd#n\xdc?\xe1p0\xa57\x09\xed\x8e\x9f\
\x9eK\xb3\xee\xd3n\xd4\xf0=\xef\xf1\xbb}\x8a\x00\xa7\
\x01\xda\xaeA(\x1bYf\x95\xf2\xa2\xb0\x15\xf1\xcc\x14\
\xb6}\xa50\xe4e\x85\xbc\xa8B\xfb\xfc\xe7\x99o\x8b\
y\x5cK\xbd\xe7\x80\xe7a\x5c\x88\x93\x9cO\xef\xf4\xe9\
\x8d\x22\xa6iFZ\x14\x5cZo\xb1\xd2\xaaS\xd7,\
u\x11\x11\x91\xd7\xd2+\x1d\xd2\xf3\xc2\x10\xa7\x19'\xc3\
)\xbb\xc7#\xee\xed\xdb\x05\xa0\xb7vz\xdc=\x18r\
\xd0\x9b0\x98D\x84q\x8a\x01\x96\xdaM;\xb3\xdaq\
\xf0=;>Q\xe4!\x0f^E)\xab\xe0\xa6lY\
\xb1U\xf3\xf9\x10n\xca\xd6\x95b\xd6\xdeb\xcci\x1f\
\xfaCKJ\x9d\xd3\xa8o\xff\xcd\xc3\xefT\xfd\xdbu\
\xa1n?f\x18e\xfc\xee\xb3#\x9c\xac \x8c3\xfe\
\xe9\x0f\xce\xf3Goo\xbe\xb0o[DDD\x16\xc7\
+\x17\xd2\xd3,\x9f-\x06\x1d\x87\x09\xfdQ\xc0\xdd\xfd\
>_\xdc;\xe2\x8b\xbbG|y\xff\x98\x9d\xa3\x09\xc7\
\xa3\x804\xcbq\x1c\x87F\xdd\xc7\xf7<Z\x0d\xdf\xce\
7\x99\x0d\xf4PH\x97\x87\xd9Bwy\x95\xa6jU\
)N\xfb\xca\xf3\xaaZn\xe6*\xe5e\x0b\xcb\x83]\
+\x8f\x9a\x92\xe3`N\xdf>+\xd2?\x90\xd2\xab\xc9\
B\xae\x83q]p\x1c\xc2$\xe7\xce\xfe\x984+\x18\
'9u\xd7\xe5\xe2Z\x9b\xd5N\x9d\x8e\xfa\xd4ED\
D^+\xaf\xdc3\xfb$\x889\x1aL\xb8\xb1s\xc2\
\x8dm\xfbrg\xbf\xcf\xfd\xfd\x01\x83I\xcc$L\xc8\
\x0d\xd4<\x8fF\xcd/\xa7\xb2\x94\x1b\x0e\xbd\xec\x83\x97\
\x97\xef1\x93%\xab|]`f\x1bV\xcd\x02\xb9\xb1\
\xed+\x85\xa1\xec/7\x0fLmyz\xfb\xca7>\
h\xd7)+\xeauN\xa6)\xbf\xff\xf4\x90\x95\x86\x0f\
\xbe\xc3?\xfb\xe1\x16\x1f\x5cY\xfd6\xbe\xb0\x88\x88\x88\
\xbc$\x0b\x1b\xd2MY\xa5LR[5\x1fM#\x86\
\x93\x88\xfb\x07\x03\xee\x96=\xe7\xb7v{\xdc=\x1cr\
<\x08\x18NB\x0a\x03\x0e.\xf5\xbaO\xbd\xe6\xe1\xb9\
\xb6\xa5\xe5{5\x08^\x9e\xc9\xac\x15\xa5\xaa\x94\x97-\
,\x851\xb3\x8a\xf9|\xf5\xbc0\x8f\x08\xe4O\x98\xad\
\xfe\x22\xb3\xfa\xac \xef\xbaP\xb3\x13\x8b\xa2q\xc2\xef\
o\xf70\x1et|\x8ff\xcdck\xb5\xa5\x8a\xba\x88\
\x88\xc8kba\x9f\xd1\x8d\x81,+\x18M\x22v\x8f\
G|q\xef\x90\x8fo\x1d\xf0\xf9\x9d\x03nl\x9fp\
\xdc\x9b0\x0abRcwp\xf4=\x8f\x86\xef\xe2y\
\xa7\xe1\x5c\xa42\xff\xd3P\xccMZ\xc9\xcbE\x9e\xb6\
}e\xae\xcf\xbc\xea\x5c1fqN\xf2\x1c\xc0s\xa0\
\xee\x81\x03\xf7\x8e\xa6\x0c\x87\x11\xed\xba\x0f\x9e\xc3\xbf\xf8\
\xe0\x82B\xba\x88\x88\xc8kba\x9f\xd1\xb3\xbc`4\
\x8d\xb8\x7f8\xe0\xd3\xdb\x07|v\xe7\x90\xcf\xee\x1c\xb2\
s<\xa47\x0e\x89\xd2\xdcv\xf6V\xed,\xae\x0d\xf6\
yQ\x90\x17gc\x95\xe3\x96s9\xca\x96\x97\xd9n\
\xa1\x8e\xa1j\x82q\xca\xc5|\x8e\xfa\xd4_}g\xfa\
Xlw\xb9\xad\x92\xcfW\xcc\xcb\x0d\x84\xaa\xe9,\x86\
\xd9\x98\xc4\xaa\xca\xfe\xb4\xcf\x7f\xa6n\xfe\x9dl\xdc[\
~\x0d\xd7\x01\xdf%I2\xfaA\xcaoo\x9cP\xf3\
]6;u<\xd7\xe1\xdcr\x93\x9a\xa6\xbe\x88\x88\x88\
\xbc\xd2\x168\xa4\xe7\xf4\xc7!w\xf6z\xfc\xf6\x8b\x1d\
\xbe\xda>\xe6\xfe\xc1\x904/h\xd6kx\xaeG3\
\xcfI\xd2\xdc\x06\xf3rFz\x9eU\xa1\xcb\x06\x1a\xc7\
\x01\xb7\xdc5\xd4\xee\x1cZ\xfe\xdb\xb1\xbb\x88:\x8e\x0d\
\xe6\x8eA\xd5\xf7W\xdc\xfc\xa2\xe0\xd9\x0csN\xab\xe4\
Yaw\xf4\xb4\xe3\x11\xcbV\x96\x87G\xaf\x9c\xf9D\
\x8b\xb8\x92\xc1q\x00\xdf\xc5\x14\x1eY\x91\xf1\xc9\xdd>\
\xd30\xe1\x8ds]V;\x0dV\xdau\x85t\x11\x11\
\x91W\xdc\xc2\x86t\xdf\xf3X[j\xf1\xc3\xeb[,\
\xb5\x9b\xfc\xc98d4\x8dl?\xee\xfcK\x9c\x12\xc6\
)A\x9c\x12\xc6\x19a\x5c\xbe-\xc9\x88\xd2\x8c$\xcd\
I\xca\x890Ifg\xa9\xdb\xa0f0E17\x22\
\xcf\x861\x83\xc1u\xca\x85\xa6\x8eS\xbe\xee\x9e.>\
-\x1b\x84m5\xbe\xaa\xc0\xcf\xcf\xcf\x96\xef\xd2|\x84\
60;A\xb3\x8b=O\x17}V\xa1\xbc\xea?\x7f\
\xf0~\x7f\xa5T?hU\xebK\x9a3\x98&\xfc\xf5\
'{\xd4j.\xeb\xdd:\x977:,\xb5j/\xf5\
0EDD\xe4\xeb[\xe0\x90\xee\xb2\xdci\xd2i\xd5\
y\xe3\xc2\xdal\xdaF8\x1f\xca\xa3\x940N\x98\x84\
\x09\xe3\xc0Nv\x99\x04s\xaf\x87\x09\x93\xc8\xfe=\x8d\
\x12\xa6aJ\x10'\x04qJ\x92\x14$Y^VW\
\xcb*|^\x06;\x0c\x8ea\xd6B\xe38\x05\x85q\
p\xdc\xb2]\x06\x07\xa7\xac\xcaW/g\x02\xba3\xd7\
\xfe0\xb7Q\xd2+\x18\x07\x17\xda\xe9\xce\x9fU\xf8\xae\
6\x152\xe5}Y\xcc\xc2y^\x94w\xc9\x03c\x11\
\x1d\xf7\xc1\xcf\xf6\xea\x98\x8dg,\x0a\xc6Q\xc6?\xde\
8\xa6\xd3\xf4\xf9\xd1\xb5U\x9au\x8fn\xd3>\xbc\xd5\
\xc2%\x22\x22\xf2\xeaY\xd8\x90\xee8\xe0\xfb.\x9eq\
N\xc7\xdd\x19C\xa3\xee\xd3m7\xcaP]\x90U/\
sU\xf2,\xb3\x01<Ns\x822\xc4O\xc2\x84i\
P\x86\xf52\xb0O\xa3\x84q\xf5\x7fa\xc24J\x09\
\x22[\x81\x8f\xd3\xaa\xfa\x9e\x93\xa4\x05i^\x90\xa59\
\x982\xa6;\xf9iK\xc4\x5c\xd5\xddV\xdc\xdd\xb2\xa5\
\xc6yhT\xb6|3\xf3\x81\xb30\xc6\xee6[V\
\xcd\xb3\xa2\xea3g\xb6\xf3\xa7\xc1y\xf4\x86B\xf0z\
\xdc/\x06\xf0=\x8a\xbc \x98&\xdc\xbc?\xe0\xdf\xfd\
v\x1b\xc7q\xb8\xba\xd9E\x1d\x5c\x22\x22\x22\xaf\xa6\x05\
\x0e\xe9\x0e\xde7\xa8\x00\x1ac\xc8\xf3\xc2\x06\xf5\xa4\xaa\
\xba\xa7DIf+\xf1Q\x19\xd2\x83*\xc4\xc7L\xc2\
t\x16\xd8'\x91\xad\xbaO\xc3\x8c \xb2\xed3a\x9a\
\x92f\x86,+\xc8\x0a{r0\xab\xbe\xcfR\xa0S\
\xae#\xb4\xe1\x91\xb2\xca~f\xa9\xe1\x5c\xb8\xb7\x81\xdf\
\xcc\x16\xb5V-\xd1\xa7\x9f\xca\xe1\xf5H\x93/\x86)\
\xa7\xad\x14e\x0bKa\x8c\xbd/\xca)-\xb99]\
\x04Z\x8eg\xe1\xf4v/\xffz]nNS~K\
\xae\x831\x0ei^\xb0\xdf\x0b\xf8\x9b\xcf\x0e\xb9\xb4\xd6\
\xe6\x97oo\xb0\xd2\xae\xd3m\xaa\xedEDD\xe4U\
\xb3\xb0!\xfdE\xf0<\x97\xa6\xe3P\xaby,\xb5\x1a\
\x14Eqf\x93\x9a\xd3\x16\x17\xdb\xa3\x9ef9q\x9a\
\x95\x01>e\x14\xc4L\xca\x10?.\x03\xfd(\x88m\
\xb0\x0fl\xb0\x1f\x07e\xebM\x92\x91\xa4\xf6\xa4 )\
+\xf0q\x96\xdb\xde\xf7\xb2\xcfb\x16\xd4\xcb\x85\x89\x0e\
e\xb5\xdduq\xbd\xb2\x12?k\xa1Q{\x0c0w\
~b[Z\xaa\xd6\x954\xc7^I932\xd19\
\xfb\x81\x0f\xde\x80\xaf\xed\x0dZ\xa6\xf5\x9a\xc78\xce\xb9\
qo\xc0\xef\xb7N\xf8\xbb\xebG|xm\x9dw.\
(\xa4\x8b\x88\x88\xbcj^\xdb\x90^\xb5Ex\x9e\x83\
\xf7\x8c\x1fS\x85\xf5\xa4lw\x09\xe3\xb3\x8bT\x83\xb2\
\x17>(\xab\xf2\xb6e\xc6V\xe4\x838e\x12\xa6L\
\xa3\xcc\xf6\xbdG)\xd38%NN[f\x92j\xf1\
jf\xdbg\xaa\xed\xe5\xab\x91\x80Y^\xd8\x0d\x99\xca\
\xa0n\x03|\xb5[j\xf9\xb7\xeb\xe0\xce}\x7f\xafc\
\xf2t\x9c\xd3\x0d\xa8\x8ar\x8d@\xb5\x0bh\x9eWm\
-\xa7\x81\x1d\xaav\x96\xb2j\xee\xbcF\xd5\xf2g\xe5\
\x00\x9ek\xaf\xf2\x04\x097w\x87\xfc\xe5\xc7{,5\
k\x5c\xdd\xe8\xe0{.\x9ez_DDD^\x19\xaf\
mH\xff:\x5c\xc7\xc1\xf5\x1c|\xafN\xbb\x01\xab\x1d\
3\xdber\xf6\xb79\xfdw^\xf6\xbf\x87\x89\x0d\xed\
\x83i\xc20\x88\x19\xcf^\x92\xd9\xcbp\x1a3\x98\xc6\
\x8c\xa6\x09\xa3\xc0.h\x0d\xe2\x94(\xc9m\x0bN\x92\
\x97\x95|;\xa9{\x16\xc8\xcb\x90\xee\xb9.\xbe\xeb\xe2\
\xfb\x1ex\x0e\xdek\xd8\xec>?B\x11Ng\x99\xa7\
\xb9\x1d\x9d\x98\x15\xa7\xe3\x13g\x93Y\x1eL\xe3\xaf\xd7\
M\xf2|<\x97j\x17\xa6\xbb\x87c\xa2\xdf\xed\xf0\xc3\
K\xab\xfc\xf2\xadM:\x0d\x1f\xcf}\xd6\xd3U\x11\x11\
\x11y\xd9\x14\xd2\xe7T\xd5i\xe7\xec\x1f\x8fU\xb5\xce\
\xb4\x9a5\xb2<g\xa5k\x03w\x9c\xe6\xb3j\xbc}\
\xc9\x88\xe2\x8c \xc9\x08\x22\xdbN\x13$\x99\xad\xc2\x87\
v\xf1\xea(\xb0/\xe3 9\xad\xd8'\x99\x0d\xf1\xa9\
m\x9b\xa9Zs\xaa\x8a;e\xb5\xbdz\xb1\xc1\x9e\xd9\
\xdc\xf7\xf9\x0c\xbb\xc8\xcd3\xa7GV^U(\x17\x81\
\xda\xbe\x7fCV-\x04\xad\xdaZ\xcc\xc3\xad,\xdf\xbb\
\xca\xf9\x03f\x93n\x5c\x07j\x1eA\x9c\xb3\xbf?\xe6\
\xcb\xfb}>\xbd\xdf\xe7\xbdK+\x9c[i\xbd\xd4c\
\x14\x11\x11\x91g\xa7\x90\xfe\x0d\x9cV\xde]\xc0\xa7\xfb\
\x84\x0cd\x8c\xa1(l\x9bK\x9a\x95\x0bZ\xe3\x8cQ\
\x103\x98\xc4\x0c\xc6\x11\xbdqHo\x1cq2\x0e9\
\x19\x85\x1c\x8fBz\x13\xfb\xffA\x9c\x11\x94\xed7q\
\x9a\x93\xe7\xb6\xbf\xdeul\x1b\x83\xe7\xb88\xae)\xfb\
\xdc\xcb\xd0:k\x9dq\x98\xdf\xdc\xfe\xa1V\xed\x97\x9a\
pO\x17vV=\xe7ifHrC\x92\x15\x0fl\
8t\xf68\x1d\xad\xa9}\x98kg\xa7\xc7IF<\
\x89\xb9\xb1=\xe4\xa3\xbb=6\x97\x9bl.7\x81\x97\
}\x7f\x8b\x88\x88\xc8\xb3PH\xff\x0e\xb9\xaeK\x0d\xbb\
\xfbi\xcd\xf7h\xd6}\xba\xad\x1a\x9b\xcb\xad\xd3\xaa{\
\x92\x11\xa59a\x9c2\x8el\xdf\xfb$L\x18Nm\
\xcbL\x7f\x121\x9c\xc6\x8c\xca~x\xbb\xc85c\x1a\
\xa7D\xe5\xe7\x98\xed\xac\x99\x9br\xe3\x1e3\xebmw\
]\x17\xb7\x1c\x11\xe9Uc\x22\xcb\xc2\xf4w\xb5\x19S\
u\xbd\xc2\xb6\x101[\xc4\x9b\xe6sSZ\x8aj1\
\xa8<7\x17\xaa\xa1@\xf7N&\xfc\xeev\x8f\x0f\xaf\
\xads\xfd\xfc\x125\xcf\xfd\xde_u\x10\x11\x11y\x15\
(\xa4\x7fG\x9ew!k^\x14$YA\x9cf$\
I>\xebi\xef\x8f\xa32\xa8'\x0c\xa6\xf1,\xb8\x9f\
\x8cc\xdb.\x13\x96\xe3\x22\xe3\x8c09\x9d\xf7\x9e\xcf\
ZE 7vs\xa6\xa28\x9d\xed\xee\xba\xa7;\xa8\
V\xfb\xa7~\x1b\x15\xd7Y[\xc6lRK\xd9\xd2\x92\
\x9bYH\xb7\x95\xf3\xd3\x85\xb1\x8e\x16<>\xb3\xd9\x09\
\x90\xeb\x80\xe7\xb0\xd7\x0f\xf9\xec~\x9f\x9d\x93)\xef_\
^a\xa5S\xa7\xae\xdet\x11\x11\x91\x85\xa7\x90\xbe\xa0\
\x5c\xc7\xa1\xee\xbb\xf8n\x8dV\xcd\xa7\xdd\xac\xb1\xb9\xda\
&\xcd\xf2\xd9t\x984\xcbI\xd2\x9cI\x942\x0aR\
\xdb\xdb>M\xe8\x8d#z\x93\x88\xde\xb8\xac\xba\x07\x09\
\xc30a\x18\xd8\x8a\xfc4\xb2\xe1=\xcar\x8a\xb2\xb9\
\xddq\x1c|\xdf\xa5\xe6\xd9*\xffl\x12\xc8\x0b\xca\xc7\
\xb3\x9dY\xab\xcayn\xbf\x87$/f\x95sS\xb5\
\xb6\xcc\x9f\x1c(\x9f\x7f=\x8e\x03\xbe\xc7p\x9a\xb0}\
0\xe6\xc6\xee\x90w..\xf3^}\x85\xba\xaf\x90.\
\x22\x22\xb2\xe8\x14\xd2\x17T\xb5\x99\x93Wn[\xdfx\
\xc4\xfb\x98\xb2\x95%N\xf3\xb2E\xc6\xf6\xad\x0f\xcb\x0a\
\xfb08\xdd\xac\xa9\x1f\xc4\xf4'\x09\xc7\xc3\x90\xfe$\
f\x1c\xda\xaa\xfb$\xb4\x13f\xe23\xd5v;Qe\
6\xdd\xbdZ\xa7Y\xb5\xc6T\xd5\xf6\xf2\xf5\xaa\xf7\xfd\
\x91\xdf\xc7\xecXm\x05?\xcf\xb1\x95\xf3\xac -\xec\
FD\xb3\xcd\x87\x1e\xf1\x81\xca\xe8_SYIO\x92\
\x8c\xc10\xe2\xd6\xde\x88[\x07c\xae\x9e\xeb\xb2\xa4\xf5\
\xa3\x22\x22\x22\x0bO!\xfd\x15\xe78\x0e\x8d\x9aO\xdd\
\xf7\xe86k\x14\x06.mtf\x1b6\x15\x85\xdd\xf9\
4\x8c\xed4\x99\x93QT\xb6\xc7D\x1c\x0c\x02\xf6{\
\x01\x87\x83\x90\xc3r\x91j\xbf\x1c\x13\x19\xc5\x19iQ\
\x8e\x82\x9c\x0b\xe7\x9eg\xc7Aze\x8b\x8c\x8b\xf3\xc8\
\x80>\xbf\xa6\xd3P\x8dR,\x88\xd3\x82,\xabvi\
5\x98\x87F(*\x96\xbf\x10\xe5\xdct\x92\x9c$J\
\xb9}0\xe2\xe6\xc1\x88?y\xef\xfc\xcb>2\x11\x11\
\x11y\x06\x0a\xe9\xaf\xb0\xd9\xc8\xc8r\x5c\xe4i\x13\xc3\
\xc3\xed\x0cY9U\xe6\xfcJ\x9b\xb0\xdc\x98i\x1c\xa6\
v\x8e{d_\xefOl\x9b\xcc\xc9(\xa6?\x89\x19\
\x06v\x81\xea(L\x09\xa2\xb2\xc7=+f\x1b2\x15\
Y\x81!\xa7j\x97\xf1\xca\xfev\x7fnqbu\xb2\
\x90\xe4\x05in\xc7H\xda\x0d\x8a*\xa7\xed6\xf2\x22\
9\xb33\xa5\xb40l\xf7\x02n\x1f\x8c\xe9Oc\xce\
\xaf\xb6h\xf8\xaensy)\xe6\xaf\x9a\xe9GPD\
\xe4\xf1\x14\xd2\xbf'|\xcf\xc5\xf7\x5cZ\x8dG\xdf\xe5\
\x851\xb3\x9e\xf6\x93I\xc4\xd10d\xbf\x1f\xb0\xdb\x9b\
\xb2}\x12p2\xb2\xd5\xf7j$\xe4(H\x08\x13\xbb\
\xc1\x90\xdd\xdc\xc9\xd8\x0a\xbb\xe7b\xb0\xdd\x16\xa6\xb0'\
\x07IfH\xcb\xb0>S5\xa9\xa3'\xeao\xc3\xfc\
\xdc\xf4\xac0\x1c\x8dB\xb6O\xa6\xf4&1a\x92Q\
\xf7\xea\xba\xdd\xe5[Qm\xfaV\x18\xbb \xbc(S\
yu5\xce/'KY\xfa!\x14\x11y\x1c\x85t\
\x01\xecSe\xab\xee\xe39\x0e\xed\x86\xcf\xe6R\x8b\xeb\
\xe7\x97\xed\x86Ke\xaf\xfb8L9\x1c\x04\x1c\x0d#\
\x8eFvajoZ\xcey\x9f&\xb3\xf7\x0b\xe3\x8c\
,\xcd!\xb5\xfd\xe6\x05PT\xa1\xdc-_\xf4\xdc\xfc\
\xddp\x1d\x8c\x81 \xca\xe8\x0d#\xee\x1fM\xb9\xb2\xd1\
a\xa9Y\xc3\xd5\x9d \xdf\x02c`\x18\xa6\x1c\x0dc\
\xbe\xda\x1d\xd1\x1b\xc7\xe4\xb9\xa1\xd5\xf4\xe9\xb6k\xfc\xe0\
\xf22o\x9e\xeb\xe8$QD\xe4)\x14\xd2\x05\xb0\x15\
\xae\xba\xef\xd9\xde\xf6G,,\xccr\xbb\x01\xd3\xf1(\
\xe4x\x14q<\xb2A\xfdh\x18rX\xbe\x9c\x94o\
;\x1e\x86\x8c'\x09I\x90\x92f\x05Ia\xc8\x80\x1c\
[e\x9b\xf5\xba8\xb6\xc26\xebK\xafvy\xd5p\
\x97\x17\xc7q1NA\x92\xe4\x0c\xc6\x11\xf7\x8f&\xbc\
sq\x997\xceu_\xf6\x91\xc9k\xaa0\x86\x83a\
\xcc'\xf7\x06\xfc\xd7?\x1c\xb0}4%\xcb\x0d\x17\xce\
\xb5\xb9~y\x99\xf3\xcbM\xaeo*\xa4\x8b\x88<\x8d\
B\xba<\x13\xcfuh\xd4<\xce\xad\xb4X\xe94\xb8\
\xba\xb9D\x5c\x8e\x80\x0c\x93\x8c \xca8*\x17\xa3\xee\
\x1cO\xd99\x99\xb2\x7f\x12p0\x089\x18\x86\x0c\xcb\
I2Y\x9aSd\xc5\xe9F\xa3\xb3\xca\xba\x0b^\xd5\
G\xadg\xef\x17\xc6-\x1b\xd3\xe3\x82p\x9ap\xffh\
\xcc\xe10,Go\x8a\xbcxYn\xf8|w\xc4_\
}\xb4\xcf\xdf\xfe\xdd6\xbb\x87SL\xcd\xe3W\x1fn\
\xf1\xc37\xd7\xa8\xf9\x0e\xae\xfb\xb2\x8fRDd\xf1)\
\xa4\xcb3q\x1c\x07\xdf\xb3\x8bB\xdb\x0f\xcc\x83\xcc\x0b\
\xbb\xbb\xe90\xb0\x1b,\x1d\x0d#\x0e\x86!\x87\x83\x90\
\x83A\xc8~\xd9\x22s<\x8a\x18\x8db\xc6\xd3\x840\
N\x09\x92\x9c0\xcbIsCV\x18\xc8\xcciHw\
]p\x1c\x8c\x83\xddA\x13mg\xffu8\x0e\xf66\
4\x90\xc4\x19\x87\x83\x90\xfe8\x9e\xcd\xa5\xd7m*/\
R\x92\x15\x8c\xc2\x94/wG\xfc\xf6V\x8f[{c\
\xe2(gs\xab\xce\xf9\xb5\x16\xef^\xe8\xb2\xd6\xa9\xeb\
\xe7ND\xe4\x19(\xa4\xcb7\xe6:\x0e\x8e\xef\xb0\xd6\
m\xb0\xdc\xaesi\xbdcg\xa1\x17\x05A\x9c1\x8d\
\xb3r\x11j\xc0\xdd\x831\xf7\x8f'\xec\x9c\x04\xec\xf6\
\xa7\xec\xf6C\x86\x93\x84,H \xcd\xa106\xa0\xbb\
\xae\x1d!\xe8y\xe5\x8a\xb3\x97\xfd]\xbe\xfa\xd2\xdc0\
\x98\xc4\x8c\xc3\x98\xa2(\x9e\xfe\x01\x22\xcf)\x8c3\x8e\
F1_\xed\x8e\xf9bo\xc2\xa40\x5c\xbc\xd8\xe5\x9f\
\xfc\xe2\x12\xff\xec\xe7\x17\xf9\xef\xde\xdb\xa4Q\xd3fZ\
\x22\x22\xcfB!]\xbe1\xbb\xb9\x11\xb8\x9e\x83\xefq\
\xe6Ix\xa5mw\x16]\xeb4\xb8\xb4\xde\xe1\xfa\xf9\
\xa5rG\xd4\x98\xc3a\xc8n9\xa7\xfdh\x181\x1c\
E\x8c\xa6\x89m\x8d\x89r\xa6\x89\xdd`\x894+\xab\
\xeas\xad1g\xfa\xd8\x95\xe1\x1fkve\xc2!5\
\xd5\xd5\x8e\x94 \xce\xec|}\x05&y\x81v\xfa!\
\xffx\xab\xc7\xdd\xfbC\xc2a\xc8\xcaJ\x93\x1f\xbe\xbd\
\xce\xbf\xfe\xd9E~r}\x95\xa5V\xede\x1f\xa2\x88\
\xc8+C!]\xbeU\xb3\xd1\x8fu\x9f\xad\xd1\xeb8\
A\x00\x00 \x00IDAT\xd5\x16\xef]Z\xa1\xea\
\x86\x1e\x05v\x07\xd4\xed\x93)\xf7\x8e'\xdc<\x98p\
\xeb`\xcc\xed\xc3\x09\xdb\xc7S\x92^H\x11\xa6\x98\xd4\
\xceb\xb7[\xdd\x97\xbd\xeb\x9e\xaa\xeb\xcf\xa6\xbc\x91<\
\x87\x14\xc3 L\x19\x04\x09\x93(\xa3\xd3*\x14\xd2\xe5\
\x85\xba{\x1c\xf0\xeb\xcf\x8f\xd8\xbe7\x80Q\xcc\xd6\x95\
\x15~\xf2\xfe&\xff\xc3O\xb6\xb8\xb4\xa6\xadnED\
\x9e\x87B\xba\xbc4\xcd\x9a\xc7\xc6r\x93F\xcd\xe3\xfc\
j\x8bw/\xad\xd2\x9f$\x1c\x8f#\x0e\x06\xb6\xca\xbe\
\xdf\x0b8\xe8\x05\x9c\x8ccz\x93\x84A\x98\x11$9\
y\x963K\xfb\xae\x83q\xdd\xd3\xd1\x8e\xae\xa3\xfc>\
\xaf\xac\xa6g\x85a\x1c$vdf\x90\xb0\xd2i\xd0\
m\xaa\xb2)/\xceJ\xbb\xc6\x9b\x17\xba$?\xbf\xc8\
O\xdf\xdf\xe4\xe7\x1f\x9c\xe7\x97\xefm\xb2\xd2\xae\xe3\xb8\
zT\x8a\x88<\x0f\x85t\xf9\xceUO\xd5\x8d\x9aG\
\xa3\xe6\xb1\xda9]\x89\x9a\x17\x05a\x92\xd3\x9f\xc4\x1c\
\x0c#n\x1f\x8c\xb9\xb9?\xe2\xde\xd1\x94{GS\xee\
\xf7\x02\x8e\x871\xe14!Ms\xd2\xb4 3\xf6\xe3\
0\xeel\x91\xa9q\xab/\xa4\xc0\x0e\x80\x03ya\x98\
\xc6\x19\xa3 e4M\x88W\xf3\x97}T\x8fU\x14\
v\x13\x9c\xbc\xdc\x18\x07\xec\xda\x07\xcfu\xec\xb9\xd8\x0b\
Zxh\x8c\xb1\xb3\xfc\xcd\xe9f[\x8e\xc3l\xf7\x5c\
{~\xf3r\x7f\x82\xaa\xcd\x81\xf2\xf2\x18\xf3\xa2\xdc\xb5\
\xb7\xbc]\xaaAI\xa7\xdb\x10\xd8\x05\xde/\xea\xb6\x9a\
\xddF\x85\xbd?\xe0\xf1\x17\xb1\xba-\x9f7/tY\
i\xd7\xa8{.\xbfzg\x83+\x1bmj\xbeK\x9a\
=z\x1d\xc4\xe9\xf1\x9f\xde\xbf\xf0\xe8\xe36\xe5\xd77\
0\xbb\x1d\xaas\xf5\xaf\xfb]:\x8eS\xdev\xa7\x7f\
\x7f]\xd5}\x95\xe6\x05Ya\xce\xec\xaeZ+\x17\xde\
?\xed>\xa9\xbe\xc7\xc2\x94\x0b\xea\xcd\xe9m\xf4\x22\xcc\
\x7f\xae\xea1\xe5\xbc\xc0\xc7\xd4\xec\xeb\x18s\xe6~\xfa\
:\xe6w\xd5v\x1c\x07w\xee\xf5oK\xf5\xf3~\xf6\
\xb1f\xdfV\xfd\xb49\xd8\xdb\xcc\xfe\xbc\x9en\xd0\xf5\
]\x1c[u\x5cyu\x5c\xe5\xb04\x83\x99=\x8e\x1c\
\xc0-\x8f\xc9w\xbf\xde\xef\xb2\x07\xef\xbfo\xfa8{\
\xe2\xd7*?\xaf[\xde\x9e\xdecN\xe8\xab\xdfA\xd5\
fi/\xfax\xce\xfe.:\xfd]\xf02\x9f\x03\x14\
\xd2e\xa18\x8e\x1d\xf5\xb8\xbe\xd4\xa4\xdd\xf09\xb7\xdc\
\xe4\x83+\xab\x0c\x82\x84\xde8\xe6\xde\xf1\x94\xed\xe3\x80\
\xfb\xc7\x13\xf6z!{\xbd\x90\xc3IL\x7f\x9aP\xa4\
E9!\xc6)\x17\x9d\x96\xa1]\x15<p\x1c\x0ac\
H\xf2\x820\xc9\x18G)q\xb6\xb8!=Js\xa6\
q\xc68\xce\x88\xd2\x02\x07h\xd7=\xd6\xdau\x9au\
\x8f\xba\xffb\xee\xd3\xc2@\x10gL\xe2\x8cA\x90\x81\
c\xc3\xd4j\xab\xc6R\xd3\xb7a\xf7%\xff\xf8\x14\xc6\
NM\x19\x86)\xbdI\xcc0H\x19\x85)qV\x90\
\xe66\xc1\xb9\xaeC\xcdsh\xd7=\x96Z56\x97\
\x1a\xac\xb5kt\x1a>\xb5ox[e\xb9!Lr\
\xc6\x91\xfd\xb9\xa1\x0c(\x8f\xfa\xacE\x01W\xd6\xdb\x5c\
\x5cm\xd9\x80\xe0\xb9\xf4&\xc9\x99'\xf9y\x06\xc8\x8d\
\xedbk\xfa.+\xed\x1a\xcbO\xe9[7\xd8\xdb\xc3\
n\xa0\x96\x93\x96\x01\xd0\x9b\xfb\xff\xa7*\x0f\xbe\x0a\x04\
\xcd\x9aK\xab\xe1\xd1\xaay4\xfc\xaf\xdf\x02f\x0c\xc4\
Y\xc1N/\xe0x\x92\x10\xc4\xf61\xe6\xbb\x0e\x97\xd7\
[l\xad4h\xd4<jO\xf8\xa12@\x9e\x17L\
\xe3\x9c^\x90\x90fv\x12\x93\xeb\x9c\x16\x1c\xbe\xc9\x00\
\xd5\xeac=\x07\xda\x0d\x9f\x95V\x8d\xba\xef~\xe3\x9f\
\x93\x07\xe5\x85!\xcd\x0d\xa30e\x1c\xa6e\xc8}z\
\xa8*cQ9;\xc0\x86L\xdfsi\xd4\x5c\xea\xbe\
G\xa3\xe6\xf2\x82\x0f\xf5\x8c,7\x84in\x9fs&\
vt\xf04\xce\x89\xd2\xdc\x9exa\xa8y.\x0d\xdf\
\xa5\xdb\xac\xb1\xdc\xf2\xd9Xj\xb0\xda\xae\xd1\xf0]\xfc\
o\xf1\x17F\x9a\x1b\xc6Q\xca`\x9a\xd2\x9b&\xb3c\
K\xb3\x82\xdc\x98\xf2\xf7\x80K\xd3\xf7\xe8\xb6|\x96[\
5\xce\xad\xd4Ym\xd7\xf0\xdd\xe7\xdb\xbe\xae\xda1\xf8\
dj\xdb#\x0b{&0\xfb}\xf8\x22\x86\xf8\x96\x83\
\xc7\xc8\x8c\xfd\xbd\xdbm\xf8t\x1b>K\xadGG\xd3\
(\xcb\x19\x97W\xd3\xa34?\xf3\x98\xf8&\xc7\x00g\
\x7f\x17\xd5<\x97\xd5v\x8dn\xd3\x9f\x9d\xe0\xbc,\x0a\
\xe9\xb2P\x5c\xc7\xc1\xf5\xec/\x9aN\xc3gc\xc9\xbe\
=\xc9r\xc28\xe3`\x18\xb1\xd7\x0f\xb9\x7f<\xe5\xfe\
I\xc0\xfd\xe3)w\x8f\xa7\xec\x9c\x04\x8cG1\x93\xc0\
\x8ev\x8c\x0bc\x9f\xbc\x0d\x98\xa2(\xcb\x8c\x943\x09\
\xab\x8a\xe9\xf7+\xbcWO\xfeq\x963\x8d\xb2\xc7V\
6\x17\xc1\xe1(\xe6\xd6\xe1\x84\xbd~\xc8`\x9a\xe28\
\x0e\xe7\x96\x1b\xbc\xb3\xd5\xe5\xd2Z\x8b\xad\xd5\xe6\x0b\xf9\
:Y^p4\x8a\xb9w\x1c\xf0\xe5\xfe\x18\x03\xb4\x1b\
\x1e?\xbc\xb4\xcc[\xe7;t\x1a>\x9e\xfb\xdd\xf7\xed\
\x17\x85!\xcdm0\x1fLSN&1\x07\x83\x88\x9d\
AHo\x14\xd3\x1f\xc7\xc4\xa9\x0d\xe9\xc6\xd8\xf3\xd1\xba\
\xe7\xd2n\xf9\xacv\xeb\x5c^ksq\xad\xc5\x85\xd5\
&\x1bKuV\xdbu\xea\xbe\xfb\xd8\x0a\xd5\x93\x84i\
\xce\xfe0\xe2\xee\xd1\x94[\x87\xd3Y\xb5\xb0\xda{l\
^\xcdsm\xc5\xd8wq\x1c\x87{\xc7\x01ifH\
\xb2\xdc>\xec\x1ex\xff\xa2\xb0\xd5\xe2V\xddc\xad]\
\xe3\xfdKK\xf6\x89\xf1\x09\x8f\xcd\xa20L\xc2\x8c\xcf\
w\xc6\xec\xf6C\xc6q\x06\xd8 l\xccs\x84\x87\xb2\
\x12\xea\x97\xe1`\xa9\xe9\xb3\xd2\xae\xb1\xda\xae\xb3R>\
A7k\xdes\xddf\x85\x81i\x9c\xf1\xe9\xce\x88/\
vF\xf4\x861\x06\xf0k\x1e\xff\xdd{\x1b\xb4\xebk\
xe\x90z\xd2\xf7\x17\xa5\x05;\xfd\x90?\xdc\x1f2\
\x093\x8a\xc2\x94Si\x9do\x16\xd0\x8d\xad\x90:\xd8\
E\xfeW\xd6\xdb\xfc\xe0\xf22k\x9d:5\xff\xc5\x0e\
\xafOs\xc3(J\xf9j\x7f\xc2\x8d\xfdqY\x91-\
\xd7\xfd?\xf1#O+\xc1\xbe\xe7P\xf7\x5c\xea\x9eC\
\xab\xe1\xd3i\xf8\xactj\xacvj\xac\xb5\xeb4j\
\xee\x13o\xcbgQ]\xfd\x88\xb3\x82A\x90p2I\
8\x1aF\xec\x0f\x22\xf6\x06\x11\xa3\xc0\x9ed\x84IN\
\x96\x97!\xddwi\xfa.\xcb\xed:\xab\xdd:W\xd6\
[\x5c\x5cm\xb2\xb1\xd4`\xadc\x7f~j\xde\xd7{\
\xbc=\xa8(lq\xa5?M8\x1e'\xec\xf4\x02\xf6\
\x06\xf6\xf8FA\xc2$\xccNC\xba\xe3P\xf7]\x9a\
5\x8f\x95N\x9d\xb5n\x9dk\x9b-.\xaf\xb5X\xef\
\xda\x13\x89\xa5V\xed\x99\x8e+\xcb\x0d\x93(\xe3\xf3\x9d\
\x11w\x8e\xa6\xb6 \x80}\x9c\xbdH\xc6@\x92\x17,\
5k\x5c]o\xf1\xc6\xb9\xcecC\xfa(H\xb9q\
0ao\x10q<\x8a\xf1^P\x11\xc5\xc1>v\xb3\
\xc2\xd0\xac\xb9t\x9b>\x1f\x5c^\xe6\xcd\xf3]\xea/\
y\xef\x16\x85ty%\xf8\x9eK\xa7Y\xe3\x8a\xefq\
~\xa5\xc5\x0f.\xaf0\x892\xc6a\xca\xbd\xe3)w\
\x8e&|\xb5;\xe2\xe6\xfe\x98\xdb\x87\x01\x87\x83\x88\xfe\
8\xb6\x8bN\x8b\xf2\xf4\xd8s\xed\xdf\xdf\xe3\xca\xba1\
\x90e\x05Q\x9a\x91\xe6\x8b\x1b\xd2?\xdf\x1d\xf1\xff\xfc\
v\x8f/\xef\x0f\xd9\xeb\x05\xb8\x8e\xc3[\x17\x97\xf8\xb3\
\x0f\xce\xf3O\xde\xdb|a!=\xc9\x0an\x1eN\xf9\
\xf5gG\xfc\xfb\x7f\xdc!\x03\x96\x97\x1a\xfc\x1f\xbf\xba\
\xc2j\xf9D\xfb2F\x06\xa6y\xc10H\xf9\xfd\xbd\
\x01\x7f\xb8?\xe4\xf3\xed\x11w\x8f\xa7\xec\xf5C\x82I\
B\x1c\xa4\x14\xb9\xc1Tm\x04Ny\xa9\xb8\xe1So\
\xd7\xb8\xb0\xd2\xe4\xeaf\x9b\x1f\x5cY\xe1\xa7o\xac\xf2\
Go\xae\xb1\xb1T\xa7U\x7f\xfe_\xf9\xe30\xe5\xcb\
\xbd1\xff\xdf'\x87\xfc\xa7?\x1c\xd8\xcaRy\xc2\xfb\
``\xac.\xff\xbb\xe5cl\xbe]\xe0Q\x8a\xdc\x90\
&\x19\xeb\xdd\x06W\xcfw\xf8\xdf\x7fu\x85w\xb6\x96\
\xce\x0cpzP^\x18\x8e\xc61\x7f\xf9\xc9!\xbf\xb9\
\xd9\xb3\x9bs\x19\x07\xaf\xe6>SK\xceL\x19\xd2k\
\x9eK\xbb\xee\xd1\xad\xfbl\xad5\xb9\xba\xd9\xe1\x17o\
\xae\xf2\x83\x8b\xcb\x5cXm\xd2\xaa?\xfb\xfd\x9f\x1b[\
9\xfe\xdb\xafN\xf8\xab\xdf\xed\xb1\xbf;&\x03\x9cf\
\x8d\x9a\x0b\xd7\xce\xb5i\xd5=Z\xf5'|\x8e\xc2V\
K?\xdd\x1e\xf2o\xfe\xcb]\xf6\x07\x11Y^\x94\xb7\
\xfbs\x9e\x88<\xc0\x18(\x8a\x02\xd7qh\xd4=\xfe\
\xc9\xbb\x1bt\x9a\x9e=Qi\xbe\xd88\x10&9\x87\
\xc3\x98\xff\xf2\xc5\x11\xff\xee\xb7{\xc4iN\x9e\x1b\x1c\
\xcfyj\x81\xc4\x99\xab\xa4\xd7\xca\x90nCq\x8d\xcb\
\x9bm>\xb8\xb2\xc2\x9f\xbe\xbd\xce\xf9\x95&\xb5\xd67\
?\xb9H\xf3\x82\xde$\xe6\x1fn\xf7\xf9\xc3\xdd\x01\x9f\
m\x8f\xd8\xe9\x85\x1c\x8cc\x928#I\x0a\x8a\xa2\x98\
\xb5/UmQ\xf5\x86G\xabY\xe3\xe2j\x83k\x9b\
m\xde\xbf\xbc\xcc\x87WW\xf9\xf9\xf55V;\xb5\x17\
r\x82\x9f\xe6\xf6\xaa\xd1\xdf\xdd\xec\xf1\xbb\xdb}>\xba\
3`w\x10r4NH\xcb\xf5Y\xb3\x89\xba\xe5q\
\xb9\x8eC\xa3\xe1\xd3n\xfb\x5c[o\xf1\xf6V\x97\x9f\
^_\xe3\xc3k+|py\x99v\xe3\xe9\xf7u\x9c\
\x15\xf4&\x09\x7f\xf9\xf1!\x7f\xf5\xf1\x01Q\x9a\xdb\x13\
\xce\xf2\x04\xfcEU\xd2\x8b\xc2\x10\xc7\x19\x97\xd7Z\xfc\
\xf1{\x9b\xfc\xf9\x07\xe7x\xf3|\xe7\x91\xef\xbf7\x88\
\xf8\xcf\x9f\x1f\xf3\xfb\xdb}\xbe\xd8\x19\xe1\xfb.\xde\x0b\
8\xb9\xac\x8e#\xcbrV;u\xce\xad6\xf9?\xff\
\xe4*\x17\xd7[x\xae\xcf7<\x0f\xfcF\x14\xd2\xe5\
\x95PU\xd8\xe77S\xda\xc8\xedx\xc7\xcd\xe5\x06\xd7\
6;\xbc\xb9\xd5\xe5\xfeq\xc0\xbd\xe3\x80\xed\xe3);\
\xc7\x01\xfda\xcc`\x1c3Jr\xa6\xa9\xbd4n\xf2\
\x02p0n5%\xc6}\x8d795g_5\x86\
</\x88\x92\x9cl\x01Cz\x92\x15Di\xce\xcd\x83\
)\x7f\xfb\xe5\x09;{cz\x83\x10\xc7u\x08\xa2\x8c\
f\xc3\xe7\xc2Z\x8b_\xbe\xb5\xf6\xc4\xde\xc5g\x95\x97\
c)w{\x017\xee\x0d\x89\x81\xceJ\x93\x7f\xfa^\
D\x98\xe4\xb3>\xf5\xefJ\x94\xe6\x84I\xce\x97\xfbc\
\xbe\xd8\x19\xf1\xbb\x9b=>\xbb7\xe4\xfe\xe1\x94\xa3I\
\xcc \xca\xa00\xb8@\xcdq\xf0\xcb>\xea\xdc\x182\
cH\xa2\x8cl\x10q|\x1c\xb0\xb7?a\xf7`\xca\
\xfe\xd1\x94\x93Q\xc4\x8f\xaf\xad\xf2\xc1\x95e\x1a\xbeG\
\xfd9\x9e\xd8\x92\xccV\xf1\xee\x1f\x07|~w`C\
Vy\xbb\x9ffo\x9b\x1c\xab\xfe\xee\xea2vU\xb9\
}$\x07\x8a\xcc\x90G\x19\x1b\xabM\xc2\xac\xe0x\x1c\
S`x\xd2\x85\xf9\xc2\xd8\x00x\xbf\x17\xf0\xe5\xee\x88\
\x83\xe3\x80\x1cp\xeb^\xd9;|\xb6d?\xff\x99\xce\
\x1e\x89\xc1ul\x9bL\xc3qh\xb8.+]\xbb\xe9\
\xd2\xde\xf1\x94\xed7\x03\xfe\xf8\x9d\x0d\xaen\xb4Ym\
\xd7f'\x1eOb\xb0W\x06\xfa\x93\x84\xdd~\xc8\xee\
\xe1\x94\xd4\x01\xa7Uc0MI\xb2\xc7\x9f\xb0\xcc>\
\x87\x81$3\x9c\x8c\x13\xbe\xd8\x1d\xb3{\x12\x90g\x85\
\xbd\xcd\xab\x0b\x81\xd5\x8d\xfb\x9c\x0c`\xca\xcfUk\xfa\
\x5c\x5ci2\x0a3\x92o\xe1\xaaZV\xae/\xda\xed\
\x85|\xb2=\x22\x8d3\xf2\xbc\xc0\xf1\xe6\xcf\xc0\x1e}\
\xc6\xe1`O\x04\xab\xc7\xb8\xe78\xd4\x5c\xdb\xf2\xb6\xb1\
\xd4`\xfb`\xca\xf1 \xe2'o\xac\xf2\xe1\xb5\x15:\
M\x9f\xf6\xd78\x01\xad\xda\xea\xbe\xda\x1b\xf3\xe9\xfd\x11\
\x7f\xff\xd5\x09_\xec\x8c\xb8w\x1c\xd0\x0fRFIF\
\x9e\x15\x98\xdcp\xe6\xec\xa8j\x97\xf2]|\xdf\xe5\xb0\
\xef\xb3s8\xe5\xfe\xe1\x94\xed\xc3\x80\xfdA\xc4\x0f.\
/\xf3\xee\x85.\x9d\x86\xff\x5c'z\xb3\xdb/\xb7W\
\xca\xbe\xd8\x1b\xf1\xc9\xfd!\x7f\xf3\xd91\x7f\xb8;\xe0\
\xce\xd1\x94A\x982\x8e3{\x5cyq\xf66\xb4\x97\
\xba\xf0j.\xb5\x9a\xcbq/d\xe7p\xca\xeeI\xc0\
^?d\x1ag\xbc\xbd\xd5\xe5\xcaz\xfb\x89_?/\
l\xdb\xcf\xfd\xe3)\x9f\xdc\x1b\x90\xc46\xa4{u\x17\
\x87G\x84\xf4G]Z\x9b\xf7\x88\x9fW\xc7\xb1'\xea\
Y\x98\x12O\x13.\xad\xb7\x18\x06\xab\x8f\xfd\x14\xd38\
g\xa7\x17rko\xcc\x17w\x06\xb8u\x0fw\xfew\
\xd9\xd7xLT\xc7a\xf2\x82<-X]n\xd0\x0b\
RN\xc6\x09Y\xfe\xf4\xc7\xeb\xb7M!]^Y\x9e\
\xeb\xe0\xb9\x1e\x17\xd7Zl\x95\xd5\xf5\xa8\xec%\xbc\x7f\
<\xe5\xcb=\x1bt\xbe\xd8\x19r\xf3`\xca\xf6IH\
1\x8e\xc9\x92\xb2\x17\xbb\xe6\x02\x1e\xb8s\x8dv\xaf%\
3\xd7xW\xd8Jzy\xe9v\xd1Di\xce\xc98\
\xe1\xf6\xc1\x94O\xef\x0dI\xc61Y\x94\x02p\xe8\x07\
\xfc\xfe\xde\x80\x1f\xbf\xb1J\x94\xe64|\xf7\x1bW\xaa\
L\xd9\xef\x1d\xc5\x19i\x90\x10\x18\xc8j\xde,\xa0\x7f\
\xc7\x19\xddn\xfc5\x8c\xf8\x0f\x7f\xd8\xe7\xdf\xffv\x8f\
[w\x87\x1c\x1f\x05\xe4qF\xe1:\x14\x0d\x9fv\xb7\
F\xa7[g\xa9j\xc7p\x1c\x92\xbc`\x9a\xe4\x8c&\
\x09\xa3Q\xc4h\x9209\x0a\xd8\xde\x19\xf1\xd5\xfd!\
\x1fm\x8f\xf8_~u\x99\x0b\xabM\xd6:\xf5\xe7\x0a\
\xe9yy9:\x8a3\xc2 )\xa7(9\xa7Aq\
\xb6\x82\xf59o,\x07Lf \xcc\x08\x1c\xe8\xaf4\
\x09\xd3\xec\xa9\x15\xba*\x08Oc{%-\x9c&d\
\x0e\x90\xdb\xa73S\x85\x85\xd3\x8b\x0cs\x1f;\xf7\x86\
\xc2\xe0\xe4\x05\xa49\x93\xb4\x80\xbc`\xdfs\xb9Y\xf7\
\xf8\xfd\xed\x1e\x9f\xec\x8c0\xe5\x15\x8a\xa5\x96\xff\xc4\x13\
\x87\xb9o\xe9t\x01\x5cY\x04p\x1c{R\xe3\x94\xe1\
\xe9i5~\xdb\x1bk\x88\xb3\x82q\x982\x9e\xa6\x90\
\x15g\x8e{\xd6\xe0\xfd\xbc\xf5Lc\xc3\x88\xe3:\x84\
q\x8di\x90\x92d\x05\xdf\xc6\xdef\xc6@^\xaeg\
\x18\x06)y\x9ca\xb2\xa2,\x8c8\xa7\xef\xf4\xd8\x07\
\x993\x9b\xbc\x0b\xd8\xfb\xcb\xc0\xed\xc2\xf0\xe5\xbd!\xbf\
\xb9\xdd\xe7\x7f\xfe\xe5%\x96\xdb5\xaen\xb4\xbfVH\
\x0f\xe2\x8c\xdd~\xc8\xff\xfb\xbb}\xfe\xd3\xef\xf7\xf8\xea\
\xee\x90\xde8!w\xa0p\x1d\x8c\xe7\x9c6\xd2?x\
\x98\x8eCQ@\x92\x16\x9c\xc41\xfd^\xc4\xcd\xed\x11\
\x9f\xdc\x1e\xf0\x9b\xdb}\xfe\xe2\xa7\x17h\xfd\xf1\x15.\
\xaf\xb5\xbeVHO\xf2\x82i\x94\xf1\xeb/\x8e\xf9\xb7\
\xbf\xd9\xe1\xd3\x1b}\xf6O\xc2\xf2\xd8\xb0\xfb\x86T?\
\x07\x0f\x1e\x9bko\xfb\xbc\xc8\xd9\x9f\xa4\x1c\x1eM\xf9\
\xec\xde\x90/w\xc7\xf4\x83\x94\xbf\xf8\xc9\xd6SCz\
al\xcb\xd2$\xcc\x18\x8eSL\xf9{\x98\x86\xf7\xf0\
\xedQ\x9d\x99?j\xb1\xca\xfcI\xe5\x83\xbf#l\x85\
\x01\x13$D\xad\x1a\xe1S\xda0\xb3\xbc`\x1ag\x04\
\x81}\xdc;\xa9W>\x8f\x97_\xe3\xeb>.\x1c\xaa\
_t\xf8\x8eC\xbdY#J\xf2\xd3O\xf7\x12)\xa4\
\xcb+\xab\xbad\xea\x95+\xb1k@\xcd\xb7=y\x0d\
\xdfc\xad\xd3\xe0\xad\xf3]~\xf1\xd6:w\x8e\xa6\xdc\
9\x9c\xb2}8a\xe78`o\x10\xce\x16\xa0@\x81\
q\xdc\xd3\x96\x98\xd7r\x84c\xf9[\xd5\xd8\xbe\xf4(\
]\xccJ\xfa0H\xf9bo\xcc\xdeI@\x1c\xa44\
\x9b>\xedv\x8d,/\xc8]\x97\x83^\xc8\xfd\xc3\x09\
w\x8f\x02.\xac6\xd9\x5c\xfaf!\xdd\x81Y{\x86\
)\x17V\x9dNE\xf9\xeeZ\x11\xd3\xac Ls~\
\x7fw\xc0_}z\xc4\x7f\xfb\xf4\x80\xafn\xf6\x19\x8c\
cp\xe1\xdcV\x97\xad\x8d6\x97\xcfw\xd8\x5cm\xb2\
\xb1\xd2d\xa9e+t\xaeS>\x99\xc6\x19\xc7\xc3\x98\
\xbd\x93);\x07S\xf6OBz\xc3\x98\xfe(\xa6\xb8\
3\xe0o\xdb5\xdaM\x9f?{o\x93\x9f\xbd\xb1\xfa\
\xcc\x93(\xaa\xdb\xc8\xe6r\x07\x5c\x87F\xd3\xe7\xfaf\
\x9b\xad\xe5&\xdd\x86\xbd\x1c\xfcu\x82\x9e)\x0a\x8a$\
\xa7\xdb\xad\xb3~\xae\xc3[\xe7\xbb\xb3\xdb\xfe\x89\xc7\xe4\
\x9c\xdeO\xc6\x18:\xad\x1ak\x1b\x1d\xde\xbe\xd0\xe1\xf2\
z\xfbq\x05\xda\x07\xbe\xb6!Ks\xa2(\xe3x\x18\
q\xd0\x0f9\x1e\xc5\x8c\x82\x94l\x9cpk{\xc4\x7f\
\xf8\xdd>\x00\x9bKu\xd6:u\x9a\xcf\xd8\xfad\xf3\
\x8a3;\xa1q\xcb*\xf8\xb3\xfe8Uy\xa7\xaa\xde\
\x9b\xc2pn\xa3\xc5\xd6Z\x8b\xf3Ku\xbau\x9f\xc2\
\x98\xe7>/2\x18Ln\xec\xa4\x94\xba\xc7/\xde^\
\xe7\xc2J\x93v\xe3\xdbi\xe9\xaa\xdaB\x5c\xd7\xb1'\
\x99\xaec\x7f\xc7V\x01\xb306\x1c=\xe6h\x01{\
\xc5\xd3u\xec.\xd4\x8e\xad\xf0\x8e\xa2\x8cl\x7f\xcc?\
|~L\xbd\xe6\xf1\x17\x1fn\xb1\xdc\xf4\xa9\xf9v_\
\x8e\xa7\xc9\xf2\x82$+\xf8\xed\x9d\x01\x7f\xfd\xd9!\x7f\
\xf3\xf1!7\xee\x0d\xe9\x87\x19\x89\xfd\x81/\xdf\xf1\xb4\
J\xedx\xce\xec\xb9\xc1\x14\x94Wd\xed\x7f\x16e\xa8\
\xc7\x18z\xd3\x84\xfc\xfe\x90\x96\xeb\x10\xc5\x19\xff\xfc\xc7\
[\xfc\xea\xedu\xbaM\xff\xb9Z\xe7\xb6O\x02~{\
g\xc0\x7f\xfb\xf4\x90\xcfn\xf48\x99$$\x8e\xb1\xc7\
V\xd8\x83p<{?\xd6\xca\x16\x94\xa20\xe4\xb9\xfd\
\xb9\xc61\xf6D\xc2s(p\xc8\xb2\x82\xed\xe3\x80\xbf\
\xfe\xf8\x80N\xdd\xe5\xf2Z\x8b\x0b+\xb6\x8f\xfeq\xb7\
\xbf\xa1lW\xcb\x8b\xf2~2\x90=\xe2\x01Z\x0dh\
\x98?\x01{\xf0\xa42{TH\xc7^\x09\xc8\x0a[\
\xc9~\xca$ \xa7\x9a\xbaU\xfeL\x98j@\x04\xd8\
\xe3\xabN\xfa\x0a\xf3\xec\x0f\xb6JnO\xd4\x8b\xbc \
\xaf*\xe8\xdf\xa4\xb7\xec\x05QH\x97\xd7\x8a\xe7\xba\xb4\
\x1b.\xed\x86\xcf\xc5r\xf3\x94\xbc0\xec\xf6C\xee\x1c\
M\xf8\xf4\xfe\x90\x8f\xee\x0d\xf8\xdd\xdd\x01;\x07\x13\x0e\
\xcbK\xc9y\x9e3\xfb\x95\xeb\xb8\xb6J1\xdf\x80\xc8\
\xb73z\xea;g\x0cEQ\x10\xa79\xd9\xb7Q>\
\xfb\x9a\xaa\x96\x88\xfe4\xe5\xd3\x9d\x11\x07'\x01&\xce\
\xe8\xaeu\xe8,5\x08\xe2\x9ci\x90\xd2\x1fDl\x1f\
N\xf9j\x7fB\xb3\xee\xb1\xf9\xd8'\x98gg\xab\x9e\
.\x8e\xef\xe2\x1a\xa8\xf9.\xde3\xf4\xcd\xbe\x08\xd5\xf7\
\x1d\xa59G\xa3\x88\x7f\xb8\xd9\xe3\xdf\xfc\xfa.G\xbb\
#\x06'!~\xddcc\xbd\xc5;o\xaf\xf1\xe1\x9b\
\xeb\xfc\xe2\xcd5\xae\xac\xdb\x05\xa1\xdd\xa6O\xb3\xee\xe1\
9\xb6ou\x1a\xe7\x1c\x0c\x22\xee\x1cM\xf9\x87[}\
\xdb\xb7y\xbb\xcf\xc9I\xc8\xc1\xfe\x98\xdf\xb8\x0e\xfd\xbc\
`\xb3S\xe7\x87\x97\x96\xcb@\xf3\xf4c\x9c\x8d'\xac\
\xf6!\xf0]\x9a\xed\x1a\x1f\xbc\xb9\xc6\xcf\xaf\xafrq\
\xb5E\xddw\xcbEu\xcf\xff\xfdgyA\xabn\x17\
\xba\xbd{\xa1\x8b\xf7\x94\x89\x0dU-\xda\xf3\xca\xb1w\
\xc6\xb0\xdc\xaa\xf1\xc6V\x87\x7f\xfd\x93\x0b\xfc\xc9;\x1b\
\xb3b\x9a\xe1\xe1c\xaa>\xbb)\x0ca\x921\x0c\xed\
\xe2\xc6\x8f\xb7\x87|zg@\xb0;&\x8f2\xf6\x0e\
\xa7\xfce\x9a\xd3m\xf9\xfc\xd1[k\xb3\x05y\xcf\xe2\
t\xa4\xe3|%}\xee\xe0\x9f\xf1\xe3=\xd7\xc5u\x1d\
rc\xb8\xb8\xde\xe2'\xef\xac\xf3\x93\xab+\x5cXm\
\x96A\xe2\xf93DQ-\x1cu\x1d\xae\xac\xb7\xb8\xb4\
\xd6\xa2\xf3-\x84\xf4\xeaD\xc3\xf3\x1cj\xbeC\x9e\x95\
a\xaa\x0c\x94\x14\x05\x9e\xe3\xe2\xcf\xaa\xea\x9c\xb9m\xec\
\x82NC\xe18\xe4\x8e\x035\xd7\xee\x87a\x0ci\x92\
3\x1cD|t\xab\xc7A\x98rq\xa5\xc9\x07\x97\x96\
Yi\xd7\x9e\xe9g:Nm\x0b\xd7\xdf\xdd8\xe1\xff\
\xfa\x9b\xfb\xec\xed\x8c\x19\x8cbh\xf9P\xf7\xc0qp\
\xf2\x027-\xec\x15[\xcf\xc5k\xfa\xb85{R\x9c\
\xa7\x05y\x94\xd9\xe2A^P\xf8\x9e\xad\xba\x03Q\x92\
\x13\x1dM\x09\xc2\x94\x1b\x07c\x9au{\xb5\xf7\xdaf\
{v\x05\xebi#8\x0b\x03w\x8e\xa6\xfc\xfb\x8f\xf6\
\xf9\xcd\x97'\xdc\xdd\x1eA\xbbf\x8f\x0d\xf0r\x83\x9f\
\x1bjM\x9fz\xcb\x9e|{\x9eK\x9a\x19\xe2\xf2\xea\
R\x9a\x17d`o7\xc7\x81$\xe7d\x1cs\xf2E\
\xc4Z\xbb\xc6[\x17\xba\xfc\xea\xadu\xd6\xbb\xf5\xc7\x1e\
\x93\xeb\xd8\x05\xe9M\xdf=\xadX\xfb\xde\xdc\xba\xae\xf2\
D\xcaq(\x5c\x97\xdc\xb3m\xa4\xd5\x15+\x07l{\
^a\xf0\x01g>\x80\xcf\x85yS\xb3-x\xd5\xb8\
\xc8\xc7q\x1c\xbbp\xd5\xf5\xcb\xa2\x9a\x7f\x1a\xd2]\xc7\
\xe0\x01nap\xcb\xf1\x91\xcfUeq\xedU\x93\x86\
\xefR\xf7\xcb\xdf-\xbc\xfc\xe7}\x85ty\xed9\x0e\
\xacu\xea\xf8\xde\x12\x1b\xdd\x06\xef_Z\xe6\x9f\xbe\x7f\
\x8e[\xfbcn\xec\x8d\xb9\xbd?\xe1\xdeq\xc0\xd1$\
a\x1a\xe5\x90\xe5\xd5\xc0\xe9\xd7og\xd3YO\xe5\xcb\
\xbe\x88\xf70\x03\xf4\xa71\x9fm\x0f9\x1c\x84x\x0e\
\xbc\xb1\xd9\xe6\xf2\x85%N\xc6\x09{\x07\x13\xee\x1e\x07\
\x1c\x1e\x07\xfc\xf6n\x9f\x0b\xabM\xde\xd9\xea\xbe\xec\xc3\
\xfeF\x0c\xf6$\xf2\xeeq\xc0\x7f\xfc\xf8\x80_\x7fr\
\xc4\xe1\xee\x840\xcaiv\xea\xbc\xff\xc6*?{w\
\x83?\xfb\xf1\x16\xef\x5c\xec\xb2\xb5\xd2\xa4\xd3\xf0i7\
\xbc\xd9\xf4\x08\x9bw\x0cKM\xc3r\xd3.\x1a}c\
\xb3\xc3\x8f//\xf3\x1f\x97\x1a\xfc\xfe\xc6\x09wwF\
\xf4'1_\xdd\xec\xf1\xfbk\xab\xbcy\xbe\xcb\xbb\x17\
\xba\x9c[~\x8e\x93\x9c\x82\xb2Ze\xf78x\xe7\xc2\
\x12\x7f\xf4\xd6\x06\x97\xd7[4k\xee\xd7k\x0d26\
4\xfa\x9e\xbd\x02\xb6\xd2\xae?\xc7\xc9\x913\x9b\x9b\xd6\
t\x1d\xd6\xda5\xaem\xb4\xf9\xc1\xa5\xe5\xd3O\xce\xc3\
!v\x16/\x8c\xbd\xed\x93,\xe7\x07\x97\x96\xf9\xd3w\
6\xf8\x0f\x1f\xed\xf3\x9f\x1b\x87\xdc\xd9\x191\x1c\xc5L\
\x861\xf7w\xc7\xfc\xe3\xad>5\xd7e\xa3\xfb\xcdO\
\x0a\x9f\x87\x81j\xec\x04\x1b\x9d:\xef^X\xe2g\xd7\
\xd7\xb8\xbe\xd9\x99\xf5\xca>\xff\x89\xd1i\xa5\xbf\xd3\xf0\
X\xed\xd4i\xbc\xe0\xc9.\x8f\xff\xe2@VP\xaby\
t:u\xaeo\xb4yw\xabk\x8f\xc7\xd8\x93\x91\xc2\
\xd8S\xab$-\x08\xd3\x8c\xbd\xbe\x9d\xb2\x12D9q\
\x9a\x973\xf2\x5ch\xd7\x08\xb2\x82\xfd\xc3)_l\x0f\
\xf9x{\x99\x1f]Y\xe6B\xfd\xe9;\xdb\xde=\x9e\
\xf2\xd7\x9f\x1d\xf1w\x9f\x1f\xb3\xb7;&(\x8c\x0d\xc1\
^Y\x9c\xc9\x0a\xba-\x9f\xf5\x8d\x16o\x9e\xefru\
\xb3\xcdJ\xb7A\xab\xe1\xe1\x94\x15\xf2q\x90\xb2}\x1c\
p\xefx\xca\xfe b\x18\xa4\xd5%\x1eh\xd5\x88r\
\xc3\xc9Q\xc8\x7f\xfd\xf4\x08\xbf\xe6\xf1\xbf\xfe\xf2\x12\xcb\
\xad\x95\xa7\xce-\xa8\xda\x9cn\x1eL\xf9\xfb\x9b=\x0e\
'\x09\xd4|[\xc5wl\x7f\xfe\xd5\xcd\x16\xefnu\
\xb8z\xae\xc3\xc5\xf56\x9d\xa6\x8f\xef\xdb\x90>\x98$\
\x1c\xf6C>\xdf\x1d\xf1\xc5\xde\xc8N;\xcb\x0a{\xbb\
\xe5\x05$\x05;\xc7\x01\x7f\xfd\xe9\x11\xe7\x97\x9b\xbcs\
ai\x16H\xe7\xd5}\x97\xd5v\x9d?~o\xc3\x9e\
L\xa7\x85\xedI\xf7O\xd7p\xf9e \x1f\x04){\
\xa3\x98[GS&q6\xd7\xde\x02K\xed\x1a\x9b\xcb\
u\xde=\xd7a\xad]\x03\x9c\xd9\x89\x08\x94\x0b6\x93\
\x8c\xf3+M~T\x16!\x9eYU5\xc7\xb0\xd6\xa9\
\xf3\xd6\xb9\x0e\xe7\x97\x1alt\xea\xb3\xbd\x0a\x9e\xf9S\
\x15\x86\x22+\xe8\xb4k\xac,\xd7y\xe7B\x97F\xcd\
}\xa6\xb5(\xdf&\x85ty\xed\xb9\x8e\x9d\x5c\xd0m\
\xfa\x5c\x5cm\xf1\xce\x85.A\x9cs\xf7x\xcaW\xfb\
c>\xb97\xe4\xb3m\xdb\xb7\xbe\xdf\x0b\x99NS\xa2\
\xb4 \xac\x06\xc3\x16\x0eT=\x80/`.\xeb\x22x\
\xdc\x9c\xeb\x97%7\x86$+8\x1c\xc6|\xb9;\xe6\
x\x12\xe3\xf9\x0eW7\xdb\xfc\xe8\xda\x0a{\xfd\x08\xc2\
\x94\xdd\xbc\xe0\xb8\x1f\xf1\xd1\xdd!\xbf\xb8\xbeF\x9a\x17\
\xb3\x89\x22\xaf\xa2\xbc\x9c#}c\x7f\xc2_~r\xc8\
\xefo\xf5\x18\xf6CZ\x9d\x1a\xe77\xdb\xfc\xd1\x0f\xcf\
\xf1/~\xba\xc5\x9f\xff\xf0<\x17V\x9a\xf8\xee\x93+\
\xfc\xabm0\xabM\xae\x9f\xebpu\xbdEZ\x18\xb2\
\xa2\xa07\x8e\x19\x0c#\xf6\xf7\x12\xfep\xbb\xcf\x95\xad\
.k\x9d\x1a\x1bK\xf5\xe7\xdb\xe4\xc4\xd8\xf3\xbb\x9a\xe7\
r~\xa5\xc9\x9b\xe7;\x5c\xdbh?\xd3\xb4\x88o\x85\
\x01\x0a\x1b\x16\xdau\x8f\x8dr\x1c\xde\xf3\xca\xcb'\xf4\
$\xb3\x8b\x1d'\xd3\x94\xc18!\x0e\x12\x0e\x8e\x03>\
\xbe7\xe4\x8ds\x1d>|\xf1\xdf\xc1c\xcd\x22x\x19\
D\xba\x0d\x8f\x0b\xe5}\xfb\xee\x85\xa5\xef\xf0H^ \
\xbb+\x17\xb5\x9a\xc7j\xbb\xc6\x07\xd7V\xf9\x8b\x9fl\
\xcd\xfa\xfd\xf3\xd9f5\x86(\xcd\x99D\x197\xf6\xc7\
|\xb53\xe6\xce\xde\x84\x83aDj\xa0p\x1c\xa8\xfb\
\xc4iA<\x8c\xb9s0\xe5\x8b\xdd1W7\xdal\
\x95\xeb\x0e\x1f\xf5\x13\x9d\xe5\x05qVp\xf3`\xc2\x7f\
\xfc\xc3\x01\x1f\xdf\xe9\xdb\x0azU\xa5.\x0c5\x07:\
5\x8f\xeb\xe7\xbb\xbcwu\x85\x1f_[\xe1\xfdK\xb6\
\xc0\xd3i\xfa\xe0@\x90d\x0c\x83\x94\xaf\xf6&|\xbe\
=\xe4\x0f\xb7\xfb\xdc\xda\x9f0\x8esRc\xa0\xee\x91\
\xc69i\x90\xf2\xf1\x9d\x01\xc6s\xf8\xe0\xf22\xd76\
\xdat\x9b\xfe\x13\xe7\xe4G\xe5T\x9c\xbbGS\xbe\xda\
\x1b\x93\xc6\xb9=)q\x1c\xea\x9e\xc3z\xb7\xc1\x8f\xdf\
X\xe1\xcf>8\xcf\xbb[]\xde\xd8\xb4\x8f?\xcfu\
\xc9\x0aCo\x92\xb07\x08Y\xff\xb2\x81q\xe1\xf6\xde\
\x98\xc3AdCzyR\xbb\xdf\x0b\xf9\xfb\x1b=\xfe\
\xe4\x9d\x0d\xa6qF\xbb\xee?\xb4\xf7D\xbd\x9c\x15\xfe\
\xcb\xb7\xd6\xd9Xj\xd8\xa1\x0bp&\xd0\xd7|\x17c\
\x0c\xdb\xbd\x90\x8f\xef\x0f9\x1c\xc7L\xa3\xcc\x8e=\xce\
\xed\x1a\x82n\xc3\xe3\x8d\xf3\x1d\xfe\xecG[\x5c\xdbh\
\xe3\xe0\x9cn\x1e\xe7\xd8\x93\xf443,5}\xae\xae\
\xb7\xb8\xb8\xf6\xe4^\xf9\x87~\x9e\xca\xdd\x9c\xd6:u\
~\xfe\xf6:\xef]\x5c\xe2\xdaF\x9b$+H\xb3\xe2\
\x99Ob\xed1A\xb3\xee\xd2mz\xbcu\xbeC\xc3\
\xf7^\xfar5\x85t\xf9\xde\xf1]\x97N\xc3\xe1\xfa\
\xb9\x8e\xdd,\xe9\xf2\x0aG\xa3\x98/\xf7\xc7|\xbe=\
\xe2\x93{\x03n\xeeO\xb8}8%Or[}\xa8\
{\xf62\xdf\xab^Y/\xc7s\xd5\xbc\x97_!\x98\
\x97\xa4\x05\x07\xa3\x88\xfb'Sn\x1fM\xe8\xc79n\
\xab\xc6\xc5\x8d\x0e?\xb8\xb4\xc4J\xab\xc6t\x10\xf1Q\
\xcd\xa37M\xf8t{\xc8N/`\x1c\xa6t\x9a\xfe\
7\xda\x80\xe6e\x0a\x93\x9c\xaf\xf6'\xfc\xe1N\x9f\xcf\
o\xf79<\x09\x01\xb8\xb2\xd5\xe5\xe7\xefo\xf2?\xfd\
\xe2\x12\x7f\xfa\xee\x06\x1b\xdd\xc6sM\xb2\xf1=\x97s\
+M\xfe\xf9\x07\xe7\xc9\xb2\x82\x1b\x07S\xe2(c2\
\x0a\xf8\xea\xfe\x90\xa5\xd5&?\xbe\xba\xcc\xdb[]|\
\xef\xf9O<\xab]5\xd3\xfc\xbb_\x5c\xfb\x90\xb2\xbd\
9/\x9e\xbfG\xbb\xe2\xba\x0e5\xc7\xe1GW\x96\x89\
\x92\x9c\x1b\xbbc\xee\x1dMH\xd2\x9cq\x98r\xfbh\
J\x7f\x9a\xbe\xd8\xe3~V\xe5\x9dS\x146d\xbe\xe4\
a\x13\xdfL\x19\x12\xeb\x0e\xac\xb6\xea\xbc\x7fq\x89\x7f\
\xf9\xc1\xf9\xd3\xff.[\x94\xe0t\xc7\xcf\x83a\xc4\xdd\
\xa3\x80\x7f\xfb\xf7;\xfc\xd7\xcf\x8f8\x1a\xc6\x84YQ\
\x06W\xfbq\xc7\xe3\x98\xbb\xc7S&Q\xf6\xc4/\x1f\
&9\xf7z\x01\x9f\xdc\x1f\xf2\xdb\x1b'\x1c\x0ech\
\xf8e\x9f\xb7\x814g}\xa5\xc9\x0f\xdfX\xe1\xcf?\
8\xcf\xbf\xfep\xcb\xce\x17\xef\xd4\xa8\xfb\xe5\xcc\xfc\xb2\
/>\xcb\x0b~ty\x85\xe3\xf77\xf9\xabO\x0e\xf8\
\xf5gG\xfc\xc3\x8d\x1e\x87\xa3\xd8\x9e\xc9z\x0etj\
\xf4&1\xb7\xee\x0e\xf8\xe8V\x8f\x8b\xabM>\xb8\xb2\
\xc2J\xfb\xf1W.\x82$\xe7\xfe\xc9\x94\xa3aD\x92\
\x94\xfb\x0b\xb8\x0e\xe4\x86\xd5\xba\xcf\x9f\xbe\xbb\xc1\xbf\xfa\
p\x8b\xff\xf1\xa7\x17f\x93c\xecc\xd8\xa1\x00\xce/\
7\xb8~\xae\xcdJ\xbb\xc6\xd6r\x83\xff\xfb\xd7\xf78\
<\x09\xa0\x5c\x1cMf\x18\x8fb\xee\x16\x86{\x87\x13\
\xf6\xfa\x11\x97\xd6Z\x0f-&\xafyv^\xf8\x8f\xae\
\xad\xf0\xe6Vw\xd6\x9ag\xcf\xe7\x9d\xd9\xebi^p\
\xff$\xc4\x18\xf8\xbb\x9b\xbd\xb9\xfb\xb9\xc05\xb0\xdc\xf0\
\xb9\xba\xd1\xe6\x8f\xdf^\x9f\xbb\xcau\xdaMj\xb0\x8f\
[\xdfu\xca\xf1\xa4\xcf\xf1\xbb\xdc\x00\xe5\x1c\x88\xf5v\
\x9d_\xbe\xb9\xc6\x87\xd7Vyc\xb3}fW\xe6g\
\xfbT\xd5\x9e\x13\xb6\x15\xac[\xaeqx\xd9O\x93\x0a\
\xe9\xf2\xbdSM^X\xf1\xeb\xac\xb4ak\xa5\xc9\x1b\
\xe7\xf2Y\xdf\xe0\x1b\xe7:|z\x7f\xc8\xc7\xf7\x06\x1c\
\x9c\x04\x9c\x0c\x22\x82\xccV`(\x8c\xed=t_\xdd\
\xaa\xba\xbdd\xea.T\xf59Hr\xee\x1f\x07\xdc?\
\x9a2\xe8\x87\x14\xb9ay\xb9\xc9\xc5\xf5\x16o\x9d\xeb\
\xd2\xa9\xfb\xec\x1eL\xa9w\xea\x0c\xe2\x8c\xfdC\xbb\xf3\
\xecN?\xe4\xeaz\xfb\x95\x0b\xe9\xd5\x13\xde4\xce\xf8\
bw\xc4\xa7\xf7\x86\x1c\x1e\x06DQ\x86\xdf\xf4y\xff\
\xea\x0a\x7f\xfe\xe3\xf3|\xf8\xc6\x0aW6\x9e\xa3\xb2D\
u\xffB\xa7\xe1\xf3\xe6\xf9\x0e\x1f\x5c]\xe1\xfd\xab+\
\x04\xfd\x90\xc9\xde\x84\x93Q\xc4\xbd\xa3\x09\xfd\x89\xdd\xb5\
\xd4u\xbdg\x7f\x22*\x9b4\x0d64~\xd7#*\
\x9f\xe4\x9b\xac\xf1\xaaFG^\x5cm\xf1\xfe\xa5\x8c\x0b\
\xeb-:\xad\x1a\xf98!\x8cs\x0eG1\xe3(%\
/L\xf9\xd0\xff\x8e\x1f;\x8ec\x17\xf1\xcd\x85\xd8W\
V9B\xb4\xee;\xacu\xecd\x96'\xb9\xb8\xda\xe2\
\xf2Z\x9b\x83AHo\x1a\x13E=\xc2qf+\xc3\
\xa5a\x90\xb2?\x88\x98D)Yyu\xedQ\xf7\xd1\
8\xb2\x9b`}\xbe=b\xffxJh\xb7\xba\x04c\
\xf00\xb4\x9b>o]\xe8\xf2/?\xbc\xc0\x7f\xff\x83\
M\xfe\xe8\xad\xf5'.F\xddZ6\x5c\xddha\x8c\
\xc1\xf7\x5c\xc6AF\x96\x0f\xed4\x1b\x07\xa8{\xc4a\
\xca\xc90\xe2\xb3\xfbC\xaemu\xb9~\xae\xc3r\xb9\
Y\xcf\xa3\x8e1Ns\x8e'\x09\xa3 \xa5\xc8\x0a\xbb\
`\xd6u /h\xf9.o\x9d\xef\xf2\xee\xc5%\xde\
y\xca\xd5\x14\xc7\xb1\xbb\xf8\xfe\xeef\x8f/\xb6\x87\x84\
\x93\xc4\xae\xa7,On\xa2$c\x1c\xda5\x19\x8fj\
{s]\x87\xba\xeb\xd9\xc5\xf9O\xf8RQ\x9a\x93d\
\x86\xd5N\x1d\xdf\x9d\x9b\xb4R\xb6\xbc\xd4\xca\x19\xfc[\
+\xcd\xa7\xde\xd7\xcfmn\xdcj\xc3w\xd9\xe8\xd6\xb9\
\xb0\xd2\xe0\xd2\xda\xf3_M[T\x0a\xe9\xf2\xbd\xe7:\
\xd0\xaay\xbc\xb1\xd9\xe6\xe2j\x93_^_\xe7\xf6\xd1\
\x84?\xdc\x1d\xf0\xdfn\x9c\xf0\xf77\xfa\xdc\xdb\x1f\x13\
\x0f\x22\xfb\x01\xbek\xab/\x8b\x93q\x9f]\x190\xec\
v\xca\x8b\xf3\x0d\x04q\xc6\xcd\x83\x09\xdb\x07S\xd2q\
B\xb3[gc\xb5aO\x9c6\xec\x060_n\xb6\
\xa9\xaf6\xc8\x0f3\xa6\x83\x88\xed\x83\x09_\xedOX\
m\xd7Y\xed<aw\x98\x05U\x18\x98D\x19\x9f\xec\
\x8c\xf8rgD<I\xf0<\x87\xc6r\x83\x9f\xbe\xbd\
\xce\xbf\xfa\xf1\x16\x17V\xbe\xfe\x93M\xf5s}\xb1\x9c\
+\xdf\xdf\x1fs\xeb\x8bc\xb2\xbc \x8a\xed|\xe8 \
\xb1\xa3,_z\xb9hAt\x9a\x1e\x9b\xcb\x0d6W\
\x1a\xacv\xea\x04N@\x9a\xe4\x8c\x82\x940.\xe7\xe6\
\xbb\xceK\xb9\x04^\xe5\x9eW^ue\xe0\x19\xa7\xd3\
\xb4\xea\x1e\xe7W\x1a\xfc\xfc\xcdu\x06\xd3\x94\xbb\xbb\x13\
\x0e\xc7q\xd9\xe6`[&\xa6I\xc6\xc9$a\x1ce\
\xc4in\xab\xb1\x8f\x08\xc0\xc3 \xe5\xb7w\xfa|\xb5\
3\x22\x8b2\xf0<\xdbC\x1e\xa5\xd4=\x87\xad\xb5\x16\
?\x7f{\x9d\xff\xedW\x97\xb9~\xaeC\xa3\xe6=q\
\xed\xa1\xe3@\xc3\xf7\xf8\xd9\xf55:\x0d\x9f\xa3aL\
\x90d|z{@X\x00u\x17\x5c\x978\xfb\xff\xd9\
{\xd3\xe68\xae,M\xf3\xb9\xbe\xbb\x87\xc7\x1e\xd8\x01\
\xee\x9b()\x95\x92*\x95\x99\x95\xd9U]]\xcbL\
uO\xb7u\xb7\xcd\x87\xf9\x07\xf3\x83\xe6/\xcc|\x9e\
\x19\xb3\xb6\x1e\x9bj\xab\xaa\xae\xca\xa9\xdc\x17m)\x91\
\x14w\x82\xd8\x81@\xac\xbe\xfb\x9d\x0f\xd7#\x00R\xa4\
\x08\x80 \x01J\xf1\x9aA\xa0H\xc0\xe3\xfav\xef\xb9\
\xe7\xbc\xe7}%\xb7V{\x9cY\xee\xf0\xaf\xde\x9az\
\xbaG\xf6\x09\x8c\xe4E\xa3$W} \x82qS\xa3\
\xa9\xab\x8dM\xe9\x00\xf4\xb2V\xd9\xc6\xd0\x04\x17\x17*\
,>\xdae-\x93\x84\x22\xc5t\x0c4CC\x18\xaa\
*\x10&/\xe7\x071\xae\xaa\xa5\xd93=\x11r)\
G\x8c\x94W\x8aL\xca\xb1\x0b\xf3\xb7\x09\x93 }\x82\
\xef<FY4[\xd3\xb1M\x9d\xb2\xab\x92\x17\x9e\xa5\
\xd3\xac8\x5c\x99\xafp\xe3a\x87\xdb+=\x1eo\x0d\
\xd9\xea+s\xa4,-4\x99GM\xa6\xbc\x09q\xbb\
R\x9a0N\x09\xdded\xc9\xdd\x0dRn\xae\xf5y\
\xb45$\x8b3\xaa\x8e*\x916}\x8b\x8ak\x22\x84\
`\xae\xee2\xdf*\xd1\xef\xc6\xecv#\x1eo\x0d\xb9\
\xb1\xd2\xe5\xf2l\x99\xc5\x86:\xde)*\x0e|#\xa4\
\x84~\x90\xb2\xb6\x1broc\xc0J; I3\x1a\
5\x8f\xa5\xb3U.\xcc\xfa\xcc\xd7]\xdc\x97p;\x1d\
=\xd7\x0d\xdf\xe2\xbd35\xc2^\x84.\xa1\xd5\xf28\
\xb7P\xe1\xfct\x09\xe7%\xca\xb9\xdf\xae\xa5p\x1f\xa4\
\x92\x81\xcb\xf2\x91B\xc4\x9e\xbc\xb7)pP\x00\x00 \
\x00IDAT\xf9i\xeb\xe5xS\xb1\xd7W\xb8W\
\x17x\xdeu\xd55\xd5T<S\xb5Ylzx\x85\
\xb1T\x9e\x17\x12yB\x90\xe6JW>NU\x90f\
KeR5\xfe\xbc\x82\xe3\xbe\xd5\x8b\xb8\xb3\xdeg\xb5\
\x13\x92\xa3z\x8d@m\xbcJ\xae\xc9;gk\xbcw\
\xae\xce|\xcd\xa5\xec\x18/vF-\xde\xb1R\xa1&\
\xf6\xc1\x85:\x9b\x9d\x90\x07\xeb\x03\xa2 Qc\xd4\x04\
\xa9\x84\xb5n\xc4\xfdMe(4U\xb6\x8by\xed\xeb\
\xc7\xd4\x84\xc02\x14\x85\xe5\x89\x0b\xa3\x09\xfaQ\xc6\xe7\
\x8f:LU\x9dB\x82\xd6\xa6\xea\x99\xcf\x1c\x9b\xa9k\
\x94]\x93\x8f.5\x10R\xb2\xb9\x1d\x10'9\x96\xad\
\xa3\x1bJ\xd1\xea\x87\x97[\xccT\x9c\x03\xab\x16=\x0f\
\xca\xe9\xf7\xd9s\x82\xda\x5c\xbeD\x99\xebE\xd8\x7f\x99\
\xbe\x85/\xe7$H\x9f`\x82g\xa0\xe1\xdb4|\x9b\
\xeb\x8bU\xa24\xe7\xe3\x07\xbb\xfc\xf6\xce\x0e\xff\xf4\xf9\
\x06\x9f\xdd\xdda\xb8\xda#K\xf2\x91F\xd5\x9e\x19\xd2\
\xa9\x8d\x5cF\x92\x0e\xaa\x8ci\xe8\xdf,u\xf5:1\
\xb2R\xbf\xb9\xda\xe3\xd1\xf6\x90,\xcb\xa9{\x16\xe7[\
%\xea%\x0b\xd7\xd6\xb1L\x8d\xf9\xba\xcb\xd9\xa9\x12[\
\xeb}v\xb3\x9c\xc7\xdbC\xbeX\xee\xf2gW\xa7G\
k\xf5\x1b\x83\x5cJv\x87\xca\x95\xf2\xe1\xd6\x90\x8dN\
H\x9eK\xa6\xab\x0e\x1f^lpv\xaaD\xc5}\xf6\
\xe2{X\xd4=\x93\xef-U\xa9\xb8&\xe7\xce\xd69\
\xdbtYj\xb8L\x97m|\xc7\x98$\xd1\xf7A\xa9\
\xbdH\x86Q663\xd1\x8aM\xad\xa1\x15\x14\xb1\xc9\
\xf5:6\x1ct\xba\xd4\x84\xa0Z\xb2\x98\xaa\xda8\x9e\
\x89f\xe8\xe4I\xa1\x22\xa2)\xd1\xa1Q\x8fD\xf6\x0c\
]J)a\x10\xa6l\xf5B\x1el\x0e\xd8\xe8E\xe4\
\x86\xcar#U \xed\x97m>\xb8\xd0\xe0{g\xaa\
J\xc5\xe5\x90\x13J\xd91\xf8\xe0|\x9d\xb5\xdd\x90\x9f\
\xdd\xd8\xa4\x13gJ_\x5c\x17\xa4\x08\xb6\x86)\x8fv\
\x02\x1en\x0fYh\xa8\x06\xd2g\x19d\x19\xba\xc0\xb3\
\x0d,s\x9f\xd4\xa1\x90\xa0k\xec\x84)?\xbb\xb1\x89\
e\xe9\xcc\xd6]\xde^\xac<7H\x07\xd5\xfc\xf9\xa7\
WZ\xbc\xb3X\xa5\x1fe\xe4Rb\x99J\xea\xd0\xd0\
5|\xdb\xc0\xb7\x14\xf7\xfae\xa06]\xcf\xb9\x9b\xaf\
\xa9\x04$P\xcb\xf0\xb7m>\x9b\x04\xe9\x07\x84\x94)\
2OA\xaa\xe6!\xa1\xb9\x08mr\xf9\xbe\x0b0t\
\xc1\xd9\x96\x87mh,5<n\x5c\xa8\xf3\xfb;;\
\xdcx\xdc\xe5\xd6j\x8f$\xc9\xc8\x86J\x1aL\xf1\xd5\
\x0f\xe2M\xf8:!\xf6\x0c94\x81e\xea\xf8\xaey\
(\xd7\xc9W\x854\x93lt\xd5\xc2\xb9\xba1\xa0\xd3\
\x8f\x91\xba\xc6t\xdd\xe5\xad\xc5\x0a\xb5\x92UL\xbe\x82\
\xaagrq\xc6g\xf9q\x87\xbb\x86\xc6V?\xe6\xee\
z\x9f\x87[\x03.\xcf\xf9\x87v\xd2<IH\xa9d\
\xcb6;\x11a?F&9\x18:\x8d\xaa\xc3\xb5\xb9\
\x0au\xff\xf8\xe8;\xa6\xa1T\x1a\xceO\x97\xa8\xfb\x16\
\x15\xd7\xa0l+\xb7\xd2C/h\xc5\x82;\xe2\xbb:\
\xe6\xc97V\x8dP\xecA_\x0a\x8fw\x02>_\xde\
\xe5\xf1\xd6\x80\xde &\xcbs\x5c[g\xa6j\x17\x99\
\xd5\x13\x8a\xd1\xa5\xc4\xd0\x04\x96~\xbazI^\x16\x07\
=\x93\x5cJ:\xc3\x98\xcdnD8L\xc8G2\xb9\
\xb9\x84\x5c\xcd\x0f\x96\xaec\x1b\x1a\xa6.\xbe\xb6aW\
\x9b\xe2\x84\xadnDo\x10\x13%\xf9X\xd7\x9c\x1c\x5c\
\xc7\xa0Us8?Sb\xbe\xe1a\x1e\xc0\x10\xe9i\
\x98\x86\xc6T\xc5a\xa1\xe12[w\xd9\x1d$\xec\xec\
\x86\xaa\xc1U\x13\xe4I\xc6p\x10\xb3\xd9\x0e\xd9\x1d\xc4\
\xcf\xe5g{\x96R9\x99\xaa8\x18\xa6F\x96)\x03\
*t\x8d\x14\xd8\xed\xc5\xfc\xe6\xd6\x16\xed^\xcc\xd5\xf9\
2\x97\xe6|\x16\xea.3U\x87\xbaoQ\xf5,\xca\
\x9e\x89Y\x98}\x95,\x03C\xd3(\xbb\xf9X\x9de\
\xd4Wa\xe9\xeazio\xc6\xb4\xf9\x8d(\x84\x9e\xc6\
\xfb\x81\xa3\xec\x0d\xc4S\xdfO\x03&Q\xe6\x0b\xa0v\
\x87\x12\x99\x85\xe4i\x0f\x90\x08a 4\x8b\xc9\xe5\xfb\
\xf6C\x08\x81!\x04s55\x09\xbe\xbdX\xe5\xdab\
\x85\xf9\xa6G\xf5\xc6&\xa1\x94\xec\xee\x0c\xe9t#\x92\
<'G\x03d!\xd7X\x1c\xe3d\xcf\x80\xd1T%\
\x00M\xd7\xc6A\xfaa\xdc\xef^\x15\x92<g\xb5\x13\
\xf2`\xbd\xcf\xc6\xe6\x90\xe10AX:3M\x97k\
\x0b\x15j%s\x5cR\xaex&\x97fK\xdch\xb8\
\x08K\xa7\x13$,o\x0cx\xb85`}7\xa4d\
\x1boL\x90>\x0a\x1a6\xbb!a\x90\xa8E\xd8\xd4\
\xa8Ul.\xce\xf8\xd4\x8e)\x8b\x0e\xaa\xecm\xba\x1a\
\xbek\xb2pL\x0dU\x82\xbd\xcaE\x9a\xcbCI\x9d\
=\x0bZQ\xe1Q\xc7=\xfc\x1bs\xd4\xdf\x1b\xe95\
\xa7E\x16\xf6\xf6z\x9f\xdf\xdfk\xb3\xb25d\x18&\
 \xa0\xe4\xaa\xe6\xc6Z\xc9<\x99\x00y\xb4\xc1F\xbd\
\x07\xd91\x5coAq\xbd\xc5\xd1\xaf\xddK\xe3\x80\xf3\
cVHc\xae\xed\x86<\xdaR&Ay.\xf7\xcc\
u\xb2\x1cS\x17\xb8\xa6r\x9a6u\xedk\xe7#\x81\
n\x90\xb0\xd3\x8f\x19\x0eS\xd2Te\xb8\xc9A\x93\x92\
R\x11\xa4/6=\xa6\xab\xf6\x1e\xd5\xe4\x1004\x8d\
Z\xc9b\xba\xea0SwY\xd9\x1a\xb23\xd2'\x17\
\x82<\xcd\x08\x03\xb5Q\xe8\x0c\x93\xe7f\x9e=Kg\
\xa1\xee1[s\xa8\xfa6\x83~D\x18\xaa$P\x06\
\x0c\x82\x94/\x1fv\xf9r\xb9\xc7'\xd3\x9ej\x0e\x9f\
\xafpq\xd6g\xb1Ub\xbe\xe12[S\x06UN\
a\x12\xe4\x98\xda\x13U\xb3\x13\xb9\xdf\xaf\x04{\xe7\x11\
g9\xbb\x83\x98\xad^D\xd55\x0fa\xf4\xb5G\xb9\
\xd2\x00\xc7\xd4qm\x1dC\xd3\x0e\xa5\xa8\xf5\xaa0\x89\
2_\x88\x1c)S\xb2h\x95tx\x17\xddY@\xb7\
fNzP\x13\x9c\x00\x04*\x0b1Ws\xf8\xc9\xb5\
\x16\xb35\x87w\xcfT\xf9\xd5\xcd-\xfepw\x87\xc7\
\x9bC:\xc3X\xd5^\x0d\x0d\x8c\xe3\xc8\xed\x1d\x13\xe4\
h\xfc\x1a\x8e\xa5Sq_\xa3\x81\xc97 Ns\xee\
o\x0c\xb8\xb3\xd2#\xec\x84\x98\x80[w\x99\x9b*q\
q\xbaD\xc5\xd9\x0bV\xcb\x8e\xc1\xa5\x19\x9f\xb9V\x09\
\xa3l\x93\x87)\xc1n\xc8\xfd\xd5>w\x17\x07\xcc7\
\x5c|\xe7\xcd\x98\xd2$\xd0\x09\x12\xb6z\x11q\x92\x81\
\x06\x9a\xa3\xe3x&\x8d\xd2\xe9\xd8@=\x13\x9a\xea\xc3\
H\xb3\x91\x1es\x88\xa1\x0b\x1cS?\x944\xe0\xa8<\
\xae\x9a\x98\xd5\xc2\xe8;FQ\x86?\xe4;3\x0eb\
\x0f\xff\xb6\xa5\xb9j6[\xef\x84,\xb7\x87\xfc\xc3\xe7\
\xeb\xfc\xf7\xcf\xd7Y\xdb\x1e\xaa\xb4\x9ce0\xd5\xf2\xf8\
\x93\x8b\x0d\x16\x1b\xc7\xacLqP\x14}/\xc38c\
\xa7\xaf\x82\x90\xb2k\x8c<\x5c\x0e\x8cQ(\x92KU\
\x1d\xf4m\x03\xb7\x08\xe2^+\xe4\xe8\x94\x0e\xe6\xea;\
\x8cS6\xbb\x11\xbf\xbb\xb3\xc3/on\xb1\xd3\x8f\xf7\
L\x83r\xa5\xb8U2u\xd5P\xe9\xa8\xf3y:\xb6\
\x92\x12\x06Q\xc6 L\xc9\xb2Q\xc3\xa9J\xa8\x08)\
\xa98\x06\xad\xa2!\xd3\xd4\x8f^\x09\x150vB\x1e\
\xcfE\xfb\xeeS\x9aKza\xca0\xca\x9e\xfb\xbe\xd8\
\xa6F\xab\xac\xcct~p\xa9\xc1\x97\xb7\xb7y\xd0\x8b\
\x0a\x13']5\xa3\x16\x15\x84\xadv@8\x88YY\
\xeb\xf3\xab\x92E\xc9W\x9b\x84\xc5\x9a\xcbl]\xa9c\
\x9d\x9d*\xb1\xd8\xf4\x98\xad:\xaf\xc4Y\xf6D\xa13\
\xe6\xb7\xacuC\xfe\xfe\xb3un=\xee2]v\xc8\
\x0e(\xc1(\x91\xc8\xe2\x075]\xf0\xd6b\x95\x0f/\
6h\x16U\x89\x93\xc6\x9b\xb1\xa2\x9d d\xda'\x8b\
VH\xc3G\xe4\xd1\x1a\xba5\x85\xd0L\x8a\x8e\x93\x09\
\xbeC\x18I\xdbU\x5c\x93\x8akR/Y\x9c\x9b.\
Q\xf5,je\x9b\xcf\xef\xecpo\xad\xcf\xce &\
\xc8r\xb2T\xf1\x02\xe4\xa8\xa9\xf4\x84\xb3\x17\x02\xd5\x80\
\xe5Z\x06\xbec*\xce\xe3\x09\x22\x97\x920\xce\xb9\xbf\
9\xe0\xeeZ\x8f`\x10\xe3\xd9:\xb3S\x1e\xf3M\x97\
\xd9\xaa\xf3\x84\xb4b\xc9\xd69\xd3\xf2Xhy4j\
\x0e\xbd\x8d\x01a?\xe6\xdez\x8f;\xeb}\xde?W\
\xa3\xe1\x1f\xd2\x9c\xe7\x84\x90KI/Hh\x0fb\x92\
$Wrg\xb6\x81\xe7\x1aTN\x09\x15\xe9k\x185\
I\xa3d\xe2\xbeZ\xeb\xe3;\x06\xf77\x1dlC;\
\xb4BD.\xe5X\xb3\x7f\xa1\xe1ry\xb6L\xc55\
\x9e+w\xf7\xdc1\xe9\x828\x93t\x82\x84\xfb[\x03\
>}\xb8{\xa0_\x95R\xb9;\xf6\xc3\x94\x07\x1b}\
\xee\xac\xf6\xf8\xf9\x17\x1b\xfc\xf1n\x9b Hql\x9d\
f\xc3\xe3\xeaR\x8dw\xcf\xd4\x98\xa99\x87:\xbf\x97\
\xc5x\xd3\xa1\xa9\x80tk\x10sc\xa5\x87eh<\
\xdc\x1e\x92\x8f\x1a[\x0f\x13\xa8\x17&2\x15\xd7\xe4\xc2\
\x8c\xcf\x5c\xcda\xaa\xe2\xbc^\xb5\x1aM\xe9y\xc7i\
N\xbb\x1f\xf3`k\x00\x145?\xc9Xfr\xbfN\
\xfa\xc3\xcd!\xbf\xf9j\x9b/\x1fu\xe9\xc5\x19O\x0c\
XB\xd53\x99\xab;j\xa3\xf7\x8c\xe7GJ\xc90\
J\xe9\x87\xe9\xdesZ|\xa0\xc8\xc1\xb7tj\x9e\x85\
c\x1e={:\x9arlC+\x14XFs\xd7^\
\x94\x9e\xe6\x92~\x98\x12\xc4\xd9so\x9b\xa1+\xc9\xc7\
\x8b\xb3>\xff\xfa\xfa\x14\xe90\xa6\xdd\x09\x09$$i\
\xfe\x04\xe9z\x18e\x0c\x83T\xe9\xbdk\x02a\xe9T\
\x1d\x93\xe9\x92\xc9l\xddU\x12\xb6\xb3e.\xcc\xfa\x5c\
\x9c)1_wi\xf86%G\xc7\xb3\xbe\x05\xe1\x9f\
\x10\x85K,\xb4\x07\x09\x7f\xb8\xb3\xc3\x9de\x03\xdf\xd4\
\xc9\xa4\xeawz!\xa4D\x16\xd7U34\x06Q\xca\
\x99\xe9\x12\x9e\xa5S=\xa1}\xf9~|\x0b\xee\xd2\xab\
E\x16\xad\x12m\xfd\x1d\x92\x0c\xdd\x9aA\xe8%\x84\xee\
\x17\xbb\xf0\x09\xbe\xcb\xf0\x1d\x03\xdb\xd4\xf8\x9b\xef\xcd\xf2\
\xde\xd9\x1a\xbf>S\xe3\x97\xb7\xb6\xf8\x97\x1b\x9b<\xde\
\x1c0\xe8\xc7HC\x03\xcb8\xf9=\x9d\x94\xe8\x9a\xca\
xz\xb6\x81[d\x8cN\x12i\xa6\xa4\xc6\xee\xaf\xf7\
\xb9\xb7> Lsf\x1a.W\xe7\xca\xcc\xd7\x5c\x5c\
\xeb\xc9\xe6-\xc7\xd4\x99\xa9:\x9ci\xaa\x12\xef\xfdn\
\xc4N?\xe6\xfe\x86r\x8e\xed\x05)Y&\x8fT\xaa\
~\xdd\x90R\xc9N\xf6\x02\xa5\xeblh\x02\xcf\xd1\x9f\
0'9u\xd0\xc4\xd8\xcc\xab\x1f\xa6\xfc\x7f76\xf9\
\xfc\xe1.\x8e\xa5\x8f\xe9\xc1\x87I\xa7\xcbL=\x93\xae\
m\xf0\x93k-\xfe\xf3\x0f\x9787u\x08\xf7\xd2Q\
\xb7\xb0\xa9\xb1\x9b\xa4\xdc\xde\xec\xf3\xff|\xba\xc6\x97+\
\xbd\xf1?\x8f\xb1\xffr\x16\x7f\x9f\x15\x81[{\x90\xb0\
\xb19`u\xadO\xa7\x172\x1c&\xe4\x86\xc6L\xd3\
\xe7\xcf\xde\x99\xe6\xa7\xd7\xa7\xb82\xa7\x0c\xb5^7\x84\
\x10\x08]\x03K\xe7\xee\xf6\x90\xed(\xe5wwwp\
\x0cmO3\xfd0Aza}~\xa6\xe5\xf1?|\
0\xcf\x0f/\xb7h\x1c\xd2(\xeb\xa50\xdaT\x15=\
\x19_\xae\xf4\xf8o\x9f\xad\x17\x92\xb0*\x88M3e\
\x14\x14$J&\xf4\xeez\x9f\xdb\xab}\x1e\xad\xf7\xd8\
\xeaD$\x86\xa6\xb2\xcacKx\x98\xad){\xfb\xf2\
s*i\x12\xe5\xc50\x8c\x9e\x92\x1b\x94 \xa4\xc4\xb3\
t\xca\xae\x81~\x0cs\xa2\xa1\x0b|\xd7\xc0\xd9o\xca\
S\xec\xa6\xb2L\xd2\x8fR\x82$}~\xa3e\x81\xf3\
\xd3%\xfe\xfd\x87\xf3t\x071\xeb\xfd\x98G\xab}v\
{\xb1z\x07\x0dM}\xd7\x8b\xcf(\xe6I)%\xfd\
aL\xd4\x8fX\xdf\x1c\xf0\xa5\xa1\xf3\x0b\xcf\xa4^u\
\xb80\xe7\xf3\xfe\xf9:?\xb9\xd6\xe2\xd2\xac\xcf\x99\xe6\
\xb7 \xfc\x13{_A\x94\xb22L\xd8\xc8%z\xf1\
Z\xc8\x83<\xd6\xb9\x844W\xc7\xb1t.\xce\xfa\xf4\
\xc3\x94\xf8\x94H9~\x0b\xee\xd2\xab\x81\xcc\x02\x95A\
\xef\x7fJ\xda\xff\x1c\xdd=\x87\xee\x9eG3\xab\x93\x86\
\xd1\x09\x80\x82\xeb\xabkx\x96A\xcd3\xd15A\xd9\
3\xa9x&\x9f\xdem\xf3\xe5\xfd6\x9d0a\x18\xa7\
`jH];9\x03\xa4\x5c\xa2\xeb\x82\x92\xa3\xb2\xe8\
%\xdb\xc4\xd4O6\x93\xde\x19\xc6<\xde\x1e\xb2\xb29\
d\xbb\x13\x92\xe8\x82z\xcd\xe1\xad\x85\x0a3U\x07\xfd\
\xa9n&]\x138\x9a\x0a\xd4\xaf/T\xe8n\x0c\xd8\
\xdc\x1a\xb2\xb9\x1b\xf2h}\xc0\xe3\x9d!\xd3U[\xb9\
s\x9e\xc2\x18\xf7i$YN\x94\xe4\xe4\x85A\x8e\xa9\
k\xca8\xc5xqs\xa0\x94*\x8b\x1a\xc4\x19k\xed\
\x90\xf6 &\x88R%v\xf1\xbc\x80\xabXs\xf2\x5c\
\xa2i\xd0(\xdb4|\x8b\x86oa\x1d\xd4\x0c\xaa\x18\
W\x9afll\x0f\xd9\xde\x1a\xed?\x0f\xe9\xf6)A\
\x16\xa63\x96g2_s\xe8\x05\x09q\x9a\x1f\xe2 \
\xa8\x85\xd5\xd0\x08\x92\x9c\xad\xdd\x90\xcf\x87)\x0f\x1ft\
\xc6\xe7*\x9f\xfaYQ\x90\xe9\xa5\x10\xe4(\xd9\xbeA\
\x94\xd1\x1f\xc4\xf4\xfb1%Sc\xba\xe91=\xe5\xf1\
\xf6\xb9:\x7f\xf9\xde,\xef\x9f\xabSs\xcd\x97V\xc0\
8\x0a\x04\xaa\xd9\x1bC\xa3?L\x18\x86\x09\x1b\xb9\x0a\
,\x0f\xed<*UY_\xc69q/\xe6\xdd\xb35\
\xba\x8b\xcf\xe7F\xbf\x12\x08\x01\x86 Ai\x96\x7f\xf1\
\xb0C\x1c\xa6#o8\xb2\x0c\xb2<'\xcd\xd5\xbb\x11\
F\x19k\xdd\x90\xf5ND\x18\xa7$R\xee\xb9V\x15\
v\xf6~\xc5\xe6\xd2|\x99\xb7\x16\xbeA\xe9\xa4\xc8B\
\xc7\xe9\xc8\xb1\xb5\x88\xec\xa4\x12N\xb1t\x0d\xdb<\x1e\
\x0bx]\x08lS5d>=\xd9\xe7R\x12g9\
\xe9\x01\x02\xc0\x8ak\xe2\x9a:?\xbe6E\x9aK>\
\xbe\xb5\xc3\x9d\xd5\x1e\xeb\xfd\x980\xc9H\xd3b\xf0\x9a\
`?\xd7+\x95j\xb3\x13\xa49D\x19\x04\x09\xeb\xdd\
\x90\xedN@\xbb\x1b\xd2\xeeG\xfc\xf0r\x0b\xae@\xbd\
dQ>\x81\xcd\xe7qb\xb4\xa2f\xb9$K2\x15\
pg#5\xb3\x03\xdcP\xd5\x94\xa2~6\x97\x04\x85\
n\xfck}/\xbe\x01\x93h\xf39\xc8\xd3\x1eI\xe7\
7$\x9d_\x93\x85\xf71JW1\xcb\xef\x15\x0d\xa3\
\x13L\xf0$lS\xe3\xea|\x99\xb9\x9a\xc3\xb5\x85\x0a\
\xff}j\x9dX\xe6\xdcy\xd8a\xd8\xed\x834\xc0\x16\
c\xa7\xd2\xd7\xaa\xd5X,l\x86P\xceo\x15\xcf\xc4\
wN\xbe\xc9r\xab\x1bqo\xad\xc7\xfa\xe6\x80\xde \
AZ\x06\xb5\x86\xc7[\x0bU\xa6+\xcf\xa6\x16\x08\x94\
I\xc7\xbbK5n\xdf\xdf\xe5\x0b\xa3\xc3n?\xe6\xf1\
F\x9f\xbb\xeb}\xe6\x1b\x1e\xf5\x92\x85~Zz\x01\x9e\
\x07\xb9\xe7\xd8\xa9\xfcX\x04z\xd1\xa8\xa4\x17fS/\
\xc2\xa8\xf9\xf47ww\xb8\xb1\xdcam' \x07\x8c\
\xe7\xdd\xd7\xa2\xea\x9e\xa4\x19\xb6.x\xfb|\x9dw\xcf\
\xd6x\xd7\xaa\x1e<H\x07@5\xdceaJ\x16g\
\xcaj\xfc(\x0bZ\xe1\xa6\x18\xc69\xfdAB\x92\xe6\
\xe4\x87\x8c\xd1G\xdc\xe48\xcdI\xba\x11\xfda\x1f\x11\
\xa4\xe3a\x8e!\x85\xdaMh\xa3,\xa4V\xf0\xeb\x15\
\x1dM\x18\x1a\xbag\xd2h\xb8\x9c\x9f\xf6\xf9\xd1\xd5&\
?\xba\xdc\xe4\xa3\x8bM\xa6\xcaGk$<6\x14\x01\
X\x9e\xe6\xe4iF\x1a\x15\x81\x88\xe4p$|\xc9H\
\xab\x90\xb8d\x12\x84)\xd1K6\xa0\x1e\x1a\xaa1\x86\
\xa4xv{\xfd]n\xddo?1FU\x1d(\x14\
M2I\xa6\x09r](>\xb6YH&\xc6*\xf8\
\xac\x96m\xce-Uy\xfb\x5c\x8dw\x96*\xb8\xe6\xf3\
3\xe9\x99\x94dr\xbf2\xfb\x1eFV\xf0\xc7A\x93\
\x13\xe2\xf9>\x14\x92\x22\x98\x94/\xf6\x8d54\x81a\
\xe9\xfc\xe4J\x8b\xf3S%\x96\x1a\x1e\xffrs\x8b_\
\xdc\xd9ak' \xedD\xc5\x07Rd\xd5G\xd9u\
\x01\xa6\x09\xa3*K\x92\x11\xc5\x19+k=v\xda\x01\
_,w\xd9\xeaF\xf8\xae\xc1\xf5\x85\xca\x9b\x1d\xa4?\
]-\xd34\x15\xd5j\xf2\xe0\xef\x86,\xd6\xe3\xa2*\
'tM\x15\x0cO\xc9\x122\x09\xd2\x9f\x82\x94\x19y\
\xbcE\xda\xff\x82\xb8\xfdO\xe4\xd1\x1a\x86w\x19\xdd=\
\x8f\xd0\x1dNM#\xe0\x04\xa7\x0aB\x08L]Pv\
M\x96\x9a\xf0\xa3+MlS\xe3W76\xf9\xcd\xad\
-V\xdb!\xed \x01]*\x8e\xba\xbe\x97\x01x\xb5\
\x18\xa5\x14\x95=s\xaddS-\xd9\xb8\x96q\xe2\x94\
\x8a\xc7\xed\x80/\x1ew\xd9\xedF\x18\x02*u\x87\xb3\
\xb3>\xd7\x17+LW\xbfnS=Z@\xa7+6\
\xef\x9f\xab\xf3\xeb[[\xb8e\x9bx\x18\xd3\xebF\xdc\
x\xdc\xe5\xcct\x89\xcb\xb3>\xa7\xb5\xefr\x8cb\x11\
\x18\xed\xd9$\x853_\xb1x\x1f\xc4\xfa]i?'\
|\xf9\xa8\xc3\xaf\xbf\xd8`}\xa5G*A\x1fqa\
\x9fZ\xc0\xa4J\xcb\x92\xc7)\x9e\xa5\xa1\xeb\x1a\xcd\xaa\
\xc3\x95\xb9o\xb6\x17\xdf\xfb@T3\xa5&\xb1l\x83\
\xa5\xa9\x12S%\x93\xb2\xa5\xa3\x89\xc2\x5c\xe6\x80\x90R\
Q/\x84&\xd0\x1d\x83\x0f/7\x99\xaa\xd8\xca)\xf2\
\xb0\xc8$\x86\xa6a9\x06\x15\xdf\xc6{*8\xca\x0b\
\x05\x97 \xc9\x08\xe2l/\x0b\x99\x83\xe5h\x94|\x8b\
K\xf3\x15\xae\x9f\xa9r~\xca\xe7\xdct\x893-\x8f\
\xa5\xa6\xda\xf0\x9dD\x06}\x04\x89\xa2\x05\x91\xe64+\
6\xad\xb2\xcd\xb4gR2uEw9\x0c\xbdHJ\
d\x0ey\x963\xdf\xf2\xb8\xb6Xe\xbab\xbf~\xc5\
\x1a1f\x7f(jK\x92=k\xb4O>\xbf\x92\x22\
C\x0a\xe4\x12[\x17T\xa6J|p\xb5\xc5_|\x7f\
\x8e\xeb\x0bU\x5c\xcbx.mG\xeds\x04\x1aO\xcd\
\xbb\xc5\x1fG\xfc\xf7\xe3\xc8\x9eJ)\xc9\xb2\xfc\x19\xef\
\x83\x18\xb7u\x88\x03TTG\xf3\x9do\x1b,\xd4]\
\xfe\xf4Z\x8b\xe9\x9a\xcb\xd5\xc5*\x0f\xd6\xfb,o\x0c\
\xd8\xeeE\xec\x0c\x94\xd3\xea0\xc9\x88\xb3\x9c<\x93\x90\
\xa6\xea\xe4F\xd9dS#\xd7\x04\xa1\x94\xa4\x9d\x90O\
\xef\xb5\xb1l\x83,\x974|\x0b\xd7:\xf9\xa4\xcdQ\
1\xbag\xb6\xa9\xe3\x97,\x1cC\xc36\xb4\xf1{\x7f\
\x90\xdf\xcf\xd3\x5c\xf5\x9cY:\xd35\x17\xcf60O\
\x89.\xe5$H\xdf\x07)s\xc8\x13\xb2\xe0!I\xf7\
\xf7$\xbb?Gh%\xac\xc6\xdf`x\x17\x11\xe2\xb4\
\xaf\xfc\x13\x9c4,C\xa3\xe9\xdb\xf8\xe7\x0c\xae\xce\x97\
iVl05~\xfb\xc5&\x83\xc7\x8a\x7f\x9cK\x01\
\x9a\x86\x14\xf2\x95\x07\xear\xc4\x13\x96`j\x1a\x8d\xb2\
M\xcd\xb7\xb1-\xfdp\x0dz\xc7:&\x15\x82.\xef\
\x0c\xf9\xe3r\x87\xddA\x84\xa5\x0b\x1aU\x87\xf9\x96\xc7\
\x99V\x89\x92m\x10\xc4__\xbc\x05\xaa\x17\xe0\xd2\xac\
\xcfL\xd3\xc3-[dAB\xbf\x1fs\xf3q\x87k\
K\x15\x92,\xc76\xbe.\xc3v\xda\xa0\x09\x95=W\
A\x8b\xe2\xe2f\x99$\xcb\xf3\x03\x05\x0b\x8a\xd7\x9eq\
o\xa3\xcf\x17\xf7\xdal\xdc\xdbUt\x80}\xaa\x12\xe3\
\x9a\x8d\x90HM-\xd4\x84)\x15\xc7`f\xa6\xcc\xd5\
s\xb5\x83\xdbhK\xa9\xb2\xe6\x86\x8ec\xeb\x5c;\xaf\
\x1a*\xe7j\x0e\xa6\xa6\x91d\x07\xf7\xfe\x96(\xda\x8d\
\xd0\x04\xb6\xa1qn\xaa\xc4L\xd59|\x90.U\xb6\
\xd5rt*e\x9b\xb3S\x1esug\xdf\xdeT\x92\
\xe5\x90\xe69\xedA\xac\x82\x9avH\xaf\x17\x93\xa69\
\x96eP\xaf9|\xffb\x83\xff\xf8'\x0b\x5c\x9b\xaf\
pn\xca;5\xcd\xc7R\x16Az\x9c)\x9a\xd7\x85\
:\xef.\xa9JS\x9a\xc9C\xf5\x01H\x0a\xb9\xc9\x5c\
R/\x99\x5c_\xa80WuNFfn\x1f\x97X\
\x8c?\x7f_i@<\xf9]\xa0(>\x22\x03\x1dI\
\xbdlsf\xb1\xcc\x8f\xaeO\xf1\x9f~\xb0@\xd3\xb7\
_\xd8c\xa3kOS\xc1\xd4u\x93bOF\xf4\x90\
\xbd\xcf\xcfD.\x95dd\xfa\x0c\x0bNQ\xbc\xf3\xfa\
!\x9e-\xd3\xd0\xa8\x19\x16\x1f\x9copm\xa1\xc2G\
\x97\x1a|\xb5\xda\xe3\x8b\xe5.\xb77\xfa\xdc\xdd\xe8\xb3\
\xb2\x13\xb0\xd5\x8d\xe8\x06\x09I\x98\x92E\xb9\x0aR\x85\
P\xa6M\xba\x06\x16\xe4IN<\x8c\xb9\xb5\xdc\xe1q\
?\xe6l\xcb\xe3\x9d\xa5\x0aS\x15\xf1\xc6\x06\xe9\xa3\xf5\
\xcduu\xe6\xa7<\x9a%\x9b\x9ag\x92\xe4j.=\
\xc8\xaf'\x99jb\xb7L\x8d3\xd3j\xfd9\xc9\xcd\
\xf9~L\x82\xf4}\x90\xd9\x90,\xda \xda\xf9G\xe2\
\x9d\x7f\x00\x99\xa3{\xe71+\xdfCw\x16Ozx\
\x13\xbcA0\x0a\xae\xfa\x87\xe7\x1b\xd4=\x8b\x85\xaa\xc3\
/nn\xf1\xd9\x83]\xb6z1\xc4\x85~\xae\xce\xeb\
a\xbe\x08\xb0-\x9d\xa9\x8aK\xbdd\x9d\xa8\x01M\x9c\
\xaa\xa6\xb0\x87\xdb\x01_m\x0c\xe8e\x12i\xea\xe4R\
\xb2\xbc5\xe4\x1f\xff\xb8\x8e\xa5?\xa9\x16\x22\x19\x89\x5c\
\x08\x92L\xc9\xe6\xad\xb4\x03UV6u\x06\xb9\xe4\xde\
\xe6\x90\xfb\x1bC\xda\xfd\x18]\x13\xa7Z\xbd@\xa0\xa4\
\xdaJ\x8e\xda,\xa5\x19\x0c\xc3\x84~\x98\xd0\x0f\xd3\x03\
\xb9\x8d\x0a\x01\xae\xa5sf\xaa\xc4\xa5s5\x1cS'\
\x95`\xec\x93Y\xd3\x84@JI\x92\xe7t\xc3\x94\x9d\
a\x82\xd45\x84\xa5cZ\xba2\xc79\xe8\xa0U\xba\
\x1f\xa4\x1a\xfb\xf5\x85\x0a\xff\xeaj\x8b\xb9\x9aR\xe1\xc9\
\x0f\x95\xd5\xdd\x0b\xc9tMPv\x0deFe\x1ef\
aT\xb4\x1b\xd2\x8c\xaamsa\xca\xe3\xaf\xbe7\xcb\
G\x97\x1a\xe3\xf1\xaa\x18V\xd1\x0bzA\xcaN?\xe2\
\xf3\x07\xbb\xfc\xf1\xc1._>\xec0\x88R:\xbb!\
\xcb\x1b}\xbeX\xee0U\xb19\xdb\xf2\xc6I\xc8\x93\
\x86\x84qc\xdbL\xc5\xe6\xdd\xa5*\x1f]jr\xa6\
\xe9)~\xf9a\x8eU\xa4\xafs\xa9\xe8yu\xcf\xc2\
/\x0c\x9a^+d\x91I\xd6\xc0\xb0\xf4\xf1\xf3*\xc4\
\xd3\xcd\xbe\x02\x0d%\xc9i\x1a\x02\xcf\xd4\xa9:\x06\xb3\
u\x87+\xf3\x15>\xb8\xd4\xe0\xfab\x95V\xd9~\xa1\
\xad\xbd\x10\xea\x99u-\xfd\xc9@\xbd\xa80\x05qF\
/LI\xb3\xc3\xf2\xad\xbe\x8e$\x93t\x03\xa5\xe02\
\x16v)>R\x17\x02\xdf\xd6q-\xedH\xd7\xdd\xd2\
5\x9a\xbe\x85\xb1Pa\xb6\xe6\xf2\xc1\xb0N\xbb\xd0\x06\
\xdf\xe8\x84\xacwB6vC6wC\xd6v#\xd6\
\xbb\x11\xbdaB\x90\x14\x8a8B\x80m\x12g w\
\x02\xee\xae\xf4\xf8\xecQ\x97\x0f\xce\xe9\x94\x9d7\x90\xf6\
2J0H\x98\xad\xd8\xfc\xe5\xf5\x19\xae\xcd\x979\xd3\
\xf4H\x0bZ\xd1\x8b \xc7\xfd\x1d\x02]\x17\xcc\xd7\x1c\
\xe6\xeb\xee\xa9\x91\xab<\xbd\xab\xd8k\x84\x94\xca\xa7*\
\x8f6H\xfb_\x90\xec\xfe\x92\xb4\xf7\x19\x86\xbb\x84\xee\
]Bw/\xa0\x99\xcd\x93\x1e\xe6\x04o\x10tM\xa0\
k:\x17g|\x16\x1b.\xa6!\xb0-\x9d(\xcd\xc9\
\x97\xbbtz1Y\x96#\xb5b\x81zU\x03\x195\
Z\x09\x81m\x1bL\xd5\x5cj%\xebD]\x0b\x07Q\
\xcaF7by{\xc8\xe3\xed\x80(Sn\x8aa\x98\
ro\xa5\xcb\xdf\x17\xfa\xd9#\xbe\xf6\x88\xfc\xa1\x09\xc5\
\x1bU1K\xce\x83\xb5\x1ey\xaa\x9c\x03\xa3\x5c\xb2\xda\
Vf'+\xed\xa1R\xb19\xcdA\xba\x10x\x96\x8e\
\xef\x98\x18\xba*\xcd\x86Q\xca H\xe9\x85\xe9\x81\x1a\
(GU\x85\xab\x0b\x15\x92L27U\x22\x97`\x9a\
{A\x8f\xa1\x09\xd2L2\x8cSn\xaf\xf7\xe9=\xee\
\x92*\xaf{\x0cCC\x7fFs\xdb7\xa2\xc8\xce\x9b\
\xba\xc6|\xdd\xe5\xca\x5c\x99\x85\xba{4\x9a\xca\xcbB\
0\xce\xee\x97\x0c\x8d\x99\xaa\xc3\xfb\xe7j\xfc\xf5;3\
\xa3\xa1\xaa\xef\x05\xcf9\x8c3\xbaA\xa2h,\xbeE\
\x18g\xdc]\xed\x11\x0c\x13\x1e\xad\xf5\xf9\x83\xb7\xc3l\
\xd5a\xa6\xea\xd0\xf4-J\x07U\x99yE\x90\xa3\xff\
\x16\xba\x84U\xc7`\xa1\xe1ri\xc6\xe7\xd2\x8c\x7f\xa2\
c;2\x8a\x8d\x9e\xa6\xa9\xe6\xca\xa6o1U\xb1\xc7\
\xf4\x8f\x11\xdd\x0b@C\x8c\x9b0\x1dS\xa3\xea\x99L\
\x95m\xce\xcf\xf8\xbc\xbdT\xe5\xc3\xf3uj\xde\x01=\
\x05\x84r\xf2,\xd9#J\xcc\x93\x09\x80~\x9c\xd2\x09\
b\xe24'+\x1a\xb9\x0f[I\x19U\xbf\xe24\xa7\
3L\x18FE%P\xecuu\x1a\xda\x9e>\xfd\xd3\
U\xd4\xfd\xd5\xb3\xd1&6/$3s)\x8b\xbe\x15\
\xd5WTvM\x16\x9b\x85\xb1U\x96\xd3\x0b\x12\xb6\x07\
1k\xbb!+;\x01\xcb;\x01w7\xfa\xdc]\x1b\
po\xb5\xc7\xeaN@\x98\xe5d\x00\xa6N\x16\xa5d\
a\xca\xa3\x8d\x017V\xba\x5c\x9a\xf1\xc7\x14\xbb\x13\x92\
68\x1a\xa4\x84\x5c\x8d\xb7\xee\x99\xbcw\xb6\xca\x0f.\
6\xb82[\x1e\xd3\x07\x0fv\x1c\x18\xed\xcc\xb5q\x7f\
\xc2+\x1b\xf5\xa1pzW\xb1\xd7\x09\x99!eL\xd2\
\xff\x9ch\xf3\xbf\x92\x0d\xbeBH\x81\xee]\xc5\xf0\xae\
\x14\x5c\xf4\x09&8\x1aL]\xe3\x9d\xa5\x1a\x9em\xe0\
\x98\x06\xb5\xd2:?\xfbl\x9d^\x98\x82TNr<\
\xb5p\x1c\x1b\x0a\x992\xa1k\xd8\xae\xc5L\xdd\xa5\xee\
;'Z\xca\xdf\xee\xc7|\xfe\xa8\xc3\xda\xd6\x90p\x90\
\x90\xa3x\xb2\xdb\xdbC\x82v\xc0\xa3\xdb\xaa\x91\xecY\
y\xc2\xfd\x85\xf1^&\x19\xe4\x92\xb4\xe0\xb8\x06\xc3\x84\
\xb5\xad!_<\xea\xe2;&\xd3\xd5\xd3\xfb\xde\x0a\x01\
\xbecR\xf3,LCWY\xd1(#\x08\x12v\x06\
1s\x07\xd0\xe4\xd6\x84\xa0\xe6Y\xfc\xf8r\x93k\xf3\
e\xfa\xa1\x0a\x0aF\xf4\x05!T\xa9<Jrv\xfa\
\x11\xff\xef\xa7k\xdc\xdf\x1c0,\xf8\xbd\xf2\xe0\x96|\
_\x83Di\x8c\x87Iv\xa8\x0c\xfa+A\xb1q\xd0\
u\x15\x04\xe9\xa3^\x0b\xb9\xffG\x04\xba\xad\xca\xd9?\
\xba\xd4\xa4\xe9[d\xb9\xc424>\xbf\xbd\xcd\x83\xc7\
]\xda;\x01I\x92\xd1\x0e\x12\xfe\xe6\xddY\xae\x1e\x94\
\xab\xff\xaaQ\x9cNZ8o\x1e\x86\xfb\x7f\xea %\
$\x12\xc7P\x86=?\xba\xdc\xe4/\xde\x99FC\xec\
\xdb\x98\xab\x1b\xaa\x17\x1a\xfa\xb6\xa1a\x9b\x1ae\xc7\xa4\
\x5c\xf8S\xd4J&5\xcf<\xb0\x8c\xac\x86\x92E,\
{f\xb11\x15\xe3\x0c\xb7\xd4\x04\xdd0e\xb3\x1f\xd3\
\x8bR\xe24\xc36\x8f\xd6z\x9eKI\x10glu\
#\xfaa\xfa\x04\xad\x07\x94<c\xd91\xf1\xecgW\
0\xc6\x81y&I\x8a\x00\xbc\x1f\xa6\x04I\x86YT\
\x07\x9b\xbe5\xee'\x1a\xa9BU\x5cS\x99(\xf96\
\x97f|\x828\x1b'B\xfe\xfe\xb3u~uk\x9b\
\xfb\xeb}\xbaA\xaaL\xf6\x0a\xab\xd9\x9dA\xcc\xf2v\
\xc00J\x8fp\xb6\xa7\x0b\x9a\x10\xd8\x859\x97\xae\x0b\
\xb4\x03\xe9/~\x1d#\x1a\xffi\xc1$H\x07\xf2\xa4\
M\x16\xdc'\xed\xfe\x86\xb4\xf3kd\xba\x830k\xe8\
\xa5\xab\xe8\xdeE\xd0\xac\xd3u\xd7&x\xa3\xa0i\x82\
VYq&\xb3L-B\xbb\xfd\x88[\x8f\xbblu\
\x22%\x09\x07{\x12q\xc7\x09)\x11\xb9\xc4\xb4\xd5\x02\
5=\xce\xa4\x1f\xf3\xe7\x1c\x02[\xbd\x88\xcf\x1eu\xd8\
\xd8\x09\xc8\xa2\x14\xdd5q,\x03_\x17\x18\x057\xf4\
\xd9\xf2\xcf{\x99\x1e!\xc0\xb5\x0d,]\xd0\xcf\xa4j\
\x06\x0c\x12%\xc3\xb7\xdc\xe5\xec\x94\xcf;K\xaf\xfb\xcc\
\x0e\x0e\x15`\x9b\xb4*6\x96\xa3\xab\x95!\xc9\xe8\xf5\
c\x1em\x0f9\xd3|\x91\x8b\x86\x18\x97\xf0\x97\x9a\x1e\
s5\x97T\xca'\x5c7\x95\xca\x84 \x8c3\xb6\xfb\
1\x7f\x5c\xee`\xe9\x1a\x11\x8ci+\x87F\xf1\x01\xb2\
h\xfaS\xcf\xf3\x11\x8es\x9cx\xaaAv\x5c%z\
\xea\x19\xd75\x81\x89\xa2\xa1\x99\x86F{\x98\x10'\x19\
\x9b\xed\x80\xd5\x8d!\x8f\xd7\x07\xfc\xfe\xd66\x99\x84\x19\
\xdf\xa6d\xe9LU\xec\xd3\xe1\xfe*\xc48\xabz8\
\x92\xcb)\x83\x04\xb2\x1cS@\xd51\xb9<[\xe6\xcf\
\xdf\x9a\x1e\xeb\xa4g\xfb(<zQ93u\x81i\
(\x89\xc4\x91\xcd\xfday\xf4B(I\xc3\xbao\xe1\
8\x06\xba.\x0a:\x9d@jJ\xf7\x7f\xab\x13\xb2\xda\
\x0e\xd8\xe9\xc7LW\x1c4\xe3p\x9f\x91\x15FE\xdb\
\xbd\x88\xf5\xddP%at\xadx\x0eU\xff\x85e\x1b\
\xd4\xcbJ\xf6\xf0\xe9DI.!J3\xb6z\x11\x0f\
\xb7\x86t\x87)A\x9c\xd2\x19&\x04q\x8a\xef\x98,\
6]>\xba\xd8\xc4w\xd4\xa6fd\xb0\xa7k:\xb6\
\xa9S\xde\xb7\xb7\x9f\xab9,6\x5c\x82XIOv\
\x06j\x132Zk\x10\x82^\x90\xb0\xd9\x0d\x09\xe2\x8c\
|\xe4\x93\xf4\x06\x87:\xa3\x0e\x06M\x9c\x12\xbe\xda1\
`\x12\xa4\x03Y\xb8L\xb8\xf5w$\xed\x9f\x93\x0do\
\x22\x8c2\x9a;\x87\xe1_Cw\xcf\x22\xc4Dvq\
\x82\x97\x87\xef\x18|\xefl\x0d]\x17$\xb9\xd2\xeb\xdd\
jo\xa8f<\x84\xca\xa8\x1f7re{\xedZ\x1a\
5\xdff\xbaz\xf2t\x97\xad^\xc4\xa7\x0fv\xd9j\
\x07\x884\xc36,Z\x0d\x97\x8b\xd3>%['\xcf\
U\x03\x97|F\xc6pD{\xd1\x0b\xdaK\x90d\xdc\
\xdd\x1c\xb0\xb1\x13\x10\xe5\x92\x9dn\xc4g\x0f;|p\
\xa1\xf1\xfaO\xec\x10\x10\x02\x1a\xbe\xc5l\xdd\xc1\xf5L\
\x84\xae!\xe3\x94v7\xe2\xd6j\x8f\xb7\x17*\x07:\
\x8eVd\xcbM\xfd\xd91\xf7\x88\xe7[vT\x89]\
\xa9[0\xea(~\xe9\xf38\x15\xe1\xa2\x185\xa2\x1e\
\xb8\x87\x92\xaak\xf2\x93+-\xf2LrokH\x92\
\xc1\xc3A\xc2\xa3\xd5>Q\x982Wsql\x83?\
\xbd\xd2<\x1dA:{\xf4\xe67\x1b\x12\xf2\x1c\x1de\
N\xd6\xf4m\xce\xb5JOT\xc8F\xd8\xbf\xd9\x14\xc5\
\xe6\xeb\xa8YNQl\x8a\x9be\x1b\xbfdb\x9a:\
Y\x90\xa8\x06~M\x10\x84)[;\x01w\xd7\xfa\x5c\
\x98.\x1dI\xd5'Ns\xd6:!\x8f\xb6\x87\xac\xed\
\x84\xf4\x22\xe5\x8f\x01@\x0e\x9a\xa9\xe1z&S5\x87\
Z\xc9\xfcZ\xa2$\xcb\x15\x97\xfd\xf3G\x1d\xfe\xcb\xef\
VX\xde\x1a\xd2\x1b$\xf4\x86\x09I\x963Uw\xf8\
\xe1\x95\x16o-T\xf0l\xe3\x85\x9a\xee\xaee0]\
\xd1\xf8\xc1\x85\x06i\x96\xf3\xc5\xe3.+\xddH5x\
\x17\xe5\xa7 \xce\xe8\x0e\x13\xc2D\xd1|\x84\xfeF\x91\
]\x9e@.\x95\xf7\xc4A\x9aE\xdf$|\xa7\x83t\
\x99\x0d\xc9\xe2M\xd2\xfeg$\x9d_\x90\x05w\x912\
F3\xeb\xe8\xee\x19t{\x06aTa\xa2\xea2\xc1\
1@\xd7\x04%\xdb\xe0\x5c\xab\xc4\x9f_\x9f\xa6;H\
\xe8\x07)\x8f\xb7\x06\xec\xf4c\xd0\x94f\xf3q4\xad\
\xc9\xd1\x7fr0\x10\xb4|\x87\xb9\x86G\xd3w\x9e[\
j}\xd5\x185\x8c\xae\xee\x84\xdcZ\xe9\xd2\xeeFX\
\x08\x96\x1a\x1e\xef\x5cl\xf0\x93+-\x9ae\xab\xa0\xd1\
?;_8\xea\xc1\x1a5Dv\x82\x84\x7f\xfer\x8b\
O\xe46\x8f\xfb1\xddA\xcc\x9d\xb5\x1e\x8f\xb6\x06l\
\xf6\x22\xc5\xff<\x09\xbe\xf4\x0b\xa0\x09A\xc3\xb7Xl\
zL7\x5c*\xbeI/H\xd8\xea\x84|r\x7f\x97\
\x1f\x5ch0\x88RlC{\xa6\x0a\xcf\xde\xfd+\x16\
\xd5o\xb8\x9f\xa3\x86[\xed\x98t\xa0Gx\x93\x03F\
CWA\xdb\xa5Y\x9f?\xbf>M\x1cf<\xda\x1c\
\x10'9;\xdd\x88\xdf\xde\xde\xa6\xec[\x9cmy\xb8\
\xa3\x86\xc3I5\xf5\xd8\xa1kb\xbc\x09z\x95WW\
\x08\xb5Q\x9d*\xdb\xcc\xd7=V6\x87\xac\xf5cr\
$\x18\x1ay\x96\xd1\xed\xc7|\xfa`\x97\xf9\x86\xcb\x85\
\xe92\x8e\xa9?\xdf\x18\xec\x19\x18D\x19_,w\xf9\
\xe2Q\x97n?\x22I\xd5\xb1Is\xf4<\xa7R\xb6\
\x99\xa99,6<\x1a\xbe\xfd\xb5wQ\xa2\xaa\xac\xdd\
a\xc2\xad\xd5\x1e\xf7Wz\xf4\xba\x91\xeacB%7\
*\xae\xc9\xa3m\xd5s\xd3\xf0\xbf.S\xbb\x1fzQ\
\x85(9:\xe5\xc2\x8ck\x94`\x96E\xd9\xf6\xb0\x9b\
\xdb\x09^?\xbe\xd3Az\x9e\xf5I\x077Iz\xbf\
'\xed\xfd\x16\x99\xee\x82\xd0\xd0\xac)t\xe7,\x9a\xd9\
B\xd3_Tv\x9e`\x82\xc3a\xba\xea0]u\x18\
D\x19\xbd8\xe3\x9f~\xbf\xc2\xcenX\x94F\xc5\x1e\
\x87\xf18&N)14\xf5\x99\x8b\xcd\x12u_i\
\xa4\x9f\x04\xe24g\xa7\x1f\xf3xg\xc8\xdd\xb5>I\
?\xc6\x13\x82\x8b\xd3%\xfe\xecZ\x8b\xff\xfc\xd1\x22\x8b\
\x8d\xc3\xbdo\x9b\xdd\x88<\x97t\xbb\x01;k=\xda\
\xc3\x84\xfez\x9f\x87[\x03V\xdb\x01\x0b\x8d\x13jj\
|\x014\x01\xcd\xb2\xc5R\xcbc\xa1\xe5\xd1(\xdb\x04\
[\x01\x9b\xbb!\xfd\xbb;<|w\x86n\x90P\xf3\
\xccc\x93\xca\x14\x80\x18\x1d\xea\xdb\x91\x96=2FT\
\xa0\xc5\x86\xc7_\xbf3\xc3Z;\xe4\x1fnn\x91\xf5\
c\x828\xe3\xf7\xf7v0\x1d\x83\x1f_i2S-\
\xd4C&1\xfa1`_p(%\xaf\xcbJI\x13\
B\xf5\xa9Tl\xce\xb4<\xee?\xb6\xd8H{\xe4\xa3\
\xf96\x87\xfe \xe1\xe3{m\xe6\x9b\x1e\x7fq}\x86\
z\xc9D;\xc4M\xef\x87\x09\x7fx\xd0\xe6\xd3\x07m\
\xfa\x83XI\x8c\xda\x162\xce\xd0\xf3\x9c\x86g\xb0\xd0\
tYjy4\xfd\xafS\x0eE\xd1(\x1b\xa7\x92\x8d\
n\xc4\xda\xf6\x90\xc1N\xa0\xd6\x05C\xa7\x17$\xdc\xad\
\xd8\xdc\xdb\x18\xd0\xf4\xed\x17\x06\xe9\xc5A\xc7t\x9b\xa7\
\xfebL\xaf\xd4\xc4>\x8f\xbd7\x18bD\xb5\x7f\xd3\
O\xe4)\x9c\x0e!\xc8\xd7\x0c)3\xf2\xb4O\x16<\
\x22\xde\xfd9\xe9\xe0\x0b E\x08\x1d\xa1\xd9h\xf6,\
\x9a\xbd\x04\xda\xe9m<\x9b\xe0\xcd\xc7\xe5\xd92\x7f\xfb\
\xfdY>\xbc\xd2dq\xd6\xc7\xd1\x05$\xd9\xd1\xf9\xc2\
\xfb!UY\x19\xb0 \xed-\x00\x00 \x00IDA\
T\x01\xa6e\xb0\xd0\xf4Yj\xf9/\x94*{\x95\xe8\
\x06*C\xf4xs@\xd2\x8b\xc8\x01\xcb\xb78;\xe3\
s~\xfahc\xb3\x0c\xc1\xd9V\x89\x0b3e\x1cO\
\xd1\xd2\xe40ae}\xc0'\x0fwU\x85\xe2\x94B\
\x13\x82\x8ak\xf2\xeeR\x95kKUl\xdf\x22\x95\x92\
\xa0\x13\xf1\xdb[\xdb\xfc\x97?\xac\xf2h;xi\x93\
\x95,\x97\x85\x89\x8f\xb2Z\xcfGz\x96\xe2;\x1d\xa7\
\x03\xe0\xda:\xf3\x0d\x97\xeb\x8b\x15~|\xa5\xc9\x5c\xd3\
E\x0a\xc8\xa2\x8c\x8d\xcd\x01\xff\xfc\xc5\x06\x9f<\xe8\x14\
\x14\x81\x09\xdet\x94\x8b\xf7\xed\xe2l\x19\xc3*6^\
\x99\x04C\x90h\x82\x8d\xdd\x90O\xee\xee\xf0\x7f\xfdv\
\x99\xdf\xdc\xd9a\x18\xa5\xdfx\xefs\xa9\xfaa>~\
\xb0\xcb\x7f\xfbl\x9d\xdf\xdc\xda\xe6\xc1\xc6\x80\x18Te\
4\xcb\x0b\xf3%\x8d+se\xae/V\x9e+{9\
Rn\x99\xa99\x5c\x9a\xf5\x99\xae\xb9*\x13\xef\x18\xea\
K\x08\xda\xbd\x88\x7f\xfer\x93\xcf\x97\xbb\x84q\xf6B\
\xc9\xc8,\x93|\xb5\xda\xe3\xf7\xf7v\xd8\xde\x0d\xc8\x92\
T\xcd%\x85\xca\x8e\xef\x184\x0b\x131\xfd\x00\x06K\
\xa7\x19\x9a\x10X\xba\x86q\x92\x0dW\xaf\x00\xdf\xcdL\
\xba\xcc\xc8\xe3m\xd2\xe1\x1d\x92\xee\xef\xc8\x86w\x102\
C\x0a\x1d4\x07\xcd\x9eEw\x16\x11\xba{\xd2#\x9d\
\xe0[\x8c\xb3-\x8f\x9agpw\xbd\xcf\xcanH\xf4\
\xd56Q\x94\x82^X\x95\xbf\xcc\x5cSL\xc2B\x13\
X\x8e\xc1|\xab\xc4b\xb3\x84}(\x1d\xea\xe3\xc1(\
\xbe\xec\x05\x09\xb7V\xbb\xacl\x0e\xc8\x06)\x9ak\xe0\
Vm\xce\xcc\xf8\x9c\x9b*\x1d)H7u\x8d\xa5\xa6\
\xc7\xf9\x19\x9fR\xd9Bk\x07\xe4\xc3\x84\xd5\xcd!\x9f\
>\xe8pi\xc6\xe7\xe2\x8c\x7fhs\x1a\x81\x18\xc5\xb1\
\xaf\x04#\xc9\xb9\xb2c\xf0\xeeb\x95\x95\xcd\x01\x9f\xdd\
k\x13n\x0d\x89\x06\x09\x9f\xdem\xa3[\x1a\xd3ee\
\xccQvM,C;\x944\x5c^\xa8Ct\x86\x09\
+\xbb!\xdb\xbd\x888\xce\xc7\xfa\xf3#u\xce\xa3\xe2\
\xdb\x90}s\x8af\xc4\xab\x0b\x15~\xfa\xd6\x14\xf10\
fmk\x80Ls\xb6v\x02~yk\x8b\xa9\x9a\x92\
v\xd4J'h\xf8\x22\x8b\x86i`\x92\xd2?:*\
\xae\xc9;\x8bU\xee<\xee\xf13\xdf\x22\x0d\x94\xc1\x1c\
\xba E\xb0\xdb\x8f\xb9\xf1\xa8\x8be\xad\x92e\x92\x9a\
gQ-\x99\x94\x1d%\xdd8jH\x1c\x99d\x85I\
Fg\x18\xf3\xab\xaf\xb6\xf9\xc7\xcf7\xf8\xec~\x87\xb5\
\xddP\xd9\xd3\x0b\x09i\x86\x0e\xf8\xae\xc9\xb5\x85\x0ao\
-V\xf1m\xe3\x99\xd4)]\x13x\xb6\xc1t\xc5\xe6\
\xca\x5c\x99\xd5\xcd\x01\xf7Vt0\x8b\xaf\x5c\xb2;H\
\xf8\xe5W\xdbLW\x1d\xde^\xa8P\xf1L|\xc7P\
\x01\xf6H\xd4H\xee\x19*u\x82\x84\xcf\x1e\xee\xf2\x87\
{mv\xba\x11Y\xaa\xcc\xc8F\x9d\xf9U\xcfb\xb6\
\xa6(\x90\x87\xa1\xf6\x9cFd\xb9\xf2\xcf\x18F)\xdd\
 \x19\xcb\xf7\x1e\x14O\xff\xa4\xa5k\x98\x862\x9e:\
\xc9k\xf3\x9d\x0c\xd2e\x16\x90\xf6>&\xd9\xfd9y\
\xf8\x00\x99\xf6\x00\x0d\x84\x81\xd0}4k\x16\xdd\x9eC\
L2\xe9\x13\xbcBh\xc5\xa4\xfc\x83\x8bM\x82(c\
\xa7\x1b\xd2\x8d\x0b\x8dl)T\xd3\xd1Q\x83\xa8\x22\x93\
nZ:\x95\x8a\xc3B\xcbg\xbeQ\xc2:\xc1Lz\
'H\xf9r\xa5\xc7J;\x04\xa0T\xb2\x98n\x95X\
\x9a*1[u\x8e\x14\x00\x8d\xf4\xba\xcf\xcd\xf8\xb4\x1a\
\x1ek\xdb\x01\x830eu7\xe0\xe3\x07m~r\xb5\
E\x92\xe5\x18\x9a\xf6\xc2F+\xd8+\x06\x9b\xba\xc02\
\x0e\xc7I=\x0a<K\xe7\xad\xf9\x0a\x9b\xdd\x90O\x1f\
u \x97,/\xf7X\xdf\x1c\xf0\x07)\xf1-\x83\xad\
^\xc4\x0f/7Yl\xb8T\x5c\xf3\xc0!Z\x98d\
,\xef\x04|\xbe\xdc\xe1\x17_m\xf3\xcb[\xdb\x04A\
B\x96dP\x98E\xedi\xd1\x1f\x0eB\x80\xa5\xab\xa0\
\xf5M\x0f\xd4\x01\xce\xb5<\xfe\xc7wgX\xd9\x1cp\
s\xad\xcf\xa0\x1b\xd3\x8fSn=\xea\xf0I\xab\xc4\xc7\
\xe7\xea\x5c\x9b\xafp\xa6u\x02\xf4\xc7\xe2\xfe\xe8\x9a\x18\
o\xd4&8\x1aJ\xb6\xce\xa5\xd92\xef\x9c\xab\xf1\xf6\
\xf9\x06_=\xdceec\x00\xae\x01\x96\x06\xe8\xec\x86\
\x09\x9f\xdei\x13\x86\x19\xf7\xb6\x86\x5c_\xacpy\xd6\
\xa7^2\xf1,\x03\x01\x04IN/L\xb8\xb7>\xe0\
\xd6j\x8f\xdf\xdf\xd9\xe1\xc6r\x97\xf6 V\x01\xba.\
 \xce H\xa97\x5c\xce/U\xf8\xfe\x85\x06o/\
T_h\x92S\xf5L\xdeZ\xa8\xf0\xd5rW\x1d+\
\x07Re~\x17H\xb8\xbf\xda\xe7\x1f>Y\xa7\x17\xa4\
\xbc\xb3T\xe5\xca\x9cO\xd5\xb3p\x0aZ_\x94d\x0c\
\xa2\x94\xfb\x9bC\xbeZ\xeb\xf1\xb3/6\xf8\xeca\x87\
n\x94\xa9\xe3\xeds\x12\x9b\xad9\x5c\x9e+Sv\xdf\
\xd0PP\x13c>H{\x18\xf3\xfb\xfb\xbb\x0cb5\
\xef%YN\x9a\x1f\x9cP5\xb6\x14)\xfe\xff\xdcT\
\x89\x85\x86K\xcd3O\x8c\x22\x0a\xdf\xc1 =O\xfb\
d\xd1*I\xefc\xd2\xde'\xc8d\x1bd\x02h\x08\
\xddA3*hV\x0b\xcdjNT]&x\xa5\xd0\
\x84\x0a\x04/\xcf\x96\x19F\x19\x1f\xdfo\xb3\xd5\x8dX\
\xdf\x1a\x92\xec\x93\x22;\xd4\x9a<\x96I\x90\x90I|\
\xc7d\xaa\xe62\xdf,1]u\xb0\x8e\x89\xdf|\x18\
\xe4R\x19\xc9ltBn\xaf\xf7\xd9\xe8F \xa0^\
\xb6X\x9c\xf6\x98\xa99T=s\xac\xfd{\x18\xe8\x9a\
\xa0^2\x99\xaf\xbb,\xb6J\xac\xac\x0f\x08vCv\
\xfa1wWz<\xde\x1e\xb2\xd3\x8f\xa9\x97,t\xed\
\xc5\x1b\x14e\x9d.\xe9G)[\xbd\x08!\x94<\xdb\
\xb3%!\x9f\xfd\xfbR\x8e\x82|\x0d\xcf6\xb0\x8b\xcd\
\xc7\xb32\xe0\x96\xa11S\xb3yk\xa1\xc2\x9f\xbe5\
E\x1a\xe7\xb4w#\xc20\xe5\xd1J\x8f_\x18\x82A\
\xa46nW\xe7+,4\x94\x13\x9e[H\xd1\x19\xba\
66\x81\xc9\xa5T\xda\xe5q\xc60\xce\xd8\xecF|\
\xf9\xb8\xcb\x1f\xee\xb5\xf9\xd5\xcd-\x1e\xae\xf7I\x82\x14\
C\x13\xb8\x9eI\xadd\x1d\xe9\xba\xabf3I/T\
\xd7\xc864\x1cS?rV~d\xda#%x\xb6\
A\xc9\xd2U\x06\xeb5F\xa3\xcd\xb2\x8dg\x19\x5c?\
S\xe3\xf3\xe5\x1e\xf7\xb2]vvC6\xdb\x017\x1f\
u\xf8\xf9\xcd-\x5cKg\xa1\xe1\x1e\xc9\xe8\xe6(\xd8\
\xeb\x0dV\xd9\xdb(\xcd\xe9\x06\x09[\xbd\x08\xdf1^\
\xaa\x12\x22Q\xd9`SW\x1a\xe4\xae\xa9\x8f\x83\xbco\
3,Cg\xaa\xa2su\xbe\xc2O\xaeO)E\xa5\
\x9d\x80DJ\xd2Ti\x10\x06iN\xd0\x0e\x18&\x19\
\x8fw\x03\x96\xb7\x06\xdc\x9b+\xd3*+\x83+!\x04\
\xc38\xa33\x88\xb9\xbd\xda\xe3\xd6J\x8f\x87[C\xb6\
{\xf1\x98FF\x96\xa3\xe7\x12]\x13\x9c\x9f\xf5\xf9\xc1\
\xd5\x16\xd7\x16*\xcc\xd5\x9c\x17n\xb2\xaa\xae\x0a\xd2\xff\
8[\xa6Qs\x18\x06\x09a\x9c\x81\xa5\x93HI\xbb\
\x1f\xf3\xc7G\x1d\xb6\x07\x11+\xdbC\x1elVh\x94\
\xed\xb1\xf9\xd60N\xe9\x0e\x13\xee\xae\xf7\xf8j\xa5\xc7\
Wk}\xd6:\xe1^\xbfS\x9ac\xea\x02\xc7\xb19\
3U\xe2\xeal\xf9@\x0e\xc7\xa7\x12JE\x00\x80\x9d\
A\xc2\x1f\xee\xb5Y\xdf\x0d\x98\xae\xd8$Y~(\x9a\
\xdaH\xb0@\x1dV\xf0\xe3\xab-\xacbnsO0\
\x14\xfc\xce\x05\xe9Y\xb4B\xd2\xfb\x84\xa4\xf71Yp\
\x07d\x86\x10\x06\x90\x22t\x0b\xcd\xac\xa3\x195\x84\xee\
OT]&x\xe5\xd0\x04\xd4J\x16\xe7\xa6K|p\
\xa1\xc1N7b\xb7\x13\x92$\xd9\xcb\x11\x86\x0b'\xc6\
\x86gqf\xcag\xbe\xeeR/\xd9\xc7\xd6\x84x\x18\
\xc4i\xcez'\xe4\xe1\xf6\x90\x87[C\xdaC\xb5\x98\
\xcd\xd4\x1c.\xcf\xf8Es\xe4\xd1\xf8\x90\xca\xe5Z\xa7\
\xe1[\x5c\x9a\xf1Y^\xed\xb1\xba\xda#\x8c2vv\
\x02\x1e\xac\xf7\xb9\xb71\xc0\x9e\xd7\x9eO\xa7\x91{\x07\
\xcbsI\x9c\xe5\xdc\xdd\x18\xf0\xab\xdb;L\x95m<\
[?p\xc69\x93\x924\x93T=\x83V\xd9\xe2\xe2\
\x8cO\xabl\x7f\xa32\x88&\x04\x8bM\x8f\xff\xe9\xfd\
yd*y\xb4=dc\xb5G\xa7\x1d\xf2\xf0Q\x97\
\xde \xe1\xd1v\xc0\xe5\x852o-T8\xdb\xf2X\
l\xb8\xb4\xca6eWI\xb9\xa5\x99\xe2\x9do\xf6\x22\
\x1e\xef\x04\xdc\xdb\x1cp{\xad\xcf\xe7\xcb\x1d\x96\xd7\xfa\
t\xb7\x87\x84A\x0aIN\xa9\xee0=_\xe6\xcaR\
\x85K\xd3%\xdc\x83VW\xf6-\x88a\x92\xf1\xd5z\
\x9fj\xc9d\xb9\xeab\x1b:Y!+z\x18\x8c\x1b\
\x08\x8b\x05\xf2\xdcTi,\x81\xf7:\x1b~-]C\
w\x05\xdf[\xaa\xb2\xfeV\xc0\xa0\x1b\xb0\xb3\x1b@*\
Y\xde\x18\xf0w\x9f\xac2\xdfp\xf9\xc1\xc5\x06\x86\xae\
qH\x09\xed#CPt\xf5\x19\x1a[\xfd\x98\x9b+\
=<\xcb`\xad\x13\x91\x16\x9e\x0b\x87\x9d'\xf6;Y\
V\x5c\x93\x99\x9a\xc3R\xc3e\xde\xfa\xee\xd0;\xcfM\
y\xfc\x87\x0f\xe7\x89\x82\x84\x07[C\xb6\xb7\x87\xf4\xfb\
1x\xa6\xaa`Z:\xfd(#^\xeb\xd3\xde\x0d\xf9\
\xfd\xed\x1d\x1c\xc7\xc04\xd5\xa68Is\xa2(c8\
L\x08\xc2\x94\x10\x94I\x90& \xc9a\x90`\xda:\
~\xc3\xe5GoM\xf1\xef?\x5c`\xa9\xe5\x1d\xa8\x0a\
RqM\xae\xcdUx\xe7l\x8d\xeb\xe7k\xdc\xbd\xd7\
f\xa5\x13\xaa\x8c\xb1e\x80\xa9\xd3\x0d\x12\xc2\xc71[\
\xed\x80_}\xb5\x8d\xeb\x9a\xe3*i\x9cd\x04QB\
0L\x08\x82\x84`\xd4\x83\xa2\x09\x0a\x8e\x0e\x95\xba\xcb\
\xec\x5c\x99\xabKU\xae\xceW\xde\xdc ]\x13\xaaj\
!aw\x18\xf3\xc9\xbd6_>\x00S\x13\x1c\xfa\xd5\
\x90\x12\x99+9d\xa1\x09\x5cSg\xa1\xe9\xd1*\xdb\
\xd4K\xafh\xfc\x07\xc0w&H\x97y\x8a\x94\x09\xd9\
\xf0+\x92\xee\xaf\x15\xcd%\xef#4\x1b\xd0@\xe6\x08\
\xcdA3\xeb\x08\xc3WM\xa3\x93 }\x82W\x0c!\
\x04\x96!h\xfa\x16\xef\x9d\xad\xb3\xb6\x13p\xe3\xd1.\
\xd1H\xcfv\xd4~\x7f@(\xf9\xeb\xbd\xd9i\xa6\xee\
re\xbeJ\xa3\xec`\x9d\x00\x1f\x1dT@\xf7`k\
\xc0\xfd\xf5>\xbb\xbb!Q\xa4\x5cV\xe7\x1a\x1eW\xe7\
\xca\xd4<\xf3\xc8\xf2v#3\x8f\xb2kpy\xd6\xe7\
v\xcb\xe3c\xdb \x09\x12\xc2~\xcc\xbd\xd5\x1e7W\
\xba,6\xdc\xe7\xaa!\x8c\xa4\xcf\x10*\xc8N\x92\x9c\
[\x8f{$qN\xd95\xb0tM\xd9\x95\x1f`\xc6\
\xcf\xb3\x9c,\xcd\x99n\xb8\x9c\x9f\xf5\xa9\xb8f!\xb7\
\xf6\xec\x8a\xc8(#[vL.L\xfb|t\xb9I\
{\x98\xf0\xf1\x8dMn\xdcm\xd3\x19\xc4ll\x0d\x19\
D)\xdb\xed\x80\xc7\x1b}f\xea.3u\x97\x86o\
Qv\x8a \xbdh\x0e\xdd\xe9\xc7\xac\xef\x06\xacn\x0d\
Y\xd9\x0eX\xde\x1e\xd2\xeb\xc7\x90dT<\x93\xc5\x19\
\x87\xab\xe7j\xbc{\xa9\xc1\xfb\xe7\xeb\xcc7\xdc\x17>\
\x17O,v\x85\xeaP\x18\xa5|\xf9\xb0C\x7f\x90\xa8\
l|\xb1\xc19\xec\xber\x94\xbd\xcas\x89\xcc%?\
\xbe6\x85WH\x1e\xbe(H\x97r\x14\xa4\xaa\xdf\xcd\
_\xa2\xe1Z\xd3\x04\x1a\x82K\xb3>\xdd\xa0\xc9\x8d\x87\
\xbb\xac\xee\x04\xf4\xbb\x11\xddn\xc8\xed\x07\x92/\x1e\xec\
\xf2\xc7\xe5.g\x9a\x1eS\x95\xe7(k\xc8\xbd\xf3\x1a\
\x9d\x93\x14\xc5\x9f\xe5\x93?\xf3\xcd\xe7\xb6/\xb3'\x00\
]\xb0\xde\x09\xf9\xec\xc1.\xed^L\xc55\xf7\x1a\x8a\
\x0f\x1b\xa4\x17\x1e\x04Y\x9a1\xd7t\xb9\xb2T\xc5\xd4\
\x9a\xcc\xd7\x8f7H\x1f\x09\x08\xe5rto\xe4\xd8\x01\
\x99\xd1\xf5x\xcd\x9d\xcb\xa3i\xa6\xe2)#\xa5\x1f]\
m\xd1\x09\x12>\xbe\xb9\xcd\xed\x95.\x834'\x89\xf7\
\xe8`A&\x09\xd2\x98\xedA\x82n\x14\x12\xa6\xa2\xb8\
~\xd9\xe8\x5cP\x81\xa2\x06$`\x02\x8egra\xa1\
\xcc\xf5\x0bu~|m\x8a\xb7\x16*T\xbd\xaf\x1b\x18\
=\x0b\xa6\xaea\xba\x1aW\xe7\xcb\xfc\xcd\xf7g\xf9\xe7\
,'\x08\x12\x06iN\x1c\xa7`\xe8\xa4\xb9$\xcdr\
\x86i\x04\xbd\x18\xb3\x90\x8bTI|I\x92f{\xd7\
Z\xd7\xc6\x9b\x07\x03pJ\x16W\x96\xaa\xfc\xf0\xedi\
\xdeZ\xa8P/\x1d\x83\x82\xd4\xf8\xf6\xaag\x9e\xd1\xfd\
\x1e\xfd=\xc7t\xab\xe5\xde\xf3\xfb\xc4\x81%\xc4IN\
\x1c\xa6{\xe7}\xd85\xa5\xa8>\x8f\x92\x11\xbb\x83\x98\
0\xc9\xc6=<'\x85\xefN\x90.cd\xda'\xe9\
\x7fN\xb2\xfb/\xe4\xc9\xa6\xfa\x07a\xa8\x06\x8f,G\
\xe8.\xc2l\x22\xf4\x12B\xbc\xa1;\xcb\x09\xdeH\x94\
l\x83w\x96\xaa\xac\xb6\x03\xfe\xe9\xc6\x06\xdd(%\xe9\
\xc7\x85\xc1\xd1!&\x9b\xa2a\x14\x00M0\xdf,q\
m\xb1F\xd5;\xb9z]\x18g\xdc\xd9\x18po\xb5\
G\xd8\x09\x91i\x0e\x96\xceB\xcb\xe3\xad\xa2\xf9\xe9e\
\xe1\xdb\x06\x97f|\x16\xa6<tG\x87 &\x0bS\
\xee\xad\xf5\xf9\xe3\xa3.?\xb8\xd8|\xee\xef\x8e\xe2\x1c\
\x09\xe4\x99$\x8e3n<\xea\xf0\xd5rgo\xf3p\
\xd0y:\xc9\x90q\xc6\xd2b\x85w\xaf4y\xe7L\
\x8d\xcb\xb3\x12\xfd\x05\x0ex\xa6.\xa8\xb8\x06\x1f^h\
\xb0\xd0\xf0\xf8?K&\x89\x80[w\xdblm\x0f\xe9\
\x84\x09\xbd\xdd\x90\xfb+]t\xc7@w\x94\xfe\xbbm\
(\xfd\xee\xach\x14\x8b\xe3\x8c8J\xc8\xc2\x94<\xcc\
\xc8\xe2L}\xaem0=\xe3\xf3\xfdK\x0d\xfe\xfa\xbd\
Y~rm\x8a\xb9\x9aK\xd5\xfd\xba\xa9\xca\xb3\xaf\xd1\
\xbe 3\xcf\x09\x83\x94\xcf\xef\xb7\xf9\xf2\xe1\xee\x9eL\
\xddQ\xd6\xb2\xa2\xe23Z\xd8u\xe0\xfc\x9c\xcfl\xcd\
\xf9\xc6\xec\x95D\xad\xa7y.\x91Y\x11\xa4\xef+W\
\x1f\x15gZ\x1eB\x83_|U\xe5\xcez\x9f\x87\x03\
\x95\x91\x8c\xc3\x94?\xde\xdd\xe1\x9fg\xcb\xfc\xd5;\xd3\
\xcf\x0d\xd2G{\xe4|\xb4i\xc8%R\xa8\xac\xf5A\
7z\xe3c\x15\x14\xa6\x1c@\x13\xac\xee\x06l\xf4\x22\
>\xd1\xdaO\xaa\xea\x1deg\x94\xe5\xc88\xe5\xd2b\
\x95v\x90\xb2P\xf7\xf8\xe0|\xfd\x90\x07:\xd8G\xe5\
y\xe1$\xba?@/\xae\xcfI\xc5?\xb6\xa1a\xe9\
\x1a?\xbe\xdab\xba\xee`\xdb\x06\x83<\xe7\xd1r\x97\
d\x98\x80\xa5\xab\x06KK\x1f\x07\x9cY\xe1\x84<6\
k\x10\xa2\x90GDe\xa8\xe3\x1c\xa2\x0c\xdb5i\xcd\
\x94\xf8\xd1\xdb3\xfc\xcf?Y\xe2\xd2\x8c\xcfL\xf5\xc5\
4\x97\xa7qy\xd6\xa7\xe2\x19\x04A\xcaJ/\xe6\xf1\
r\x87\xb8\x1f\x83\x8bZ\x17Fc\xcbs\x92(}\xf2\
\x97Gz\x84f\xc1AO2\x083l\xcf\xa09\xed\
\xf3\xc1\xd5\x16\xff\xcb\x8f\xcfp\xa6\xe5\x1dK3\xf4\xfe\
\xe7~|\x9f\xb3\x82\xc8v\xc8\xe7\xfeE\x9f3\xfe\x8c\
l\xf4p\xed\xeb\x98\x85\xbd{s\xe8\xbc\x8f\xd8kJ\
*\xbeF\x97\xf1$\xf1\x9d\x09\xd2\xf3h\x9d\xb4\xff\x05\
\xd9\xe0\x06y\xbc\xaah.\x9a\x8d\x10\x1a2\xa7\xe8\x18\
\xb0\x10zYq\xd1O\xfa\xceL\xf0\x9d\x82\xa1k\xd4\
JJ7\xfb\xfaR\x95\xe10\xa1\xdb\x09\x0b\x83#\xf5\
3\x07z$\x95_;\xb6\xa1\xe1\xfa\x1e\xe7\xe7\xaa\xbc\
\xb5\xa0\x82\xf4\xd7\xad\x1f+\x0b\xeaG7H\xb9\xbf9\
`y{H\x12\xe7\x94\x1c\x83j\xc3\xe5\xcct\x893\
-o\xcc\xa5|\x19\xb8\x96\xceR\xd3\xe5\xfct\x89\xf9\
\x96\xc7Z\x921\xe8D\xacwC\xee\xae\xf7Y\xdb\x0d\
8\xd3\xf4(\x15*\x0d\xfb1\xd2\xd6\x15E\xe9T\xe8\
Be\xaar8t\x04\x94\xa9\xc5#.\x82\x90\x83\x06\
\x8d#\xb5\x97\x8ak`\xe8.\x7f\xf9\xce\x0c\xb3U\x87\
O\x96\xb6\xb9\xf9\xa8\xc3\xe3\xcd![\x83\x98\x9d(%\
\x8esHbB\xc1X6MJ\xc8`\x1c\xd4\x19\x9a\
\x86W1\x98\xf2,f\x1b.\xf33>o\x9d\xa9\xf2\
\xbd\xf35.\xcd\x96Y\xa8\xbbx\xd6\xd7\xaf\xc5s\xc7\
\x87P\x1a\xeb\xba\x18\x7f\xa5\xa8\x0c\xfeK\xad\xc0\xb9\x0a\
\x18G\xc1[r@Z\x91(\x86\xa1i\xea~\x09M\
(A\x8d\x97|\xc4\x0d]\xa3\xeeY\xfc\xe0b\x93v\
7\xa2\xdf\x8bY\xdb\x96dY\xce\xbd\xad!?\xfbr\
\x83\xa5\x86\xcb\x5c]5\xf1>+\xc0\x11B\x1d\xc70\
4D\xa1\x0e\xa1\x1b\x1a\x86v\x18\xd5muN\xba\xa6\
\xa1\xe9\x82Lj\xe4B\x90#I\xb2\xa3W\x0c\xc6.\
gy\x0e\x99$\xcar\xb5yxE)mA\xd1G\
\xa9\x09\xb2\x115!\x17\x08]S\xd5\x8b\x13ZfG\
.\xa6\xb5\x92\xc5\xa5\x992\xff\xee\x83y\x16\xeb.\x9f\
\xdd\xd9\xe1\xeeZ\x8f\xc7\x9d\x90v\x98\xd2\x8f\x8bT\xed\
\xb8\x0a\xb0\xef\xc4\x8a`P\x08\x81\xe7\x98T\x1d\x9d\xb9\
\x8a\xcd\xc5\xd9\x0ao_h\xf0\xfd\x0b\xb5q\xa5\xf0P\
\xfd\x15\xc5\x8f\x96l\x83\xb9\x9a\xcb_\xbc3M\xd91\
\xf8\xf8\xabmn=\xee\xf2\xb0\x132\x882\xa2t\xef\
\xbd\xe1i\xea\xb5&\xd5\x85Ge\xe6=\xd7dv\xd6\
\xe2\xf2|\x99\xf7.7\xf9\xe8r\x93sS%\xca\x8e\
q<\xeb\x82P\x1e\x0cz\xf1>J\xa9\xee3R)\
\x8c\x1d\xd7\xd2\xa3\x9e'\xf5\x19j\x02(\xfe\x0c0\xa2\
\xf5\x8c\xfe<\xfa\x85\x83\x22\x97H]\x16\xe7\x22\xd0\xf4\
\xe35\x7f;*\xbe\xf5A\xba,jjY\xf4\x98x\
\xf7\xe7d\xc3\xaf\x90I[e\xcb5\x95\x0d\x11\xaa\xe0\
\x8d\xd0,\xd0}\x10\x07WP\x98`\x82\xe3\xc0H#\
w\xae\xe6\xf2\xceR\x8d\xd5\x8d\x017\xef\xee\x80^L\
\xc2/Hv\x8c\x97\xd8\x5cB\x92\xe3z&\xd3\xad\x12\
\xe7\xe7*\x5c\x9a\xab\x9e\x98\xa1O\x92\xe5\x0c\xa2\x94\x8d\
nD7H\xb1M\x8dz\xcdei\xb1\xc2\xf9\x19\x9f\
\xb9\xbaw \xd5\x95\x17\xc11u\xe6\xeb\x0e\x17\xa6}\
.\xcf\x97!\xc9X\xcb$a&\xd9\xeaGl\xf7b\
za\xa2\xf4\x80\xf7-\x98B\x08LC\xc3\xb5u\xfc\
\x92If\x084K\xdf\xa3x\xc8\xbd\xc4\xd9\xc1N8\
G\xc6\x19\x95\x92\x92F3\x0fYF\x1eI\x02\xfe\xf4\
\xda\x14\xdf?W\xe7\xdaB\x85\xdf\xdd\xdd\xe1\xb7\xb7w\
\xb8\xb9\xda#\xdb\x1a\x92\x84)y\x9c#\xd3\x0c\x99e\
\x05%B(\x87ASG\xb3t\x5c\xd7\xa0U\xb1\xb9\
>W\xe6\xdd35\xde\xbf\xd4\xe4\xad\xf92W\xe6\xca\
\x87\x1a\x0f\x14\xae\x90\x86\x86\xeb\x18\xf8%ko\x81\x1c\
\x19\xd3Hy\xf4\xf9R\xca\xb1\x964\x99\xc4utL\
\xfd\x05\x8bzq\xae\x9emP\xf6L\x06%\x0b\xbfd\
R\xb2u\x8c\x97\xcc\x0ajB\x1d\xf7\x83\xf3u\x06a\
\xca\xcd\x95\x1e\xa1\x94\xc4qJ;L\xf9\xecQ\x87\x07\
\x85C\xb0S4\xef>54\xe5,\xec\x18\xd4|\x9b\
\xdd\xaa\x8dD`;\x86\x1a\x9f\xfe\xe2\xc0T\x08\x15_\
\xd9\x86N\xc55\xa9\x96,\xe24+6#\x9a\xa2\xd0\
\xf0\x12B\x8c\xa3kne\xf8\xbeE\xc91^IC\
\xb9&\x94\xb3\xabg\xe9\xd4J&\xa1\xa1\x11\x9b\x1a\xa4\
\xea]\xf3=\xf3D\xd5\xa6@\x05\xc2\x9e\xa53U\x99\
\xe1\xbd\xb35~\xb9P\xe17\xb7\xb7\xf9\xdd\x9d\x1d\x1e\
l\x0dXi\x87\xe4\xa9 \xcf\x0a\xbe\xf2\x88RUl\
\xea5CG75\xa6*6gZ.\xef\x9d\xab\xf3\
\xd1\xe5&?\xbd6E\xabl\xe3\xbd\xc4\xbck\x9b:\
\xb6\xa9\xf3\xd3\xabS\x5c\x9b\xaf\xb04\xe5\xf1\xf3[\xdb\
\x88\x9b[\xac\xb7\x03v\xfb12\x93\xe4\x19\x85\xe7\x81\
Z\x05\x84P\xd4\x1b\xcd\xd0\xd0\x0c\x9d\x92\xad3]u\
\xf8\xde\x99*\x7fz\xb5\xc5_}ov\xbc\xc9<.\
\xe8\x1a\xd8\xa6F\xd93\xa9\x96L\xd5\x84\x9b\xe8\x18R\
\xe2\xbb&\x9e}\xf0\x84\xc07\xc1\xd0\x05\x9e\xad\xe3\xbb\
&\xbeo\xa2Y\x06\xe2\x98dQ\xe5(C_l\xfe\
]\xc7\xc02\xc4\x89;\x0d\x7f\xeb\x83t\xf2\x88<\xed\
\x91\x0d\xef(.z\xb2\xa9\xa4\x16\xc5\xd37V\x82\xd0\
\xd0\xb4c\xdaYN0\xc1\x11P\xf5L\xae/V\xf9\
\xf2\xe1\xae*g\x0a\xb1\xc7\xaf{\xd1c9\xca\xf6d\
9sU\x97\x1f\x5c\x99\xe6L\xab\xf4\xb5\xc0\xf4uB\
\xd3\x04S\x15\x9b\x7f\xfb\xfdY\xbe\xb7P!\x18&T\
J&Su\x97w\xcf\xd4\xd0\x8fR\x95|\x06F\xd9\
\xcbw\x96\xaa\xfc\xaf\xff\xe6\x22\xeb\xed\x80v/B\xd3\
5\x1a\x15\x9b+\xf3e\x1cK\xffZ\xf0g\x9b\x1ao\
/V\xf0,\x9dk\xf3e\xe2,G\xd3\xb5\xa3\xabf\
\x14\x13}\xdd\xb7\x98\xa99\x5c\x98.\xa1\xbf(\xe8|\
\x0e\x1cS\xe3\xfab\x85\xd9\x9a\xc3\x0f/\xb7X\xdd\x0d\
x\xb4=d\xbb\x13\xb1\xd3\x8b\xe8\x0e\x13\x82(%\xcf\
%Z\x11\xa0W<\x93V\xd5f\xba\xe20Su\x98\
\xaf\xbb\xb4*65\xdf\xa2\xe2\x1cm\xba\xafy&\xdf\
;S\xc5\xb35\xde;[S\x15\x07\x01Gk\xf5}\
\x0a\xf2In\xf9\xb5\x85\x0aW\xe7\xca\x94\x9d\xe7\x07\x10\
\x86.\x98\xab\xb9\xfc\xa7?Y\xe0\xc33Uz\xbd\x98\
\xaao1\xd3t\xb92{\xf8M\xc8\xd3\x18\xc9z\xfe\
\xf4\xda\x14\xbem\xb0\xd9\x0d\x89\x92\x0c\x09\x98\xa6\xce{\
gj\xcf}\xa7\x0cM\xa3\xe5\xdb\xfc\x87\x0f\xe7y\xff\
l\x8dN?\x86\xe2\xd9\xbc\xbeTa\xbe\xe6\xbcp\xc3\
lh\x82\xbag\xf2\xd1\xc5:\xfa\xdf^\xa6\x1b$\xa4\
\xc5=>.'b\xf5\x9c\xe64|\x8b\xc5V\x89\xcb\
\xc7p\xdd\x9eF\xc96X\xa8;\xfc\xdb\xf7\xe78?\
\xed\x93\xa4\xb9j.\xce%\xaeeP/\xdb\x5c_\xac\
\x1c\xfb\xe7\x1e\x05J%\xca\xe2\xa3K\x0d.L\x97\xf8\
7\xef\xcc\xb0\xd2\x1e\xf2x;`\xbb\x17\xd3\xee\xc7\x85\
\xca\x92j\xe87\x0d\x0d\xc7\xd2\xa9\xfb6\xcd\xb2\xcdB\
\xc3e\xae\xae\xde\xb9\xa9\x8aM\xcb\xb7\x8eMS\xdf2\
4\x9a\xbe\xc5\xbf\xba6\xc5\x95\xd92\x7f\xf9\xf64+\
;\x01+;J\xb9\xaa3P\xea/#%\x13\xd3\xd0\
\xb0M\x9d\xbao\xd1(\xdbLWlfk\x0e\x0b\x0d\
o<\xc6\xe3T\xf21u\xc1l\xd5\xe1\xc7\x97\x9a\xf8\
\xb6A\xbbp[\x95\x99D iV\x1d\x16[\x1e3\
\xd5\x038\xa4\xbe\x00gZ\x1e\xff\xee\xfd9\xde?[\
ecw\x01M\xd7\xd4|t\x0cP\x89\x199\xf6\xd4\
\xb8\xbeP\xe1\xf2L\x99\xca\x09\xcbS\x0a\xf9\xb2$\xbe\
S\x8e,\xde&\x1b\xde#\xdc\xfc\xbf\x09\xd7\xffw\xc8\
c\x90)B\xb3\x10Ec\xa8\xcc\x03d\xda\xc5\xac\xfe\
\x18\xb3\xf1\x97\xd8\xcd\xbf\xc5\xac|p\xc2#\x9f\xe0\xbb\
\x88\xf6 \xe6\xd1\xf6\x90\xff\xe3g\xf7\xf8\xdf\xfe\xebM\
\x92(SY\x09S\xdbW\xd6\x93\xfb\xbe\xab/Y\xf0\
LI3D\x9c\xf1\xe7\xef\xcd\xf3\x1f\xff\xec\x02\x7fv\
}\x96\xf7\xcf?\x9f\x8f\xfd*!\xa5\x1c74n\xf7\
#\x82(S2{\x96\x8e\xef\x18\xf8\x8e\x81{\x0cT\
\x97\xfd\x08\xe3\x8c~\x98\xd0\x8f2\x86Q\xaa\xe4\x10\x0d\
A\xcdS\x19C\xd7|R\xfb<\xcb%\xc3(\xa5\x1f\
\xa5\xf4\x82\xa4\xd8\x0f\x1d}\xd2\x97R\xe5\xb3F\xb2\x84\
5\xcfT\x9b\x03\x8e~\xdc\x91\xfaI7H\xd8\xeeE\
lu#\xb6z\x11\xdd a\x10e\xe3 \xdd24\
\xaa%\x8b\xa9\xb2\xc5T\xd9\xa6\xe9\xdbT\x5c\xe3\xa5\xb3\
\x95q\x9a\x13\xc4)\xfd0\xa5\x17*\xee\xab:\x95\xe3\
Z\x1c\x8b\x1c\xa0\x94T]\x93\xaagb\x9b\xfa3\x9b\
\xd9F?\x1b\xa79\xedA\xcc0T\xf2\x94\xa6\xa1\xe1\
Z:U\xcf\xc4\xff\x86\x00\xff0\x08\xe3\x8c\x9dA\xcc\
0\xceH\xb2\x8c,ST\x9c\xb2kRq\x0d|\xe7\
\xebt\x97\x11/w\x10\xa7DIF\x92\x8d\x16}%\
/\xe9\x9a*\xb8\xff&\xfd\xfd\x5c*z\xcd Ji\
\xf7\x13\xe2,\x1f%o96#\xa3\x82\x16e\xeb\x9a\
\xcaL:\xc6\xb1]\xb7\x11\xd2B\x02\xaf\x1b(s\x99\
\xbch,DJt]\xc364*\xaeI\xbdt\xba\
\xa4\x8e\xb3\xc2\x04l\xa7\x1f\xb3\xd5\x0d\xd9\xec\xc6l\x17\
Az\xb4/H\xf7,\x9d\x86o\xd3*[LW\x1d\
\x1a\xbe\x85]\xc8\xa2\xbe*\x8c*\x93\x9b\xdd\x88\xf5\xc2\
\xa0\xac=H\x08\x9e\x0a\xd2\x9dB\xf1\xaa9\x9a\x0b\xca\
\xc5\x5c`\x1c\x7f\xe5bd\x9c4\x8c2:AL\x9c\
\xe6O\xc8\x83\xda\xa6\x92\xa2\xady\xe6K;^\x0fc\
\xf5,\x05qF\x18g\x05m\xe98\x13P{<\x99\
j\xf1\x8e;\xe6\xab\xbd\xa7/\xc2\xb7>\x93\x9e'm\
\xe2\xde\x1fH\x877\x90\xc96Bs\xf6\x14]\xf6c\
\x92=\x9f\xe0\x14\xc0\xb5tfk\x0e\xb35\x97V\xd5\
\xa5\xdd\x1e\xd2\x8f\xd2\xa2\x81\xf4y\x10\xe3f0M\x08\
\xf4\x92\xc5\xdc\xb4\xcf\x87\x17Z\xccTOVVM\xd7\
T\xb9\xdb\xac\xba\xc5\x02\xad\xb2\xebz\xf1u\xdc\xb0\x0c\
\x8d\xaag\xe1;\x92\xac\xf8\xbcQ\x96]\x7f\x067R\
\x13\xea\x9a[\xa6F\xf5\x98\xca\xbf\x8a\x1a)\x8ar\xff\
ax\xc8\xcf\x86@\xb1K\xca\x8e\x81cjLW\x1c\
\x92,\x1f\x9b\x11\x8d\xb8\x0f\x9a\x00]\xd7\xb0t\xa1\x14\
\x22\xf4\xe3\xd1\x1a7tA\xc96pL\xfd\x95\x05T\
\xa3\xa5\xd1\xd0DA\x09y\xfe\xb8\x05J2\xb1\xe1[\
\xd4<S\xb1\xc1\x84\xba\xe6G\xd1\xda\x7f\x1eF\x19\xcc\
\xfa8\xb8T\xe344\x81\xae?\xff\xf9\xd54\xb5\x11\
U\xda\xf1#\x0aB\xf1Lh/\xae?\x08\xd4}\xf4\
\x1d\x13\xdb4^\xba\x19\xf6y\x18=\xa7z\xc1%>\
n\xa8\xf7M\xa7^\xd2\x94Y\xce>*\xfd\xe8z\x9c\
T\x85\xef\x9b\xa0\x09\xf5|5}\x8b\x8ak\xb0\xd4T\
A{6j\x80\x94#J\xd2\xe8=S\x949S\x7f\
\xf5FS\xba&\xf0m\x03\xab\xa1)-\xf0T\x92\xe6\
9Y\xce\xbegM\xf5g\x8c\xc76\x9a\x0b\x8e\xf1\xdd\
\xd8\x8f\xd1\xfb\xa8\xbb\x02\xd7\xda{\xe6G\xf7zt\x9f\
\x8dc\xb88\xb6\xa1\xd3(\x092W\xbd\x93\xaf\xf2r\
\x1bz\xd1\x132i\x1c}5\x902Cf\x01y\xf4\
\x98\xb4\xff\x09y\xf8\x10\xc8T\x03\xd4\xd7\xa8.\xa3\x89\
3\x87<\xe1\xeb]\x18\x13L\xf0z`\xe8\x82\xb2c\
P\xf7-ZU\x9b\xb0\x1f\xd1/\x9a\xf3FS\xd23\
\xe7\x0c\x09d9%\xd7df\xda\xe7\xc2|\x95\xf3\xd3\
\xe5cQN9*F\xcd\x90\x9a.x\x05\x09\x9cg\
B+\xb2\x94\x07=kQ\x04v\x06\x9c\xda\xd9p\x94\
)\x1a-\xb8\xbc\xe6\xc4\xa3&\xc4k\xbd\x87\xdf\x84\xd1\
\xb5\x10\x02\xec\x03\x98S\xbd\x0c4M\x1c\xfa3F\xd9\
\xee\x97\xd9,\x9c\xc4{\xf3*0\x92G\xd55\x81\xf5\
\xa2\xa6\x9aS\x84QS\xa9\xad)N\xf8i\xc2\xde\xbb\
\xf8\xfa\xe7\x81\xe7at\xbd4\x04\xaf\xfar\xa9\xe4\xce\
\xe9\xba'\xaf\x1a\xa7tYzy\xc8<!K\xda\xa4\
\xc1\x03\xb2\xfe\xa7\xc8x\xb5Pm\xd1yf\x98#@\
\xca\x94<\x0f\x912{\xed\xe3\x9d`\x02Pj\x1d\xba\
\xa9\x1a\xc6\xa6\xca6\xdb\xa6\xbe\x8f\xd6\xf2MP\x8dw\
5\xdb\xe4\xdd\xa5\x06W\xe7\xab\xcc\xd6\xddI\x81h\x82\
\x09&\x98`\x82\x09\xdeP|k\x83t\xf2\x80lx\
\x93l\xf0%y\xbc\x81\xcc#\xc47\x1a\x14\x09\xc8#\
d\xdaU\xd9\xf4\xb1\xe6\xe6$\xca\x99\xe0\xf5a\x94)\
tM\x9d\xa6o\xa9\x06\x9f\xb1V\xf7S\x81z\xc1r\
!\x97\x08\x09\xbae0;U\xe2GW\xa7\xb8<W\
9\x95\xa5\xe4\x09&\x98`\x82\x09&\x98\xe0`xs\
jP\x07\x84R\x0a\xc8\x91Y\x9fl\xf0\x05\xd9\xf0\x0b\
Hv\x8afQ{\xdc,\xba\x1f*0\xd2\x90y\x84\
L;\xc8<T\xc7x\xfd\xc3\x9f`\x02@5\xdb\xd4\
<\x0b\xc7\xd4\x9e\xdb+6\x8e\xd9\xb3\x1cM\x82\xebY\
,L\x97\xf9\xe8r\x8b\x0b3\xfek\x1b\xeb\x04\x13L\
0\xc1\x04\x13Lp\xfc\xf8\xd6\x05\xe9 \x91Y\x8f,\
^%\x0bn\x93G+\x85\xe1\xc07\x15\x0d\x04\xa0#\
\xb3\x012^C\xa6md>\x84\x09\xede\x82\x13\x82\
\xa1\xa9\x0e}]\xdf\xe7\xd0\xf2\xac]c\xae\xdc\xe4<\
\x01\xd7\x17\xab\xbc{\xae\xceB\xb3D\xf9\x185p'\
\x98`\x82\x09&\x98`\x82\xd7\x8foa\x90\x9e\x93'\
\xbb\xe4\xe12y\xf0\x00\x99l*+\xacg\x04\xe9{\
\x96\xafE\x10\x9f\x07\xe4\xc9\x06y\xbcI\x9e\xb4A&\
\xaf}\xf4\x13L\x00\x8c%\xf5\xf4\x916\xf2\xb3P\xb8\
\xcd\x09\x09\x15\xc7\xe4\xdd\xb35\xde=Wg\xaa\xe2\xe0\
Z\xdf^&\xdb\x04\x13L0\xc1\x04\x13|\x17\xf0\xed\
\x0b\xd2eN\x1e\xad\x90\x0dn\x93\xc5\x1b\xc8,\x00\xf4\
o\xe0\xa2\xa3\x82x\xcd\x04\x19#\x93\x1d\xf2\xe81y\
\xb4\x82\xcc\x83\xd76\xec\x09&x>\x9eC\xbc\xcar\
\x883,\xdb\xa0\xd9*\xf1\xc1\xa5)\xde=S?V\
\xa3\x8a\x09&\x98`\x82\x09&\x98\xe0d\xf0\xad\x0a\xd2\
\x15\x1f=%\x8fVH\x83;\xc8d\x17)\xd3B\x22\
h\xefT\xf72\xe8\xc5\xff\x8f2\xe9R\x22\xf3!Y\
\xf8\x90lx\x1b\x99\x0dN\xe0,&\x98@\x19\xa2\xc4\
\x85\x16\xf6\xd31\xba\xa4\xd0\xc4\xcd%z.\x99kx\
\x5c;[\xe7\xeaB\x95\xf9\x86wh+\xfa\x09&\x98\
`\x82\x09&\x98\xe0\xf4\xe1[\xb6\x9a+\x9d\xf3,\x5c\
&\x0b\xee\x22\xf3>\xcay\xe0E\xbf\xa7\xa1\xb2\xed\x1a\
\x90\x93\x05\xf7H\x07\x7fD\xa6\xbdW>\xe2\x09&x\
\x16\x92<g\x18\xa5\xa4Y\xbe\xdf\x04\xedI\xe4\x12C\
\x08\xdeZ\xac\xf2\xa3\xabS,\xb6J\x94l\xf3\xc4\xcd\
\x17&\x98`\x82\x09&\x98`\x82\x97\xc7\xb7\x8a\xb8*\
\xd3>Y\xb4B\x16>R\x0d\xa32-\xd4\x5c\xbe\xee\
4\xf8\x04F\xff&L\x04 \x93\x0d\xb2\xe1\x0d\xd2\xe1\
M\x84\xf1\xff\xb3\xf7fOncY\x9e\xe6w\xef\x05\
\xc0\x9d\xf4]\xee\xda\x15\x92b\xdf+3+\xb3\xb2\x96\
\xcc\x1e\xab\xae\xb6\xb6\x99\x1e\xab\x97\x19\xb3y\xe8?\xb0\
_\xba\xa7\xc6l\xacg\xacg\xacz\xaa\xb2*3\xb2\
2*\x22*\x96\x8a\x08Ehs\x97\xcbW:w\x12\
\xc0\xbdw\x1e.@\xd2W\xb9\xbb\x5c\xf2E\xf8d\x14\
\xe9$\x08\x80 \x08\xfcp\xee\xef\x9cSC\x06s\x08\
\x99%\xe2e\xbc<\xc2\xc8\xd0\xecF\x84\x91\xd9\x1eI\
\x17\xc2\xd9\x5c\xa2\x98r\xc1g\xae\x9a\xe3\xe3;3\xfc\
\xec\xee\x0c\xd3\x95\x5cVv1#####\xe3\x82\
p\xa1D\xba\x89\xb7\xd0\xbd\x07\x98\xfeCl\xb4\xca0\
!\xf4\x90\x08\x19`\xadr\xbe\xf4\xeew\xe8\xf6\xbf \
\xfdY\xa4?\x01\x87\xeea\x98\x91\xf1\xfc\x0cbC\xa3\
\x1b1\x88\xf4\xee\x9a\xfd\xda@?fb\xb2\xc8k7\
'\xf9\xe9\x9b\xb3\xfc\xf4\xf6\xb4\xebB\x97\x91\x91\x91\x91\
\x91\x91q!\xb8X\x22=\x5c!\xee|\x85\x89\xd6\xb0\
6B\xca\x02H\x8fC\xf8]\x86\x08!\xb1BbM\
\x9b\xa8\xf9{P%dp\x09\x99[@zY\xed\xe9\
\x8c\x17\x8b6\x860\xb64\xba!\xab\xad>\xddH\x8f\
\x92(\xac\x85\xd8y\xd1\xf1$o]\x9f\xe0\x7f\xfa\xa3\
\xab\xdc\x9a+\xa3\xa48\xc2^\x9e\x91\x91\x91\x91\x91\x91\
q\xd6\xb9\x10\x22\xdd\xba\xb6\x8b\x98p\xc5u\x18\x8d6\
\xc1\x1a\x10r\xcf\xe6E\x07\x93$\x99\x9a\x1e\xba\xf3%\
\xc2\xab\xe0\x95\xde\x02\x19 T1y=\x93C\x19/\
\x86X[:\x83\x98\xadn\xc4Zk@/\xd2\x0cM\
\xe6\x06\x884\xbe\x12\x14*9\xde\xb91\xc1\xff\xf0\xde\
<\x0b\x13\x05\x94\xcc\xa2\xe8\x19\x19\x19\x19\x19\x19\x17\x89\
\x0b!\xd2\xb1\x11\xd6\xf41\xe1*\xa6\xff\x08L/\xf1\
\x90\x1fSLK\xcf522mL\xef[\xc2\x8d\xff\
\x13\xdf\xf4\x91\xfe\x0cB\x06 2\xebK\xc6\x8b\xa1\x1f\
i\xd6\x9a}\xd6\x1a}6\x9b\x03\xfa\xb1\x015fs\
\x095\x0b\x97J\xbc\xf7\xfa4\x1f\xdc\x9a\xe2\xcaT\x91\
BVr1#####\xe3\xc2q!D\xba\xb5\
!&\xdeJ\x1a\x11=\x05\x1b:\x91.\x8e\x16]t\
\x01r\x0b(\x97\xabg\x07\xd8p\x85\xb8\xf9;\x84*\
\xa3rW\x91\xb9+\xc8`\x06\x84w\x8c(}F\xc6\
\xc1tC\xcd\xd2f\x8f\xd5\xad\x1e\xddn\x881\xb8H\
\xba\xb6( \x9f\xf7xm\xa1\xc2\xaf\xdf[\xe0\xedk\
\x13\xd4\x8a\xc1i\xafrFFFFFF\xc6\x0b\xe0\
b\x88t\xdd\xc3\x84+\xd8p\x0d\x1bo\x81\xb0I\x87\
\xd1\xe7\xb0\xa5\x08\x05\xaa\x88\xb5\x06;xL\xdc\xf8\x0d\
X\x8d?\xf5o\xf0\xe5\xc7\x08o\xe2\xe0\x06I\x19\x19\
\xc7\xa0\xdd\x8b\xf9a\xa5\xc5\xd3\xcd\x1ez\xa0\xc1\x93N\
\xa4\xf7c\xf2\x81ba\xa1\xc2\x07\xaf\xcf\xf2W\x1f^\
\xe6\xcaT\xe9\xb4W7######\xe3\x05q\
ADz\x07\xd3_\xc2D\x1b`z\xce?~\x84\x92\
\x89\xdb-\xe6b\xec9\x0fK\x0c6\xc4\x84\x8bD\xcd\
\x7fpV\x18\xd3G\x15\xdfD\x06\x0b\x08\xaf\x92E\xd4\
3\x9e\x1bk-\xdaZ\xb6\xba!\xdf=m\xf3t\xab\
\xef\x06u\x8c\xab\xec\xe2)\xc1\xdcd\x9e?yk\x8e\
\x9f\xbd1\xc3\xf5\x992\xa5\xfc\x85\xf8\xf9fddd\
ddd\xec\xc1\x858\xcb[\xddF\xf7\x1fc\xa3M\
\xb0!\xae\x5c\xe2I%w*\x90\x05\xacic\xba_\
\x81\xe9b\x07O\xf0\xa7\xfe\x0a\xaf\x22P*\x9fE\xd4\
3\x9e\x1bk]\xd2\xe8f;\xe4\xbb'M\x9e6\xfb\
.\x82n,\xc2X\x82\x82\xc7\xb5\x85\x0a\xff\xfe\x8f.\
\xf3\xb3;3\x14s*kZ\x94\x91\x91\x91\x91\x91q\
\x819\xd7\x22\xdd&\xf5\xa3\xadnc\x06\x8b\xd8x\x0b\
\x8b=\xb4<?L\x91\x16W\xc9Eb\xf1\x11\xd2b\
\xe3Mt\xf7+\xc0`\x06\x8f\xf0\xca\xef!\xf3\xaf\xa1\
\xf27\x5c3\xa4\xac\xe9Q\xc61\xe8G\x9a\xc5\x8d.\
\xf7\x09\xa4\xc4\xde\x00\x00 \x00IDAT\x96[<\
Z\xeb\xb0\xd5\x0a\xdd\x0b\x16\x8a9\xc5O\xee\xce\xf0\xeb\
\xf7\xe7y\xe3r\x8d\xe9J\x1e)\xb3*C\x19\x19\x19\
\x19\x19\x19\x17\x99s-\xd2\x01\xb0:\xe94\xba\x88\x89\
\x1b/h!\xc2\x89o\xab\xc0t1\xfd\xfb\x98\xf0\x09\
\xa6w\x0f3X\xc4\xab\xfe\x02!\x8b\x08\xaf\x02\x94\x93\
\xc8\xbaKZ\xcd\x84T\xc6A\xa4}\x8a\xfa\xa1\xe6\xc7\
\x95\x0e\xdf.5YZ\xeb\xd2\xea\x84`,\x9e\x14L\
\x96\x03~\xf9\xd6,\xff\xe6\xfd\x05n\xce\x95\xa9\x16\xb2\
\x0b\xc1\x8c\x8c\x8c\x8c\x8c\x8c\x8b\xce\xf9\x16\xe96\xc2\xe8\
6&Z\xc7\x86+X\xd3}\xfe\x84\xd1\x03\x11 s\
`\x0d\x02\x8b\x8dV\xd0\xcd\xdf`\xc3\x15L\xf7[T\
\xf1.\xb2p\x07\x95\xbb\x8a\xf0\xa7\xdd\xb4dV\x98\x8c\
g\xd3\x1e\xc4|\xf1x\x8bo\x16\x1b\x0c\xba!\x84\x1a\
\x8c\xe1\xee\xadI>~c\x86\x9f\xde\x9d\xe1\xce|%\
+\xb7\x98\x91\x91\x91\x91\x91\xf1\x8ap\xaeE\xba\xb51\
6nb\xa3\x0dL\xb8\x06\xa6\x9f$q\xee-\xd2\x9f\
\x19\xd4\xde\xe3\xf5\xd1{\x92\xae\x8fH\xc0\xba\xda\xec\xba\
\x85\x8d\xd6\xb1\xe1:\xa6\xf7#\xa6\xff\x0e\xaa\xf4\x04[\
|\xcb\xd9_\xfc)\x84*#T!)\xd9x\xae7\
w\xc6\x0b\xc0b\xe9\x0d4+[}\xbe~\xbc\xc5\xbd\
'M\x06\xdd\x88@@\xa1\xe8\xf3\xde\xadI~\xfd\xfe\
<\xef^\x9fda\xa2p\xda\xab\x9b\x91\x91\x91\x91\x91\
\x91\xf1\x928\xdf\xaa1\x11\xe9&\xder\x82\xd9D\x08\
\xbc\xc3\x99\xcd\x9f\x17\xe1\x01\x12\xa4r\x82=\x5cB\x9b\
\x16\xa6\xf7\x1d:\xf7\x092\x7f\x13YH\x22\xeb\xc5;\
\x08o\x0a\xe1U_\xfcze\x9c+\xb4\xb1<\x5c\xef\
\xf0\xc5\xc3-\xbe\x7f\xd4`u\xb5C\xdc\x8fY\x98+\
\xf1\xda\x8d\x09\xfe\xfc\xbdy~\xfd\xee<s\xd5\xfci\
\xafjFFFFFF\xc6K\xe4\x9c\x8b\xf4$\x9a\
\xad[X\xd3w]Be\xc0^!\xf1\xa3\xea\xf6\x83\
\xa6w>\xf3\xe4&\xa4\xab(cB\x17U\x8f\xb7\xb0\
\xd1\x1a&\x5cD\x0e\x1e\x22\xfb?b\x06\x0f\x90\xb9\xab\
\xc8\xe0r\x12Y/!d\xd1\xd9a\x84\x9f\xf9\xd6_\
Q\xb4\xb1\xf4B\xcd7KM~\xf7\xdd:K\xcb-\
\xa2~L\xb5\x12\xf0\xe6\xcdI~\xf5\xf1e>\xbe=\
\xcd\xf5\x99\x122\xdbG222222^)\xce\
\xb5H\xb76\xc6\xc4-\xac\xee:\x81\x0e\x80@\xbc0\
O\xfa^\x08\x10\x01(?\xc9\x024`\xda\xd8~\x93\
\xb8\xff#\xa2\xfd\x07\x847\x93D\xd5_G\x15n\xa1\
r7\x10\xb9k\x08\x7f:I6\xcd|\xc6\xaf\x22\x91\
6\xb4z\x11\x7f\xb8\xbf\xc9\xdf\x7f\xbd\xc2\xc6z\x87\xa2\
\x12\x5c\xb9V\xe3\x17\xef\xcf\xf3\xbf\xfd\xd9M\xa6\xcb9\
T&\xd0322222^9\xce\xb5H\xc7\xc4\
\xd8\xb8\x81\xd5-\xb0:\x89m\x8b\x91}\xfcY\x1c\xe8\
A\x7f\xe6\xa4c\x11\xf0\xf4\xde$\x8f-X\xe3.\x1c\
\x92(\xbf1=l\xf8\x04z\xff\x8a\x09\x16\x5cT\xdd\
\x9fE\xf8\x93\x08o\x02\xa1jN\xb0\xab2B\x96\x93\
(\xbb\xca\xa2\xec\x17\x98G\xeb]>\x7fX\xe7\xeb\xef\
7X}\xda&\x9f\xf7y\xedj\x95?\xff\xc9e~\
\xf1\xc6\x0c\x97'\x8b\xf8*+\xb5\x98\x91\x91\x91\x91\x91\
\xf1*r\xbeE\xba\x8d\xb0\xba\x81\xd5m \x06\x94\xb3\
\x9f<+\x92\xbe\x9f\x10\xdfK\xb4\x1fe}\x866\x98\
\x00!s\xee\xbd&\x04\xdb\x87\xc1\x03l\xef;b\x11\
 T\x09\xbc)\x847\x8d\xf4g\x91\xf9\x1b\xc8\xc2m\
D\xee\x1a2\x7f\x0d\xfc\x05\x84?\x99\xcc/\x8b\xb2_\
T\xbe_i\xf1\x7f}\xbe\xcc\xbf\xde\xdb\xa0\xb3\xd9\xe3\
\xca\xadI>|g\x8e\xff\xf5\x977\xb9=_\xce*\
\xb9dddddd\xbc\xc2\x9ck\x91>\xac\xee\x12\
\xb7]\xd4Z\xa8\x97\x934\xba{M\xf6\x7fN(\x04\
\x05\xe7\x95\x97\x1a\x90n\x1d\xf5\x16Vw0\x83\xa7\xd8\
\xfe\x03L\xfb3\x84?\x85\x08f\x10\xfe\x02\xc2\x9fI\
\x22\xebU\x97p\x9a\xde\xcb\xa2\x13\xf9\xb2\x80\x10A\x16\
m?\x874\xba\x11\xcb[=~\xff\xf5*\xbf\xfbl\
\x99\xadPs\xf9z\x8d\xbf\xfa\xe9U~\xf5\xfe<\x97\
'\x0b\x14\x82s\xfd\xd3\xccx\xc1\x18ki\xf7c\xda\
\xfd\x98V/&\xd4\x06\x81k|U-\xf8\x94s\x1e\
\xf9\xec\x22\xef\xc2\x12\xc5\x86\xce \xa6\x17iz\x91\xfb\
\xee=)(\xe7=\x8a\x81\xc2W\x12\xb9\xa3%\xf1 \
\xd6\xf4C\xcdF;\xa23\x88\xb1\x80\xaf\x04y_1\
Q\xf4\x99(\x06\xc0)\x9dB322\xf6\xe4\x5c*\
\x81\xb4\xd3hZ\xdd\x05\xd3q\xf6\x12y@\xf3\xa0\xa3\
&\x8e\x1e\xf8\xdanQ.v=H\xffV.9\x14\
pv\x18\x8b51\xe86\xe8>\xd6D\xd8t~*\
\x8fPED0\x8b\xf0f\x10\xde\xa4\x13\xeb\xc1\x1c\xf8\
s\xc9\xf3S\x08o\x0a\xbc\xc9$\x015\xe7*\xcd\x08\
/\x19EH/T\x92\x11\x85\xe1\xc8\x82\x18\xae\x5c&\
\xeaO\x07k-\xdaX\xd6[}>\xbd\xbf\xc9?\x7f\
\xbf\xc1\xb7?\xd6\x99\x9d/\xf3\xc6\xddi~\xfd\xc1\x02\
?\x7f}\x9a\x99j\x9e\xc0\x93\xa7\xbd\xba\x19'\x8c\xb5\
\xee\x97\x9e\x1e\xbeD\xf2\x9f\xe0\xe8\xbfIc,\x9b\xad\
\x90\xc7\x1b]\x167\xba\xb4{\x11\x08\x98\xab\xe5\xb99\
W\xe2\xeaT1\x13\xe9\x17\x98~\xa4y\xba\xd5c\xa5\
9`\xad\x19\x22\x05\xe4|\xc5\xad\xd9\x22\x0b\x93\x05\xca\
9\xb1K\xa4\xf7C\xcdZk\xc0\xd7\x8f\x9b<\xdd\xea\
c\x93n\xc6\xb5\xb2\xcf\x1b\x0bUj\x05?\x11\xe8\xd9\
\xf9!#\xe3\xacp.Ez\x8a\xb5\x11Vw\x92\xfa\
\xe8/;a\xf4\xd9\x881a\x9c>\xe3\xae$H\xaa\
\xd08\xd1\x0e6\xf1\xd1\xc7.\xe9t\x10C\xb8\x89\x15\
\x81\xf3\xa6\xab<B\xe5A\xe6]4\xdd\x9bH\xc4\xfa\
$\xc2\xab!\xbc\xc9D\xb4\xd7\x5c\xc4]\x15\x10\xb2\x90\
\xf8\xdas \xf3 r\x08\x19\x9c\xc2V\xc8H\x89\x8d\
\xa5\xd9\x8b\xf8\xf2q\x83\xff\xf4\x9b\x87|\xf3\xa4\xc9\xcc\
t\x81\x7f\xfb\xf1e~\xfd\xd1e\xde\xbb^c\xaa\x14\
\xe0\xc9\xb3\xb5\x1fg\x9c\x0c\xdaXBm1\xd6b\xad\
EI\x81'\x05\x9e\x94G\x8e^jc\xf9\xfei\x8b\
\x7f\xfcz\x8d\x7f\xfaz\x95\xd5\xcd\x1eHx\xf3\xd6$\
\x7f\xf2\xfe<\xc1\x9b\x8a\xe9J\xee\xc5|\x90\x8cS\xa7\
\xde\x09\xf9\xed\xf7\x1b\xfc\xe1\xde&_=\xd8\x02%\xa9\
\x94\x02\xfe\xc3O.\xf3\xa7o\xcd\xe2OJ\xfc\x1d\x17\
\xfa\xf5N\xc4\xb7\x8b-\xfe\xe67\x8f\xf8\x97\x1f6\xc1\
X\xaa\xb5<s\xf3%\xfe\xfagW\xb9=\xe7\xaaH\
eG\x9f\x8c\x8c\xb3\xc3\xf9\x15\xe9\xd6\xb8\xc4Q\xd3s\
\xf5\xd1\xc5a\xb3EG\x1c\xb9,\xe31^tO[\
\xc6\xa3\xd9\x02\x99D\xd8%\xc8\xa49\x92\x10I\x85\x1a\
\x17e\xb7\xb4\x93\xb7\xb9\xb0\x9b\x15\xc94\xb2\xe0\xec.\
\x89\xfdEx\xb5\xa1\xbf]x\x13\xa0&Fe\x1eU\
\x09T\x19d\x09\xa1\xcaXYD\x08\x0f\x9bD\xde\x85\
\xf0@\xf8I\x14^\x8dnCo\xbf\x8b\xc2g\x91\xf7\
\xe7\xc3Z\x8b\xb1\xd0\xeaE|\xbd\xd8\xe0\x93{\x1b|\
\xfa\xc3&EO\xf2\xb3\xb7\xe6\xf8\xd5{\xf3\xfc\xd9[\
\xb3\xccU\xf3\x14s\xe7\xf7'\x99\xb17\x83H\xd3\xec\
El\xb4C\xd6\x9a\x03\xc2\xd8`\xace\xb2\x140]\
\x0e\x98\xab\xe5)\x1d\xf1{7\xd6\xb2\xd1\x1cpo\xb9\
\xc9?\x7f\xb7\xc1\xe2J\x1b$D\xc0\xd5+U\xda\xfd\
\xf8\xc8\xf3\xb3\xd6\xd9(\x22m\x86c\x85\xe9\x85\x84\xaf\
\xdc\x85Dv,8\x1bt\x07\x9a\x1fW;|\xf6\xe3\
&\x9f|\xb9\x8a\xf6$\x13\xb5\x02\xef^\xaf\xf1\xe1\xcd\
\x09\xe2\xea\xee\x0b\xb4^\xa8Yk\x0c\xf8\xeaA\x9dO\
\xbe^\x03m\x98\x98)\xb2\xd0\x8f\xf8\xc5\xeb3\xee;\
OOU\x19\x19\x19g\x82s\xab\x08,\x06kc\xb0\
\x11\xa0\x0f\x970\xfa\x92\x18\xc5\x22\xf6[\x9f\xa4\xfa\xcb\
\xf0T\x98\xd6\x5cO\xbe\x0e\x95NC\x22\xd2\x8d\xbbY\
\x03\xb6\x8f\x8d#\x88[\xd8\xc1\x0aB&V\x17\xe9#\
\x84\x8f\x90>\xc8\x1cB\x15A\x96\xc7\xbc\xec\x15\x84J\
oeH\x1e\xa3\xaa\xc9\xe32$^wd\x1e1\x8c\
\xc0gC\xe6'Al\x0c\xcb[}\xfe\xf7\x7fZ\xe2\
\xef\xbfYe\xa0\x0d\x7f\xf1\xce%\xfe\xfa\x8f\xaf\xf1\xce\
\xb5\x1a\xf3\xb5Bfq\xb9\xa04{\x11_<\xda\xe2\
\x9f\xef\xd7\xf9\xc3\x0f\x9b\xb4\xfb1\xc6\xc0;\xd7'\xf8\
\xe8\xb5I\xfe\xec\xcd\x99#\x8bt`(\x9a\x85\x14\x90\
\xde\x84H\xef\x8e\x841\x9606lu#\xb6\xba\x11\
\xdaZ\x84\x80\xbc'\xa9\xe4=7\xc2\xa3\xb2\xfd\xf3\xac\
`,D\xda\x12E\x06\x1b\xc6h\xad\x08C\x8d\x8e\x0d\
\xc6\xee\x9d%\x05$#\xb6\xc9\xbe\x82D\x08\xe1\xa2\xe7\
Y\x04=#\xe3LrNEz*r\x932\x87\xe9\
\xe5\xffs\x97g\xd9\x7f\xf2QD|\x8f\xd7\xf6\x5c\xec\
~B}\x5ct\xef0\xa7n\x9bWbV\xdd\x11\x85\
w\x18\xac5@\x08:\x99FXl\xba\x0d\x84r\xb5\
\xdb\x85\xb3\xc8XUD\x88<V\x16\x92&J\x05'\
\xe2Ui(\xce\x85LD\xfaP\xac\x97\x93\x04\xd5\x5c\
\x92\xa0\xea;\x8b\x8e\xf0A\x04\x88\xe4\xde=\x97F\xdf\
\xd5h\x94\x00\xb9\xff\xc6y\xc5\x88\xb5\xe5\xab\xc5&\xbf\
\xfdn\x9d\xcf\xee\xd7\x09c\xcb\x9f\xbd5\xc7\xaf\xde\xbd\
\xc4\xc7\xb7\xa7\x99.\x07Y%\x97\x0b\x88\xb5\x96X[\
V\x9b\x03>\xb9\xb7\xc9\xef\xbe[\xe7\xebG[D\xb1\
\xc5\xf7$\x95\xa2\xcf\xb5\x99\x22al\x8e1w'\xac\
\xa4\x14\xa0$x\x12\xa4@(q\xac\xc6W\xfd\xc8P\
\xef\x84|v\xbf\xce\x17\x0f\xeaD\xc6\xa2\x94d\xba\x1c\
pw\xa1\xc2OoOQ)HT\xf6s>;$\
\xe2\xda\x1d\xf3\x19\xc5z8\xe0<&p\x02]%\xa5\
\x8a=\x89\x922\xd9g\xb2/7#\xe3\xacqNE\
z\xca\xb8h>\x0b\x07\x98\xc3\xf8\xe2\x13\x0fzz\x91\
\xf1\xcc\xd5N\x0f\x9e\xd2E\xd5\x13\xfb\xcb\xe8m\x89\xe8\
O/Vl:\xef\x18l\x97\xb4,\xa4M\xd6\xcd\x0c\
\x85\xbc@H\x85H\x12[]C\xa6$\xfa\xeeUA\
\xd5\x90I\x94\x1d\xaf2\x8a\xbc\xcb\x1aBU\xb1\xaa\x92\
\xf8\xe3k \xf2\x08\x99O.\x0cr\x89\x17>;\xe8\
\xa7\x0cb\xc3\xdf}\xb3\xc6\xdf\xfc\xd3\x12\xf7W:\xbc\
}\xb5\xca\x7f\xfc\x8b[|xs\x92\xcbS\x052\x0b\
\xfa\xc5\xc4X\xe8\xc7\x86\xe5z\x9f\xdf|\xbb\xceg\xf7\
7i6\xfb\x14|\x8f\x89r\x0ec,\xda\x9a\xe1\xb5\
\xfaQ\x91B \xa5Dx\x22\x11\xe98\x91.\x8f~\
m\xdc\x19\xc4,\xd5{\xfc?_<\xe5?\xfd\xddC\
\xc2X\x13\xf8\x8a\x1b\xf3\x15\xfe\xf2\xc3y\xde\xb8\x5c\xa1\
\x94\xf7P\xd9o\xfaL \x84\xab\xe6\xa2\x94\x00_!\
\x94D\xf8\xae\xa2\xcb\xbe\xb5\x13\xd2Q\x97\xf4\xa2\xceX\
\xa4\x12xJd\xc7\xa0\x8c\x8c3\xca9\x16\xe9v\xc7\
m\x07\x07\x1ct\x8e\xd4\xb0h\xdb\xf2\x0e\x9a\xcfNy\
\xbe{n\xe93v\xc7z\x1f\xe8\xf3\x1c\xbe4\xb2\xc6\
\x88m\xcf\x09\xb0\xe9Y\xd9\xee\xf3\xde\xbd\x96k\x13M\
/\x10\xa9\xff\x5c\xb7@nB\x9c\x07\x99\xc3\x88\xdcP\
t\x0b\x91\xc3Jg\x81\x11\xaa\xe0JA\xcab\x22\xec\
\xd3D\xd5\xf4\xb9\x91m\xc6\xbd\xdf\x89w1\x14\xf0\xc1\
\xe8^\xe4v\xfb\xe2\xf7\xdcz\xe7\x8b\xb4\x92\xc77K\
M>{X\xe7\xf3\x87[X\x0b\x7f\xf9\xfe<?\xb9\
=\xc5\xdbWkLWrY\x92\xe8\x05&\xf5x\xf7\
#M76\x5c\x9a*\xf2\xcb7f\xb81]\xe2\xda\
t\x91\xf9\xa9\x02Wg\x8aL\x96N2\xa1\xfbx\xfb\
\x931\x96Adh\xb6B6\xd6;\xe8\xc8\x10\x04\x8a\
B\xce\xa3\xde\x89\x88\xcd1\xaf$2^\x08\xc3\x10H\
z2\x18\x96\x0a:\xe6\xd0q6\xe2\x99\x91q&9\
\xc7\x22\x1d\x86\xf5\xcc\x86\xe7\x0f\xb1\xef9\xeaP:x\
\xcf\xe7\x9e%\xce\xd3\xe9\xc5\xb6\xfb=\xe77\xcc\xccI\
\xa2\xdfc6\x97\xdd\x0b>\xccI1=@\x8f-\xf5\
P\x9f\xdf-_\x0c\xa3\xf0\xb1{\xce\x0e\x9c\x13g|\
J;z\x87\x00\x90`\x85\xc2%\x9e\xfa\xce\x0b/\xf3\
XQH\xac2i\xd4=\x89\xc2\xabr\xd2E\xb5\x02\
\xb2:\x8c\xca;\xbf|\x05d\xc5\x09zUdT\x81\
\xc6E\xfeG'\x9d\xed\xb7\xd1g={'\x96\xb4<\
h\xac\x0d\x83\xd8\xf0\xd9\xc3:\xff\xe5\x9f\x16Yo\x86\
L\x97s\xfc\x87\x9f\x5c\xe1\xa7\xb7\xa7\x98*g\x1e\xdf\
\x8b\x8e\xc5\xf9\xbc\xfb\x91!2\x96+3%\xfe\xddO\
\xae\xf0\xf1\x8d\x09\xde\xba\x5cI\xfc\xc0\x1c\xcb\x9e\xb2\xc7\
\xc2\x0ew\xc8\xd8\x07c]\xc5\x98(\xd4\x84\xdd\x08B\
\x8d\x89\x14\xbd^L?\xd4d\x1a\xfd\x82\x92}\xaf\x19\
\x19g\x9as,\xd2\xc7\x22\xc2i\xe5\x93S\xe2\xf0)\
7I\xb4\xdb\x8e\x95^<5\x92\xaa2iI\xc8\xa4\
\x0c\xe4N\x865\xe1\xedx\x14>\x15\xf6\x06t\x08f\
\x00\xb4!\xde\x02\x99Xg\x84?\xbaI\x1f+|\xac\
\xcc\x0d\xa3\xf0\xc8\xf4\xbe\x94$\xaf:\x8b\x8dU\x15\x84\
p\x11z!KIT>\xbd\x15\x87\xf3;\xcb\xbb\xae\
\xb1\xf0\xc3j\x87\xdf\xdd\xdb\xe0\xf3\x87u\xfa\xa1\xe1\xcf\
\xde\x9c\xe1\xa3\x1b\x93\xbcu\xa5J\xa5\xe0\x9d\x8c0\xcb\
8\xd38?z\x9f'\x9b]Z\xad\x0166\xdc_\
i\x93\x93\x82n?\xa2\x9c\xf7\xa9\x15}f*\xb9S\
\xaf\xea#\x93\x0a.\xf9\x82O\xa1V\x80H\x93\x0b$\
\x13\x95\x80J\xc1Ce\xfbkFFF\xc6K\xe7\xec\
*\x9dC1\xf2h\x03G\x1e\xe9=x\xf2\xa3D\xd0\
\xf7\xf7\xa2\x8b]\x8f,b\xbc>\xfa!W\xfa\xa8#\
\x01\x07\xbdod\xaf9L\xa2\xadM4|\xb2\xce\xc3\
\x0b\x8c\xa4\xda\x0c\xb8\x0a;v\x8f\xf7\xdb1\xe1/\xdc\
\xcaX\x19\x8c\x12QE.\x89\xa2W\x86\x22\x1dU\xc3\
\xca*BU\xb0^\x15\xd4\x04$\xa5%Q5\x84,\
be\xc1\x89\xf6\xe1|\xbc\xb1\x9bKb}\xd9\xa5\xe2\
lR\xc2\xae\x1f\x1b\x1a\x9d\x88\xef\x96[|ro\x83\
n\xa8\xb92Y\xe0\x17wg\xf8\xf9\x9diJy\x8f\
\xc0\xcb\x92D_\x05bmx\xba\xd5gq\xa3K\xab\
\x15\xd2\xebF|\xf3\xa8A\xa39\xe0\xd1\xd3\x1c\xf3S\
En\xcc\x95)\xe6\xbcS\x17\xe9\xber\xdd*\xaf\xcc\
\x95x\xe7\xce\x1466\xe4<\xc9\xfcl\x89\xab\xd3E\
r\x9e<B0\x22####\xe3$8\xdf\x22}\
g\xd1\x93\x97\xba\xe8\x03\x84\xee\x81\x1c\xe0\xa3?\xd3\xa4\
\xf5\xdc\xd3\xaa-;_\xb7{<\x1e\x7fn\x5c\xd0k\
\xa0\x0ft\x9c\xa8\x8e\xd7\x9d\xd8\xc6\x1b\xde[\x99\x94\x93\
\x1c\xd6zwI\xadVU\x10j\x02\xbc9\xf0f\xc1\
\x9b\x01\xe5\x9a991\x9f\xd8g^\xf2\xaem\x81H\
\x1bV\xb6z|ro\x93\x1fV\xdbH!\xf8\xe3;\
\xd3|ts\x82k\xd3EJy\x0fOf\x16\x97W\
\x85H[\x167{<Xi\xd3i\x0dh\x0f4\xad\
~L\x01()\xc9;w\xa7\xf9\xd9\xdb\xb3\x5c\x9f)\
2s\xca\x8d\x87J9\x8f\xcb\x93y\xfe\xf2\x83y^\
\xbbT\xc2\x18W#\xbdR\xf4\xb8:]\xa4Z\xf4\xb3\
\xe4\xc2\x8c\x8c\x8c\x8c\x97\xcc\xf9\x15\xe9\x89/\xda\x89:\
\x89\xc5 \xec\xeeRfG\xcf\xa39\x892\x8b\xfb\xce\
<\xb1\x8d\x8c\xd7HO^\x18\x99\xd6O\x84#\x07\x92\
\xf7\x9d~Gb\xd2\xbe\xcb\xb0c\xcf\x8d\xe7\x09\x8c%\
\xbc\x8e\xdbe\xc0\x89u\x1b\xed\xbbX+H\xa2\xee\xc9\
M\x06 KXY\x01o\x1a\xd4\x94\xbby\xd3\xe0M\
a\xbd\x99\xa4\xfbj\x0d+\xcb\x89\xa5&Mj-\x80\
pu\xdf\x858Y\xa1\x1ck\xc3 2\xac\xb5\x06<\
\x5c\xef\xf2\xb4\xd1\xc7W\x92\xf7\xaeM\xf0\xc1\xcd\x09\xde\
\xbf^\xc3W2\xf3\xa0\xbfbH\x01\xe5\x9cba\xb2\
\xc0\xbb7&h\xf6c\xa4/\xb1\x91\xc13\x96R\xde\
#\xef\xab3a}\x0a<A\xad\xe8\xf3\xc6\xe5\x0aW\
\xa6\x0a\xc9\x18\x9f\xc0\xf7\x04\xc5@\x91\xf7e\xd6\xc8(\
###\xe3%sNE\xba@\x08\x0f!s\x08Y\
p\x09\x8cV\x838N\xbd\xe1c,;\xb9?\x1ev\
\xcc\xdf}Q\x19O\xe0=\xaaO\xc7\x8e.X\xac\x01\
\x1b\xba\x1b\x02\xb4\xc0E\xf4\x9d\xa5\xc5\xe2.\xd4lR\
Q\xc6\xaa\x89\xa4\xfb\xea\x0c\xf8\xf3\xe0-@p\x19\x11\
$\xf7\xfe,B\x14\x18\xd6p?!\xa2\xd8\xd2\xe8F\
|\xf3\xa4\xc9\xd2f\x97\xbc/yc\xa1\xcc\x877'\
\xa9\x16|r~V\xb8\xeeU$\xef+\xde\xbeZ\xa3\
\x94\xf3x\xef\xe6$Ql\x08<\x81\xd6\xee\x22\xf6\xd2\
d\x9e\xab\xd3E&K\xfei\xaf*R\x08\x02O0\
Q\xf4\xa9\x16F\xeb#p\x83g\x99'=###\
\xe3\xe5s>Ez\x12\xd5u\x1d6]\xc3\x9dat\
z<\xf0\xbb\xf3-\x87\x99m\xfa\xf8\xc02\x8d\xfbG\
\xd0\x9f\xbd\x9c=\x04\xfa\x9e\xbe\xf1\xfd\xe7pT\x0f\xfa\
\xb3\xe6w(k\xfa3\xe6\xb5_\x94\xed\xb8\xe7v\xf7\
\x15\xa7\xc9\xadc\xf6\x19\xab\xb1\xe8\xa4\xaa\x8fu\xd5T\
D\x03\x1b\xfb VA\x14\xb1\xaa\x8cU5\xe7c\xf7\
g\x9ch\x0f.#\xfcK\xe0M#\xbc\xa9\xe4~\x02\
\xe1\xd5\x92J5G\xff)\xc4\xda\x10%\xc9\x81\xab\x8d\
>\xb16L\x97\x03\xa6\xcb9\xaeL\x15\x98\xa9\xe4\xb2\
\xe8\xf9+\x8c\xa7\x04\x0b\x13yJ9\xc5\xf5\xd9\x12\xc6\
Z\x94\x10\xc3\xfc\x85R\xde\xa3\x92\xf7\xceD#\xab\xb4\
\xe3\xa4\xcc\xba\x15e\xbc@L\xd2\xe0\xab;\x88it\
#\x22m\xb1X\x02O\x12x\x92B\xa0\xc8\xfb\x8a@\
\xb9\x9a\xef\x19\x19\xaf:\xe7R\xa4\x0fm&\xc2C\xa8\
\x92k\xa43|\xed8\xf3;\xectr\xfb\xf2\x8f0\
\x0f!\xd2\xf2|cv\x8f}\xa6;\x0e\xc7z\xdfQ\
\xad@\xc7\xb9\x008\x22{%\xb5\xa6\xcf\xd94\x11\xd5\
Z\x10I\xd7U\x9bT\x9a11\x98\x1e\xd6l\xbai\
\xd37\xab\xc0%\x9az\xb3\xe0_\x82\xe0\x1a\x22\x7f\x07\
\x0ao#\x0bwP\xf2vR5\xe6\xe8?\x85H[\
\xba\xa1\xe6I\xbd\xc7\x93z\x8fJ\xc1\xe3\xfat\x91\xdb\
\x97\xca\x94\xf3\xa7\x1f\x1d\xcd8]<%\x99\xae\xe4\x98\
>e\xbfyF\xc6Y\xc1\x1aK\x18i\xd6[\x03~\
X\xe9\xd0\x0d5\xdaZ*y\x8fZ\xd1g\xb6\x9ac\
\xb2\x14\xa0\xf2\x02\x99\x8d?fd\x9cO\x91\x9e\x22\x84\
\x87\xf0\xca\x08UD\x88\xf4'\xbdW\x99\x91gq\x84\
\x9a\xe4\xc7f\x5c\xa0\xef\x5c\xdeE\xb6\xbe\x9c\x04\xa3\xed\
3\xaa\xdb\xee\xac/v\xccZc\x05X\x95N\xee\xb6\
\xb7\xb5\x1at\x0f\xcc\x1a\xc4]\xec`\x0dz?B\xeb\
\x9f0\xb9\xcb\x98\xdcUD\x90\xde\xae \x82K\x08o\
2\xa9\xd7\xbe7\xdaX\xb4\xb1t\xfa1\xf5NH)\
\xe7qk\xaeD\xb5\xe0J\xeae\xd5[\x0eO\x1aU\
n\xf5#\x96\xea}\x1a\xdd\x88n\x18\x93\xf7\x15\xa5\x9c\
ba\xa2\xc0d)H\xba\x22\x9e\xcf\x93\xf6 \xd24\
z1K\x9b]~\x5c\xed\xd0\x8f4\xd6\xc2\xfcD\x9e\
\x85\x89<\xd7\xa7\x8bT\x0a\xa7{Qg\x8c\xc5X\xcb\
J\xa3\xcf\xf2V\xdf\x89'c(\x06\x1eS\xe5\x80\x85\
\x89<y_]\xf8\x91\xa106tC\xcd\xd2f\x97\
F'\xc2$\x81\x81\xc3\xf4\x92N\xd9\x96Bo-\xbe\
'\xc9\xfb\x8a\xb9j\x8e\xa9J\x80'%\xea\x15\x8d\x12\
\xc7\xc6\xd2\xe8E|\xb5\xd8\xe0o\xfe\xf0\x84\xf5z\x9f\
8\xd4\x04y\x8fb\xc1g\xb6\x1a0[\xcd1W\xcb\
sy\xb2\xc0\xb5\xa9\x22\xf3\x13y\xe6j\xf9g\xcf\xfc\
\x1c\xe2Fc\x0d\x9b\xed\x90v?\x1e\xf6#\x10\xb8R\
\xbe\xc6Z\x0a\x81\xa2\x94s\x171{\x8d\xbaY\xeb~\
\xbb\xdd\x81f\xa3\x1d\xd2\x8f4\xda\xb8\xe0\x99\x04\xb4\xb5\
\x08!\xc8\xfb\x92J\xde\x1b\x1eOO\xa5\xe2\xc6\x19\xa1\
3\x88i\xf7cZ\xfd\x98~\xa4\x91\xc9H\xe2\xb8z\
\xac%\xd6\xbf\x9c/\xf1O\xf1\xb8w\xaeE:B!\
U\x19\xa9\x8a\xc3(\xb7\xb5\x06\x81<Ttw\xafI\
\xf6~\x9f\x18\xfe;\xec|\xf6\x9e\xdf\x8e\xda\xee\xc3\xe7\
\xf6o\xe5|\xf4e\xec\xff\xdcA3;)\x0b\xcd\x8b\
\x18\x09\xd8\xd96\xddZw\x80\xd9YC\xc6\xca\xb1\xbf\
\xd2\x04]c\xb06\x02\x13A\xdcLz_%\x11y\
U\xc3\xf83\x88\xfc]D\xe1ud\xe1\x1dd\xf1u\
d\xfe\x96+\x09)s\xa3\xd2\x8e\x88m\x11\xfd(i\
V\xd4\x0b5\xe5\xbcG\xa5\xe0Q)\xf8\xe4\xfdL\xa0\
\x1f\x15m,\xf5N\xc4\xe7\x0f\xb7x\xb4\xde\xa1\xde\x0a\
\xa9\x16=fky~\xf2\xda\x14\xe5\xbc\x87\x14\xf2\xdc\
Z1\xc2\xd8\xb0\xde\x1c\xf0\xc5\xa3\x06\x7f\xfb\xd5*\xcd\
n\x881\x96w\xafO\xf0\xe1\xcdI&K\xc1\xe9\x8b\
tk\x89\xb5\xe1\xe1z\x97O\xef\xd7\xd9l\x0d\x18\xc4\
\x9a\xa9J\x8e\xbb\xf3\x15\xcay\x0fOI.\xfa\xf5g\
\xa8\x0d\xf5N\xc8\xe7\x0f\x1b<Xm\xbb\xfc\x01\xc1\xf0\
$~\x18F\xc7%\x8b\xb1P\xf0\x15\xe5\xbc\xc7\xdd\x85\
2\xb7.\x95\x99*\x05\x94s\x1e\xea\x1c_x\x1e\x17\
m-\xed0\xe6\xc7\xb5\x0e\xff\xef\x97+,>m\x13\
wc\xc8)\xbc\x82\xc7T1`\xae\x1apy\xaa\xc8\
\xdd\x85\x0a\xef^\xab\xf1\xee\xb5\x1aB@!\xf0\xc8\xf9\
\xee\x02\xe7\xa2l\xb7X\x1b:\xfd\x98\x1f\x9e\xb6y\xb4\
\xd1E\x1b\x17\xb4\x90\x02\xb4q\x175\xb3\xd5\x1c\xf3\x13\
y\xee\xcc\x97\xf7\x16\xe9\xb8\x9e\x0c\xf5N\xc87KM\
6Z!\x83\xd8\x09O%\xdckR\x0a&\xca>\xd7\
\x93*cJ\xaa\xb3\xd8\x0b\xf0\xa5\xd1\xecE,nt\
y\xbc\xd1e\xb3\x15\xe2)\xa7\x19M\x22\x0d\x84\x10\xdc\
\xbeT\xe2\xe6l\x89\xa9r\x90\x89\xf4c#\xbc\xa4\xe4\
^\x11+R+\xca\xd1\xea\x8f?c\x01\xc9\xff'\xb9\
7\x1flw\xc9\xd8\x1bk\xb7\xdf\xbb?v\xdco#\
I2\x1d\xfa\xda\x93\xe7D\xba\x7fh0=\xcc`\x05\
\x11u\xa1\xfb\x00\xe3\x7f\x8a\xc8_C\x16\xdfB\xe6\xef\
 \x0b\xaf!\x82\x05D0\xcb\xb0D\xe4\xd8\xdc\xcby\
E\xe0\x15\xc8y\x92\xe0\x94\xaf\xb6\xcf+\x16'\xd2W\
\x1a}\xfe\xf6\xeb5\xbe\xfaa\x83\xad\xd5\x0e\xd5\xc9\x02\
\x0b\x97+L\x96r\x5c\x9b.:\x81x\xda+{L\
Bm\xd8\xec\x0c\xf8a\xa9\xc9\xef\xbe\x5c\xa1\xdd\xe8\xa3\
\xb4A\xf7cJy\x8f\xf7\xaf\xd7N{\x151\xd62\
\x88\x0d\xdf,5\xf9?\xfe\xf0\x84\xfaj\x9b\xb0\x1f3\
1[\xe2O\xde\x99s\x16\xae\x9cw\xe1/B{\xa1\
\xe6\xe9V\x9f\xbf\xfdj\x85O\xbe[\xc7F\xae3\xb4\
\x90\xf2\xc8\xa7\x14\x9bt\xc3VR\xe0)\xc9\x8dK%\
^\xbf\x5c\xe5\xcf\xdf\x9e\xe5\xddk5f*9r\x17\
|{\xee\x85@\xa0\x84\xc0S\x02\xe5IbO\x82\x10\
\xe8\xd8\xd0l\x0d\x18tB6\xd6\xba<Xl\xf0\xfb\
o\xd7y\xfbz\x8d\x0fnL\xf0\xf1\x9d)\xde\xb8\x5c\
e\x22I\xc6\xbf\x08\xf4\x22\xc3J\xa3\xcf\x7f\xfb\x97\xa7\
\xfc\xfd7\xeb\x84\x91\x8b\xa6\x0b)\xb0\xb1\xc5D\x86\xd7\
\xafUy\xff\xb5)\xaa\x05o\xcfR\xadi\x7f\x8e\x87\
\xeb]\xfe\xe6\xf7\x8b|\xbf\xd8\xa4\xd3\x8d\x10J\x22<\
\x81\x19hr\x9e\xe4\xca|\x99_\xbe=\xcb\xf5\xe9\x22\
\x85\x0b\xb2\xfd\x8e\xcb\xd2f\x8f\x7f\xfcn\x83O\xbe^\
\xe5\xde\x93\x162P \xc5\xa8\xb5\x8b\x10\xfc\xfb\x8f\x17\
\xf8\xf5\xbbs\xe4|y\xaa},\xce\xeby\x0f\x00!\
|\xa4WCx\x15'\xa2\xac\xde\xde@g\xbf\xf7\x0d\
\x1fmWw;\xaf,\xc5\xb6\xff\x8f\xe6C\xdf}\x95\
\x9a\x88\xc3=*\xbb\x9ct\x92\xe8\xb1fvR\xcb8\
\x06\xcfZ\xc6N\x81>.\xd4w?7fz\xb2c\
3\x16c\x7f\xa6\xa5:\x8d\x06\xd3\xc5\xc6]\xb0+\x18\
y\x1f\xd1\xbf\x87\xe9>B\x16\xee!\x8bw\x91\x95\x8f\
Q\xe2C\x97`\xaa\xbcd}\x05J\x0a\x94T\x14s\
\xee\x84\x93%9\x1d\x93dH\xb7\xd5\x8f\xf9a\xb5\xcd\
\xd7\x0f\x1bl=iR\x9d)\xd1\x046Z\xa1K.\
\xdb9\x9cr\x8e\xd0\xc6\xd2\x0b\x0d\x1b\xed\x90\x87k\x1d\
\xba\xf5\x1e~l\x98\x9d\xaf\xb0\xd9\x09\x09\xf5\xe9_\xb4\
\x1b\x9b\x5c,5\x07|\xb3\xd8ds\xa9I\xd8\x8d\x98\
\xe8\xc7\x5c\xbdT\xa6;p\xde\xe1\x8bN\x14\x1b\x1a\xdd\
\x88{KM>\xff~\x13\x22\xed^\xf0\x8eq\x01\xee\
Br\xc3\xfb\xfb+m\xee/\xb7I\xc6\xf2\xf8\xe8\xe6\
$\xd3ew,yu\xca[&c\xd2\xc91TJ\
\x01\xca\xf92\x9c\xd8\xd4\xf4\xb5\xa5\xa1\x0d\xcb[}X\
i\xb3\xb2\xd5ci\xadC\xa3\x1b\xd1\xea\xc5\xbc\xb1P\
\xe5R\xcdu\xe9=\xef\xb6\xa1H\x1bZ\xfd\x98o\x9f\
\xb4\xf8\xedw\xeb\x0c\x061\xc6X\x84\xe7J\xb5\xd2\xd7\
\xf4bM\xa9\x14\xd0\xee\xc7{\xce\xc3b\x89\x8da\xb3\
=\xe0\xcb\x87\x0d>\xffa\x93vs\x80\xf5%\xc2\x97\
\xd8^L\xd1\x93\xac\xf6\x22\xae\xcc\x96\xce\xc4\xf1\xe6\xb4\
it\x22\x1e\xacv\xf8\xe2\x87:\xff\xf2\xe3&\x14<\
P\x92\xa1\xdfH\x0a^\xbf\x5c\xe6\xc3[\x13\x0c\xe2\xd3\
\xdd^\xe7Z\xa4#\x02WV\xcf\x9bB\xa8<\xe8>\
\xa0y\xfe\x12{\xcf[fq?\xec\x8e[\xc6\xb38\
H\x17\x1c\xa8\x19\xf6\x8a\xbc\x0f\x91\xee\x96\x04\xdb\x87\xd6\
\x18\x1bc\x07\xeb\x98n\x03\xdd\xfc\x12\x82\x00o\xf6\x7f\
\x01UC\x15n#T\xc9\xbd[\x80\xef\xa5#7\x19\
'\x81\x10.\xe2(=\x01\x9eDz\x22\xb1\x03\x9c\xff\
m,\x11x\xd2E\x0d\xc9{P\xf0A\x1b\xfc\x9c\x22\
\xe7\xc935t/\x85Kx\x95R\x22\xd4HH\x9d\
\xa1U|\xa1X\xc0\x1a\x03\xa1\x86~\x04\x03\xedvN\
\xef(\x1b@$;\xb4\x80$B\x87\x14\xd4\xeb}\xfa\
\x8d\x01\x9dA\xccZ+d\xaa\x14P\x0c\x14\xa5\xbcw\
\xee\xf7\xf1\xa3\x22\x93\xdf\xbbH\xb6\x0dJ\xba\xed\xa5\xe4\
(\xa7H[0\x86'\xab\x1d6\xd6:\xdc{\xd2\xe2\
\x93{\x9b\xfc\xf5\xcf\xaf\xf1\xf3\xbb\xd3\xdc\xb9TF\x9d\
\x81\xcaH\xcf\x8bet\x91l\x93\xf2\xac\xd6$\x9f_\
[\xac\xb1\xc3\xdc\x9dg\xcdG[\x8bI\xde\x87\xb4X\
\x95\xccC\xda$\xef$\xcd\xe7z\xb51\xb8\xe0\xd0p\
;\x1b\xdc(\xbb\x1e\x05y\xad\xb5gB\xa5\x9dk\x91\
.d\x0e\xe9\xcf \x83KHo\x1ak\xd7\xc1\xf4\x00\
\x85k\x0f\xbfcz\xe00\xe2\xf8Y\x11\xf4c\xac)\
#\x1f\xfa\xf3\x0b\xf4\x93\xae\xe4rxo\xfe\xfe\xaf\xbd\
\x88\x93x:\xe8`w<\xb7-\x92>\xfco\xfb\xb4\
{E\xdb\xb7O?\xde\xb6\xca`MR-\x06\x0fT\
\x1e\x91[@\x16\xaf;q\xeeM$e>\x1d\xe2\x08\
\xfe\xd4\x8c\xc3!HDz\x22\x0e\x85\x92\xc9I\xfc\xb4\
\xd7\xec\x04H4\x9b\x90\xees\xa1\x04\xc2:!,\xc5\
\xd9\x10\xc0\xe9*\xc8$\xc2)\x12\xc1$\x93Rxi\
@\xf8\xa2\xe3+A\xb5\xe0s\xebr\x85\xb5\xc6\x94\x8b\
f\x82\x13\x90\x87\x1a\xa1u\xff\x87\xda\xd2\x8d\x0c\x1b\x83\
\x8806hm\xd1\x12\xba\xd6\xb2\xb4\xd6\xe1\xdb\x87[\
|\xf5\xa8A\xa5\xe0sg\xbe|n\xf3-\x8eLR\
67\xd6\x96Ad\x88\xa3\xe4\x82\xc8B\xd2\xbdn\xec\
\x06\x18I\x14\xbbR\xb7\xf1V\x1f\xfd\xa0N\xce\x934\
:\x03\x06\xef\x5c\xe2\xfaL\x91\xd9\xea\xf9N*\x15\xc9\
H\xacR\x92XI7j\xa8\xa4Sg\xcal\xfb\x0d\
>k>J&\xb9;\xc3\x9b\x04/=\x9eJ\x94x\
Q\x01\xc8\xf3\x85\x10\xb8m\xaa\x5cPh\xb8\xad\xd2\x5c\
A\x09$#\x5c\xa7\xbd\xa5\xce\xb5HG\x06H\x7f\x16\
\xe5\xcf#\xbd9\x8cncu\x0b\xc4\xa82\xc7\xd1\xec\
\x22\xa3\xe4\xd0\xe7\xb7\xb7\xec~\x93HJ\x07\x1e$\xd2\
\xf7\x9d\xcd\x11E\xf3A3<\x09Q~\x94\xd7\x0f3\
}\xfa\xdc6\xfb\xca\x0e\xd1\xbd+\x81t\xaf?v\x8a\
\xfa\xf1\xe9vXbR\xc5n\x8dv7\x00\x95C\xe6\
/\xa1\xaa?\xc3\x9b\xfcKT\xf1md\xfe:\xc8\xf3\
}\x228\xcb\x08\x9c8\xf4\xa4\x8b\x9e;q(\x86\x09\
b\x17E \x8e\xf4\x87\xcb\x8dH\xff>+\x08\x18z\
\x85\xa5\x92\xc3\x0b%wb?C+\xfa\x02\xc9\xf9\x92\
\xa9J\xc0\xbb\xafM\xa2\x02\x85N\xac\x01\xe2\x10\x96\x94\
\xd4\xddb\x81V/\xe6ic@\xb8\xd4\xa4\xd1\x0e\xd1\
q\x04\xbe\xc2\x08h\xb5B\x16\x9f\xb4\xf8\xec~\x9d\xb9\
\xc9\x02\xb7\xe6J\xbcJ\x16a\x93$\xde\xf7\x06\x9a\xb0\
\x1f\xbb\xd1\x0ac\xc1\xa8\xed\xe2RJ'\x96|\x05\x16\
\xfa\xfd\x98G+m\x966\xba,\xd7\xbb\x14\xf3.\xf9\
\xf6<\x8bt\x91\x94\xbc\xf0\x94\xc4\xf3%\x91\x96\xae\xa2\
\x90\x97\x8c(\x04\x0a\xe9I\x94:\xb8\xe3\xaf;\x86\xba\
\xde\x0c\xcaW\xe0K\xb7\xdd|\x09\xb1Bx\x12\xcf\x93\
x\xeaU\xf9%\x1f\x8c\x14\xee\x5c#<9\xdaVR\
\x8c2G\xa5;\x06J\xc1\xa9\x9f|\xce\xb7HG\xba\
\x08\xa77\x81\xc8]\x81h\x0dkW\xb6\xc5HG\x1c\
6\x82\xfe\xa28\x0b\x03'g\x97]\x91o\xbb\xff\x16\
\xdb)\xba\xed\x1e\x02}\xaf\x88\xbaCl\xaf\xfc\xe2\xb2\
t\x10~\x11\x99\xbf\xed\x92F+\x7f\x84*\xbe\x89\xcc\
\xdfF\xf8\xd3I\x95\x97\x8b\x10\xd2\xcd\xc8\xc88\x88\xbc\
\xaf\xb8T\xcb\xf3\x17o\xcf\xf1\xde\xf5\x09w|\x80C\
{\xc6S\x91\x1e\xc5\x96\x8dN\xc8\xf7O[|\xfa\xc3\
&\x9f|\xbfA\xab\x17\xd3\xeb\xc7\x80\xa5\x17i\x96\xb6\
z\xac\xb7\x06\x18\xf3\xea\x9c\x1b\xa4\x10\xc3m\xfc\xce\xf5\
\x1a\x95\xc0\xa3\xdd\x0e\xe9iCO\x1b\xc2P\xa3c\x03\
\x91qb\xddS\xa3\xa8\xba\xef,\x8aF\x1b\x1e\xadt\
\xf8/\xbf[$\x8c\x0c\xb3\x95\x1c\xb5\xa2\x9f\xf5\xa6\xc8\
\xb8\x90\x9ck\x91.\x84\xab\xde!\xbc\x1a2w\x15\xd3\
\xff\xd1%\x05\xdaq\xd7\xd5\xe1\x0e\x80\xee\xfa\xf2$\xca\
,\x1e\xf4\x86\xa3G\xd0\x8f\xcd!#\xe8\xcf\xb5\x88\x13\
\x88\xa0\xefdT\x07}\xf7\xdf;\xb7\xde\xb8\xd5e\xe7\
\xfbvO\x98No\x196@\xb2\x0a\xac\x0f~\x15\x91\
\x9bGU\x7f\x8e\xaa\xfe\x12U\xfb%\x22\x98G\xc8\xfc\
+\x94\xd0\x95\x91\x91\x91\xf3\x14\xb9\xb2b\xaa\xfc\xfc\x0d\
\xa8\xda\xfd\x88G\x1b]\xaay\x8f\x95f\x9fG+\x1d\
z\xdd\x08p\x15\x7f\xd6\x9b![\x9d\x88WH\xa3#\
\xa5\xa0\x98S\x5c\x99*\xf0\xd3\xdb\xd3\x5c\xaa\xe5Yk\
\x864z\x11\x8dNH\xb35\xa0\xd3\x0d\x09\x07\x9a\xd0\
\xba\xf2\x81(\xd2\xa4\x15\x10\xae\xea\xc9\xd3\xcd\x1e\xeb\x9d\
\x88\xc9R\xc0\xbb7&\xb8{\xa9L)7J\xec\xcf\
\xc8\xb8(\x9ck\x91\x9e\x22T\x19\x99\xbf\x81\xecN\xa1\
\x85:\xf2\x8f4\x15\xe8/\x96,a\xf4Y\xec\x97\x18\
c\x0f\x88\xaao\x9bn\xdfW\x92\x9c\x80\xb4C\xa91\
X\x0c\xc2\x9fC\x06\xd7Q\x95\x8f\x90\xe5\x0f\x90\xc57\
\x11\xf9\x9bH\x7f\x16\x0ehf\x94\x91\x91\x91\xf1,r\
\xbe\xe2\xcad\x81w\xae\xd5\xf8\xd3\xad9\xfev\xf0\x94\
\x95\xb5\xee\xb0\xc8\x97\xb1\x96\xb3\x91\x9a\xf6\xf2\xf0\xa4\xf3\
\xfc\xbf}\xa5\xc6T9\xa0\xd1\x8dh\xf6b\x9a\xbd\x88\
z;d\xb9\xde\xe3\xd1Z\x87\xef\x97\x9b,\xaewY\
\xde\xecc\x0c\xce\xfa\xa2\x12\x7fXNabC\xdc\x8f\
\xf9\xf6q\x83\xff\xfc\xc9\x12\xff\xf3O.3?Q\xc0\
{\x85\x92\x9c3^\x0d.\x86H\xf7*\xa8\xc2ML\
0\x87P\x05\x10\x12\x9bTy\x19\xff\xbd\xee\xe9\x85\x1e\
\x13\xe8'\xe2C\x1f>gGO\x88\xd4P\xbd\xf7\x01\
\xf9\xa8\xcb8\xceA\xe8$\x97\xf1B#\xe8;l/\
{\xd5E\x1f\xb7\xbb\xec\xebS\x1f\x0b\xad\xdb\xf1m/\
\x02\xf0K\x085\x89,\xbe\x81*\xbf\x8f,\xff\x11\xaa\
\xf4^\xd2m\xb4r\xd8\x8f\xf5\xd2\xb1\xd6\xa2\x93,\x7f\
k\x8cK\x04\xcaj\xb3gd\x9cI|%\xa9\x15\x03\
\xaeM\x17y\xf7z\x8d/\x7f\xac\x0f\xe3\x05\xbb\x8ee\
\xaf\x08R\x0a\xf2R1?\xa1\x98\x9f\xc8\x13\xc6\x86A\
\xac\xe9\x0c4\xad^\xc4J\xa3\xcf\xc3\xf5\x0e7\x96J\
|\xfd\xa8\xc1W\x0f\xb6Xk\x0e\xa8w#g9T\
\x0c\xfd\xda&2,\xae\xf7\xf8\xbb\xafW\xb9s\xa9\xc4\
\xdd\xf9\x0a3\x95\x1c\xe5\xfc\x85\x905\x19\x19\xc0E\x11\
\xe9\xaa\x82\xca\xdfB\xe7\xae \xbd)\x97<jB'\
\xc8\xc4\xb0O\xfc\xee\xf7\xbd\xb4\x08\xfa\xf6D\xc5\x8c\xed\
\x1cJ\xa0o{\xc3\xee\xe9\xf7\x9e\xceUmq\xa1\x18\
\x9c\xb7<\x98E\x16\xdeDV~\x8a*\x7f\x84*\x7f\
\x04\xaa\x8cPe\x90g\xdb\xd3\xa8\xad%\x8c\x0dQ\xac\
\x89\xa2\x98b\xce\xa7\xa8\xb2\x88\x7fF\xc6Y\xa6\x94\xf3\
\x98\xaf\x15(\x15}'0\x07\x1aalR\x01\xf6\xd5\
\x0e\xfbzJ \xa5\x22\xe7)\xaa\x05\x8f\xb9j\x8e;\
\x97\xca\xfc\xf1\xedi\xbeZl\xf0\x9bo\xd7\xf9\xff\xbe\
Z\xe5w\xdfm\xb8\x16\x9c6\xa9\xc6\x91\x943m\xf4\
cz\x8f\x1a|\xf6\xc3&W\xa7\x8b\xfc\xec\xf6T&\
\xd23.\x14\x17bo\x162\x0f\xfe42w\x1dY\
\xb8\x83\xe9}\x87\x0d\xdb\x08\xe5\x91\xd6L\xdf\xdd\xa8\xe8\
EG\xd0w\x92$+>\x83c\x0f\xd5\xed\xf3\xbe\xa3\
Vr9p\x11\xc7\x89\xe0?\xa3\x92\xcb\x9e\x9dD\xc7\
\xd8\x165\xdf\xf6\xc4\xeeiF\x9es\xeb\xca)Z\x0b\
(\x90yD0\x87\xc8]A\x14\xdfF\x16\xdfA\x96\
\xdeC\x16^C\xe6o\x1c\xfdC\xbd\x04bm\x88\xb5\
\xa1;\x88\xe8\xf6#Z\xdd\x90z\xab\xc7z\xbd\x83\xc5\
R\xcc{\xdc\xbe2\xcdk\x97\xa7N{U322\
\x0e@)A!Px\x9e+/\x9a6Uac\xaf\
\xbd\x00\x00 \x00IDAT\x13g\xa0r\xc4i#\
\x85\xab\xe0\x84\x84\xc0\xfdG\xb5`\x99\xadZ\x02_R\
\xc8yX\x0b\x83H\xf3x\xb5\xcbF;t\xd1t\x09\
x\x92(\x8c\x89B\xcdw\xcb-\xfep\xbf\xce\xcd\xd9\
\x12\x97'\x0b\xafX\x83\xa8\xc3sX\xebh\xc6\xd9\xe1\
B\x88t\x84\x8fP\x1e2w\x13U|\x0f\x1b>\xc5\
\xda\xc7@\x80\xfb5o?\x1a\xbe\x9c\x08\xfapac\
d\x9e\xf4\xe7\xe2\x80Mg\xc7\x1f\x99(1}\xe2j\
\x9e\xfbS\xc8\xcaG\xa8\xca\xcf\x91\xd5_\x22\x0b\xb7\x11\
\xaaz\xa6#\xe7\x91\xd6t\xfb\x11\xcb\x9b\x1d\x9e\xac\xb7\
\xb8\xbf\xbc\xc5\x0f\x8f\xd7\xf9\xf6\x87\x15\xf29\xc5\xcd\xab\
\x93H!2\x91\x9e\x91q\xc6I\xcb\x11\xa4e\x1c\xdd\
\xb1*;\x0f\x1c\x84\x14\x82+\x93\x05.U\xf3I\x91\
\x17\xc1\x7f\xfdd\x89\x8d\xc6 )\x93'\xb6\x9d\xd6\x1f\
\xaew\xf9\xf4\xc1\x16\x7f\xfa\xe6\x0cal\xc8\xf9\x8aW\
\xa5\xf4\xfc\xa1\x18\x1f\x99\xce\xb6\xcb\xb9\xe2B\x88t\x91\
\x84$d\xee2\xaa\xf2\x11\xa6\xf7\xaf\xd8\xc1C\xdc\x9e\
\x19\x81\xf0\x19\xed\x99\x07G\xd0\x0f^\xce~/\xa4\x0f\
\x0e[I&\xb5\xc0\x1c~\xf9'Q\x0b\xfd\xb8\xf3?\
\xa9\x08z\xca\xce\xe8\xf9\xbev\x97g\xbc\x9f$\xed*\
\x8d\x9a\x8f\xac\xe7\x1e\xc2\x9f\x02\xff2\xb2x\x07Yx\
\x1dY|\x13Y\xb8\x8b\xc8\xdfp\xcd\x89\x84\xef\xaa\x03\
\x9d\x22\xd6Z\xb4\xb1t\x07\x11\xed^D\xa3;`\xab\
\xddg\xb3\xd9g\xbd\xd1e\xbd\xd1ey\xa3\xc5\xd3\x8d\
6\x9b\x9b-6V\x1b\xac=\xd9dv\xa6B\xbe\xe0\
\xd1\xe9G\xa7\xba\xfe\x19\x19\x19G`g\xfe\x8c\x85g\
{\xf6^=\xd2\x08\xb8\x12\x02%\xe1\xee|\x05m,\
Kk]V[!\x9b\xed\x90~\xa4]IF)\xc1\
\xb34\xba\x11K\xeb\x1d\x1e\xaevx\xb2\xd0\xe3\xcad\
\x81Bp!\xe4\xcd\x8b!\x13\xea\xe7\x86\x0b\xb5\x17\xcb\
\xe0\x12^\xe9}t\xfe\x1f0\xdd/\xb1\xba\x9e\x88\xf4\
\xf4c\x8a\xe1\xbf\xfd\xd8W\x87\x1f\xd5\xe2\xb2k\xfa\x83\
\xab\xbb\xbc\x8c\x91\xb9\xd3Z\x86\x10\xbb\x05\xb8{\xb0\xfb\
\xb9]\xf7{.\xc5\x0e\xa7\xb1I\xd5\x16k\xb5k\x86\
A\x0e\xa1\x8a\x88\xfck\xc8\xf2\xc7\xc8\xea/P\x95\x9f\
!\x829\xa4W;\xfe\x07{\x0e\xd2\xf6\xc26Ib\
5\xd6\xb5h\x8e\xb5!\x8c5\xab\x8d\x1eO\xeb]\x96\
\xd6\x9a<Xi\xf0\xe3r\x83\xc5\x95\x06K\xabMV\
\xeam6\x1b\x1dLo\x00\x9d\x1e4\xda\x98h\x96\x85\
\x1b\xd3\xf4\xc3\xf8T>OFF\xc6\xe1I[\xba\xef\
\xd6\xe3\xafZm\x97\xe3q}\xa6\xc4T9\xc7\x17\x8f\
\x1a\xdc[m\xd3\xfb1\xa2?0\xce\x97\xee:\xf8\xd0\
\xe9kV7\xfb<X\xed\xb0\xb8\xd1e\xa6\x9c\xa3\x90\
\xa5\xebd\xec\xc3yr\x9a](\x91\x8eL\xac\x0d\x05\
\x17=\xd5\x9d\xcf\xb1\xa61\x16C?\xad\xaf%]n\
vH\xde\xb3\x1a\xcb\xb3\x12Aw\x8ayk\xb1V\x0f\
O~\x00\xc8\x02\xa2p\x0d\x91\xbb\xed\xa2\xe6\xc57\x91\
\xa57\x11\xc1\x02\xc2\x9fC\xc8\xc2\x89~\x8e\xa3`\x81\
\xde \xa6\xdd\x8fit\x06l\xb4\xfa\xac7\xfb\xacn\
uYktY\xde\xec\xf2t\xb3\xcd\xe6V\x87F\xa3\
K\xb3\xd9\xa3\xd3\x1b\xd0\xe9\x85\xf4\xa2\xd85;\xf1\x14\
\xe4\x02(\xe6\x10y\x1f\xe5%\xdd\xd02222.\
8\x9e\x14\xbc\xbeP\xe1\xa3\x9b\x93,\xafv\xa8\xf7\xa2\
\xb1\xee\x90@l\x88\xfa\x11K\xeb]\x1eo\xf4x\xf3\
\xf2\xe9\x04d22N\x9a\x0b%\xd2\x85\x0c\xc0\xab\xa0\
\x0aw0\xc5w0\x83\x87`\xda\xae66\xcf\xae\x9f\
~\xf4$\xcb\xc3D\xd0\xc7\xbd\xf0v{0}<\x81\
h\xbfu:t\xa3\xa4\x83_:\xea2N\xb2\xcc\xe2\
\xb3l-\xee\xc1\xb6\xbb=\xa6\xb3\xa3{k\x00\x0d\xf8\
 \xf2\xe0U\x10\xfe,\xb2\xf4>\xb2\xf4!\xb2\xfc\x11\
\xb2p\x1b\x99\xbb\x82\x10/\xa7\xdfv\xba~\xc6Xb\
c\x89\x92\xd2bal\x18D\x9a\xcd\xd6\x80\xf5f\x9f\
\xe5z\x97'\x1bm\x9e\xac\xb7Y\x5ck\xb1\xbc\xd9f\
e\xab\xcbF\xa3G\xaf\xd3'\x1e\x84\x10\xeb\xe43Z\
W\x1bX\xe2\x1ay\x04\x0a\x02\x1f\xe1\xabQ{\xf9\x8c\
\x8c\x8c\x8c\x0b\x8eR\x82\x9b\xb3%\xde\xbeZ\xe5\x1f\xbe\
\x0e\x90\x1b=\x17\xbc\x90\xc2\x1d#-\xc4\x91\xe1\xe9V\
\x9f\xa5z\x8fA\xac\x87\xc7\xe4\xec8\x99q\x9e\xb9P\
\x22\x1d\x00\xa1\x90\x85\xdb\xa8\xb8\x81\xe9}\x87\xd1]\xd0\
m\x04qb{y\xd9\xd1\xec\xc4\x7f\xbe\x97\xc7\xe3\x15\
b\xaf(\xf9A\xd6\x96\xdd\x93'\x8d\x88t\xd2\x00D\
\x00\xfe\x14\xc2\xbf\x8e,\xbd\xeb\xaa\xb5\x94\xdeG\xe6o\
\x22\xbc\x1aB\x16I+\xfb\xbc,\xb4\xb1\xf4CM\xb3\
\x17\xb2\xda\xe8\xf3\xa4\xdeee\xab\xc7J\xbd\xcb\xd2F\
\x87\xe5z\x97\x95z\x97z\xb3O\xb7\xdd\xa7\xd7\x1d\xd0\
\xefG\x0c\xb4&\xd2\x1a\xad\x8d\x13\xe3j\xbc\x98rr\
\xb3\x86\xb4\xc8\xb2M\xec2v\xdf\xa1\x87\x8c\x8c\x8c\x8c\
\x8b\x83\x14\x82\xd9J\x8e\xeb3%&\xaby\xf2\xb96\
\xbd~\x8c%mr\x04\xb1\xb5lvC6\xda\x03\x06\
\x91!\xd5\xf0\x19\x19\xe7\x99\x8b'\xd2\x91\x08\x7f\x0eU\
x\x1dS\xfe\x10t\x17\xdb\xfd\x0al\x8c\xb5\xb1{}\
\xc7\x95\xf5\xa1#\xe8G\xf2\xa0\x8f\xe3j\xe2n{\xdb\
~%\x13_J\xa3\x22\xbb\xe7ck\x8f\xe7\xd4:\xec\
:\x1f(\xd4\x87O$\xff\xd94!\x14@\xb8\xc7\x00\
\xaa\x82PUD0\x83\xc8\xdf\x81\xc2[\xc8\xe2[\xc8\
\xc2\x1b\xc8\xfc\x0d\x970z\xacOq|:\x03\xd71\
\xef\xc9f\x97\xa7\xf5\x1e\xeb\x8d\x1e\xcb\xf5.K\x9b\x1d\
V\xeb]\xd6\xb6\xdcs\x1b\xad\x01[\x8907Q<\
\x8a\x98\xa7\x9b]&c\xb7\x12\xb06\x19y1\xee\xb3\
\x1b1*\xb7o]\xc4\xded\x22=##\xe3\x15@\
\x08\xa8\x16}fky\xa6\xaa\xaeaQ\xd8\x8b\x89\x87\
\x95^\x04\xc6\x92t.\x8d\xe8G\x1am\x0c\xf2\x8c7\
{\x93I\xe5\x1a)^\xd09kl\xe4>\xd9L\xe7\
\xc6\x8b\xfd\x22\x11\xc2]\xf8\x9d\x87A\x96\x0b(\xd2\x05\
B\x15\x91\xb9+x\xd5_\x82\x19\x10\x0f\x1eB\xbc\x09\
v\xe0\x1a\x1c\x9d\xf6\xc7>\x03;\x86\xc0\x09t!G\
\xb5\xdb\x8d\x91\x89P?\x0b\x18wae\x92\x87\xc2\x82\
\xcc!\x82\x05d\xf1md\xf5\x17\x88\xe2\xbb\xc8\xe2;\
\x08Ur\x9e\xf3S*\xa9\xb8\xd9\x0e\xf9\xfei\x93\xff\
\xf6\xc52\x9f\xff\xb8\xc1\xcaf\x97z\xabO\xb3; \
\xeaG\xc4\x83\x18m\x9d\x0dF\x93\x8c\x04(\xe5\xa2\xe6\
\x22\xb1\xb5`\x9d\xc7\xd2\x8e\xfd\xbdO\xae\xf1(\x92\xfe\
\xb2?iFFF\xc6\xcbG\x00\x05_Q+\xfaL\
WsT\x8b>[[\xfdQ\x94G\x08\x8c\xb5.\xef\
\xa7\x1b\xd2\x1bh\x22m\xf1\xd4\x998\xdd\xee\x8b\xa7\x04\
9O\xe1\xc9\x17+\x18\xd3\x18P&\xd2\x1dR\x0a<\
%]\x8d\xfe3\xce\x85\x13\xe9.J\xae@\x95\x91\x85\
\xbb\xa8h\x1d\xd3\xfb\x1e\xd3\xfd\x06;x\x84\x90\xc2\x95\
m\xe2\x88\xcd\x0ev\x85\xc2w\xbev\x88\x97\x12\x17\x83\
\xd8\xf3\xc5\xc3,\xff\x18$n\x1b!\x0cBZ\x90v\
\xd8D#\xf5\xc8[#0F\xc2\x0b\x10\xe8\xbb\x12E\
\xf7+\xb3h\xed\xc8onI\xee-\xc8\x0a\xf8\x13\xc8\
`\x01\x91\xbf\x86(\xb8\xa8\xb9(\xdcu\x9es\x7f\x1e\
\x84<\xb1r\x8a\xc6X\x22c\xe8\x0e4\x8dnD\xb3\
\x1b\xd1\x1d\xc4\xccTsL\x95\x03\xcay\x9f\xc0\xdb\xbe\
\xacz{\xc0\x8fO[|\xf9\xfd\x06_\xdc[\xa7\xd5\
\x0b\xe9\xc7\x9a\x81\xd1\xaeK^\xda\xf1t8P!v\
\xed\x04\xc2\x0e\xff\xdb?\x83v,\xff\xf8U\xb0\xbb\x9c\
\xfd\xc3\xe7Q8O\xf5\x04v#\xc6\xfe\xcf8*\xc9\
\xd6;\x81R\xb9'\xf7\xe6\x17\x8fIJ\xcc\x0e\x22\x97\
\x97c`t>:\xc2|\x5c@\xc9=\xee\x86\xb1\x8b\
>{\xe9\x88\xb8\x1dNd\x80Adhtc\x96\x1b\
}\xe6\x1a9&J\x81\x1by<C\xc7JKj\xa5\
\x17\xd4;\xce\x9e\xd3\x8b4&\xd96'z\x1eN\x0e\
;\x06\x88\xb4\xa57\xd0\xd4;\x11Ar\xf5\xe2\xaa\x8d\
\x9d\xdc\xe2\xce2\xe9\x85\x8a\x14\x82V/\xa23HG\
bN{\xcd\x0e\xe6\xc2\x89\xf4\x14\xa1\xf2\xa8\xc2u0\
\x1dL\xb8\x88\xd5Ml\xef[\x10\x0a\x81\xc7^\x1f\xfd\
\xa8I\x9aGJ\xe0\x14#\x0d\xb6S\xeb\xbf\xf0\x1a\xe8\
\x80T\x16\xa94xf\xd4\xdf\xc9\x00\xb1@k\x9fX\
\xabd\x08\xc8\x1ez\xfe\xe3\xeb=\xdeEt\xfc>e\
\xaf\xee\xa2\xbb<\xe8V\x83\xd1.r\x9e\x1e{\x83\x09\
D\xe1\x0dD\xe5\xe7\xc8\xca\x1f;\xdfy\xee\x0a{\xd9\
\x96N\x02m\xddIe\xb5\xd9\xe7\xfej\x87\x07\xabm\
\x9e\xd6{|ps\x92\xb7\xae\xd4\xf0\x95\xdcS\xa4?\
Zis\xffa\x9d\xc5\xc7[\xae4\x98/ \x10\x10\
(\x04\x0a\x86\xdd$\xechc\x1c\xb3\xfd\x9b;\xb0\x9a\
\x0b\x1dI\x17c\xf7\xe7 \xd8\xf1Lv\xf4^97\
\xa4\xdb?\xbde\x1c\x9dth}\xaf\xe7\x8f\xbdC\x88\
\xd1\xddY\xfdZ\x8c\xb1D\xda\xd0\xe8E\xd4\xdb!:\
9\xdcI\x8e\xb6/I\x01*1\x97\xd7;!\xdaZ\
\xf7\xb7\x14\xdb\x8a0X+\x88\xb4\xa5\xd9\x8bX\xdc\xe8\
2]\x0e\xdc\xe8\xa5\xb1D\xfal\x1c,\xd3\xb5\xf0\xa4\
 P\x82\xf5V\xc8\x93\xad>\xed\xbe\x13\xe9v(\x14\
N\x10!\xb0B\x10jC\xb3\x1f\xb3\xda\x18\x00.\x9a\
\x1ck\xc3\x19\xd94/\x05?\xd9\xee\x9b\xed\x90F/\
\x22\xd4\x86\x17\xe75:\x19.\xacHO\x11\xfe\x0c\xaa\
\xfas\x88[\xc4\xe1\x0a\xc4u\xacn\xbb\x92}\xe2(\
\xf6\x88\xe7\xd8\x93\xf7\x10\xe6/\x0a\x81E\xc8\xc4k\xae\
\xcc0r.p\x1e\xe6n7O3\xccQ\xef\x15X\
mUYn\xd4\x90X\x0a^\xc4\xbb\x97V\xb8^\xdb\
BH;\xb6\xca\x87\xdb{\xf7\x13\x8c\x07E\xd2]\xb4\
\xdc$\x11t\x9c\x0dD\x16\x5cMs\xff\x0a\x22w\x03\
Q|\x03\x8ao!\x82+.\x9a\xeeM\x1ez\x9d\x9e\
E/\xd4t\x061\x9bm\xd7 c\xbd5`\xad9\
`\xb5\xd9g\xb9\xdeci\xa3K\xbd\xd1'\x1c\xc4\x14\
}\xc5\xe5\xa9\x22\x97t~\xd7|\x84\x10H\x09\x22H\
*\xb0x2i]=\x16\xfaf\xec\xe1s\xee\x0b\x16\
\x17\x9c\xbf\xe8\x91t)\x059_R\xf0\xd5\xf0$}\
\x1e\x91B\x10x\x12\xcf;\xdb\xfe\xd8\xbd\x10\x12\xfc\xa4\
\xad\xfd\xce\x8b\xd3\x8c\xc3\xe1IA\xde\x97x*\xe9<\
j-\xc2\x82\x12n\xb8\xfd8{\xb6@\xe0I\x81L\
\x7f\x17g\xf0P\xd0\x0b5\xeb\xed\x01\xbf\xfd~\x93O\
\xeem\x12\xc5\x06m\xac;V\x1eA\xa5;\x9b\x86\x9b\
\xbe\xd9\x8b\xf8\xf2q\x83\xb5v\x84\x96\x92\xe1\x07\x97\x02\
+ \xb2\x96\xa5z\x8f\xff\xfa\xf9S>{\xb8E%\
\xefa\xacK\xea?K\xa4^\xf4N_S\xef\x86|\
\xbf\xd2&\xd4\x16\xf3\x22\xa2\x12\x9e$\x12\x82\xcdN\xc4\
??\xa8c\x8d\xa5\x94\xf3\x5c\x84\xfd\x15\x8a\xa4\x03\xc3\
\xee\xb5\x8f\xd6\xbb\xfc\xb8\xdaa\xbd\x17\x81\xaf\xcet\x04\
\xe2\xe2\x8bto\x02Uz\x1f\xa2-\xec`\x19\xd3\xf9\
\x1c\xab\xef\x01\x1ak%\x02\xf9\x8cq\xc8\xa3\xed\xc1/\
\xec\xab\x1eF\x0cv\x86\xe1\xc7\x1e&b\x5c\x0a\xb0\xd2\
\xa2\x05\xc4Hb#\x89C\xc5 T\xac\xb5*\xac4\
\xab<nL\xf0\xc3\xfa\x1c\xdf\xae\xcdS\xcc\x0d\xb8T\
i0S\xecr}b\xcby\xd5q\x91\x09\xcb\xee\xcf\
t\x98r\x8b\xbbV}\xec\x85Q\xa1\x9b\xb1R\x8a\x04\
\xa0\x0a\x08\x7f\x1a\x91\x7f\xdd\xf9\xcdK\x1f!\x0bo\x22\
\x8awAx\xc7*\xa7\x98\xd6R\x8f\x8d!\xd6\xce\x17\
\x1ekC\xa4-\xf5N\xc8zs\xc0\xe3\xf5.\x8f\xd7\
\xbb<X\xef\xf0x\xa3\xcb\xe2f\x97\xd5-W\xcb<\
\xee\xc7\xe4\x85\xe0\xc3\xdb\xd3t\x07z\xcf\x83\xbd\x10N\
P\x0aOB \x9d\xd7<\x19\xad\xd8Vv\xf3\x84\x0e\
\x8669\xe9\x5cp\x8d\x8e%\x19\xa2\x8dtrr\x17\
C\xab\xfey u6u\x061al\xd0I\xc8\xca\
\x0e_<\x8b\x8c\xec\x03\xa9\xf3*6\x96\x81v\x16\xb0\
0v\xd6\xad\x8b\xbe\xef\x9d\x04\xe9\xe8I7t\xdb\xcd\
\x0c\x8f\x1d\xee\xb8\xaa\xad%\x8c\x0d\xed\xbe\xcbYI\xd9\
\xd7\xed6\xb6\xcft\x061\xa16g\xca\xc6\xb1\x93~\
d\xd8l\x87|z\xbf\xce\x7f\xfe\xfd\x22\x83P\x13\xc7\
\x06\xa5$Gs'\x8e.d\xb4\xb5\xc3\xed\xa9\x95\x18\
\xbef\x93\x8b\x95\xd8ZV\x9b\x03~\xf3\xed\x9a\xbb0\
\x96r\xd4\xf4\xee\x0c\xe1\xb4\xb8H\xa2\xfc\x86nh\x88\
\xad\xc5>\xa7X\xdcc\xbc\x06\x94@\x03\x8d~\xcc\xb7\
K-\x1e\xafu\x5c\xd0C\x88a\xa3\xbdW\x05gy\
\x11\x0cbM/2\xeex\x96\x06\x1f\xce\xe8\x86\xb8\xf0\
\x22\x1d\xa1\x102\x8f,\xbd\x83'\xf3\xe8z\x15\xdd\x00\
\x1b.\x83\xe9\x80\xc8\x03\x1eG<j<'\xf6\xd8W\
n\xee\xc7m\x9d-EX\x90c\xf6\x95$\xfcm\xb5\
\xa4\x17\x06\xac\xf7\x0b\xacu\x8b\xac\xb5\xcb,7\xaa<\
iTY\xda\x9ad\xa5]e\xad]a\xab]\xa3\xd9\
\xaaqef\x0d!-\x03\xed\x0f\xe7\x9b\x0a\xf4#}\
\xaa\x9dQsF\xfb\xbd\xdd\x115w\xea_&\xc9\xa0\
W\xc1\xbf\x81,\xbe\x89(\xbc\x8e\xc8\xdfE\x06\x0b\xe0\
M!\xbc*\xaet\xe6\xf1\xbe\x9f\xd8X\xc2H\xb3\xda\
tQ\xf2\xb5\xd6\x80\x95\xad>\xcb[=\x9en\xf5y\
Z\xef\xb1\xd9\xe8So\x86\xb4\xfb1\xdd0\xa6\x1bi\
\xfa\xa1!\x8e\x0cF\x08DN\xa1\xd2H\xd8\xbe_\x9b\
\x18\xbb\xbdX\x8cu\x17\x1a\xe6\xa2\x86@\xa4`\xa0-\
[\x9d\x88/\x1em\x91\xf7%\xc5\xc0E\xd3\xb5=?\
#\x08B\xb8hg\xbb\x1f\xf3p\xbd\xc3\xfd\xb56N\
\xe3\x9ee\x93\x02\xa4\x893\x06\xe8F\x86\xc7\x1b=\xfe\
\xfe_\xd7\x99\x9f\xc8S\xf0\x15:I\x5c\xce8\x18\x97\
\x9c&\xd8h\x85<\xa9\xf7xR\xef\xbbC\x9f\xaf\x08\
\xa5d\xa3\x1d\xf2\xfd\xd3\x16\xbf\xbd\xb7A\xe0\xc9aT\
s\xbf\xfd[\x88\xd1\xe0\xdc\xe2f\x8f\x1fW;lv\
#\x8c\x1c{\xe1\x0ca\xac\xb3\x99\xb4\xfb1\x1b\xed\x10\
\xdd\x8f1\xda \x94<\xf2\xfa\xa6\xb1)\x03\xe8d\xdf\
\xdc\xcb\xbam\x81X\x1b:\xda\xd0g$\xef\xcf\xda\xde\
:\x1acu\xdf\xb9F<\xb7\x15]\xec\xb8\x1f\x7f\xc1\
b\xd1\xd6\xd2\x8f\x0cq4\xca19k\xdb\xe5e \
p\x17{\x1a\xb7\x1f\x9du.\xbcH\x17B\x82\x90\xc8\
\xdce\x84?\xe5\xbc\xe9&\xc4\xb4?\x81\xfeC\xb0\x11\
`pU_\xc6\x85\xe0\x1e\xbb\xefQ<\xe8\xc3\xe5\xef\
?\xf1A\xaf\x0d=\xd9i\xf9F\x09$\x02ZH\x8b\
\xc4b\x05\x18+\x08c\xc9\xc0z\xf4\x22\x9fn\x18\xd0\
\xe9\xe5\xd8\xec\x14Yl\xd4x\xd2\xa8\xf1\xa41\xc1\xd2\
\xd6\x04K\x8d\x1aO\xdbU\xea\xfd\x22\xed0\x87\x0e\x0b\
0(\x90+\xf4\xb9\x16\x05h#\x91\xc3H\xfd\xee\x18\
\xfa\xa1\x1a\x16m{\xc2\x8e\xac\xd8&\x11\xe8(\x109\
\xf0\xca\xe0M \xbci(\xbc\x8e\xc8\xbf\x89(\xbe\xe3\
\x04z\xee2B\x95\xf7_\xd8\x9e\xcb\xb7\xc4\xda\x12j\
C?\xd4\xf4\x22Mo\xa0i\xf5#\x1a\xbd\x88\xc7\xeb\
]\x167\xba\xac\xd4\xfb,o\xf6X\xdc\xec\xb2\xd6\x1c\
\xb0\xd1\x1a\xd0\xed\xc7\x0c\x06\xf1hf\xe3C\xc8\x12\xf0\
$R%\x96\x96=\xb7Az\xb0{\xc1\xe2k\xfc\xab\
I\xab\xc4\x5c(l\x1a\xea \xd4\x86\xadn\xc8g\xf7\
\xeb4\xda!\x05_!e2\x82p\xda\xabyHR\
\x91>H.\x12\xef\xafuF\x89J'=\xac}\xd2\
\xbb\x9d\x14h\x01\xbd\xc8\xf0h\xbd\xcb\x7f\xffj\x95\xc9\
\x92\xefD\xba\xb1\xdb\x22\xbf\x19{#\x85\xc0\xf7\x04\xcd\
^\xccF+d\xb9\xdes\x91\xd2@\x11I\xc1F'\
\xe4\x9b\xc5&\x81\x10(\xe9\xaa\x93\x1ct\x11:^\x9d\
c\xb3\x13\xf1\xfdr\x9b\xcdN\x84IE\xef\xd9\xd3\xe9\
C_\xfa \xd2\xe8Hcb\x03\x9e=\x9aH\x1f\xdf\
\x1c\xc9\xf1!\xfd\xbc\xa9\x08\x17b$8\x8dq\x17\x91\
\xd1x\xce\xcfY\xdb6\xe3\xeb%`\xfc\xe4\xb2\x87I\
\xf2\xf0\x88\xbd\xff\xb4\x8cF\xc5\xe2W\xf9\x02{|\xbb\
'?(\x91\xec\x8bg5\xf8s\xe1E\xfa\x10\xe1!\
T\x11U\xf9)\xc2\x9b@\x0b\x81\xb11\xb6\xf7\x03\xd8\
\xbe\x8b\xea\x0a\x0f\xd2$\xbf3\x82\x00\x94\xb4\x08\xcf\x80\
\xd2\x0c\xdd9\xd6\xa2c\xc5`\xe0\xb3\xd1)\xb2\xda)\
\xf3pk\x92G[\x13<\xda\x9a`q\xab\xc6Rs\
\x82\xadv\x99v\xafD?\x0c\x08#\x9f\x10E\x84@\
\x0b\xeb\xe6\xe7G(/\xc2W12-\xc7h\x8f&\
7\xf7\xdc\xb7\xad\x05\x1b\x83\xb6.\x11\x94D\xa0\xfb%\
\x08\x16 \x7f\x17Yx\x1bQ|\x17\x91\xbb\x85\xc8]\
\x05\x99\x96R\xcc\x1dy;\x19\x0b\xed\xc4_\xbe\x5c\xef\
\xf1x\xc3\xd9W\x9el\xf6X\xaa\xbbN\x9f\xeb[\x03\
\xfa\xdd\x88A?f\x10j\x22c\x88\xac\x8b\xcc\xe0\xa9\
QF\x93\xc0]b\x1bW\xc3\xfcYI\x7f\xe9\x01\xf0\
\xa5\xec5\xd6\xe5\x18(%G~\xd4\xf3\xce\xb8/7\
\xe9 \x18jK\xbd\x1d\xf2\xe9\x0f\x9b|\xfd\xa0\x8e\x12\
iD\xec\xec\xfc6\x9fM2\x14o!4\x96\x9e1\
#\x91.\xb7\x9f\x90\xcf\x04\xc9N.\x04 \xc1 \xe8\
E\x9a\x87\xab\x1d\xd67\xbaxR\xa4\xcd\x1d\xcf\xd9\xf7\
p:\x08\xdc\xc8\x9b\x13F\xd0\x89\x93\x9e\x08\x81$\x14\
\xb0\xd1\x0e\xe9\xde\xaf\xf3\xc3\xe3\xc60\x07h\xcc\x10\xb5\
\xc7\xfcF\xc4\x16\xba\xb1e\x10\x1b\x8c\x92C\xa1q\xc4\
\x15L\x84\xee\x8b#\x1dM\x08<\xc9\xc0\x97\xces}\
\x8cH\xfa6\x9e\xf5VA\xd2\x10\xeeL\xfd\xba^(\
bl$\xf7\xc0_\xe6\xb0\xba]\xf6\xfb=/\xbb\xc7\
+#\xd2]\x89>\x89\x0cf\x9d\xb79\xde@\x08\x89\
\x16\x1e6|\x02\xa6\x875\x06!R\xeb\xcb>\x97\xa4\
{\xcd\xfbP+\xc0\xd0\x8er\x90\xd8\x1bN.\x93\x88\
\xb94Ha\x09\xadd\x10\x06t\xc2\x80v\x18\xd0\xec\
\xe5\xd9\xea\x14\xd9l\x96XnVYjUYiV\
y\xda\xaa\xb2\xda.\xb3\xde-\xb1\xd5/\xd2\x8f\x02\xa2\
\xd8\x03\x9b|\xa6\xa4\x0c#\xd2\x02\x06\xa4\x1e.#=\
Q\x8cW\xb6\x22\xfd\xfb@\xc6\xca\x01&\x1e\xf0aR\
\xa8(\x80WA\xf8\xd3\xe0\xcfB\xee\x0a\x22w\x1d\xf2\
\xb7\x91\xb9[N\xa0\xfb\xd3\xe0M\x1cz[j\xe3\xbc\
\x9c[\xdd\x90\x8dvH\xa7\x17\xd1\xe8F\xac6\x07C\
\x0b\xcbr\xbd\xc7J\xbd\xc7z\xdbM\xd3\xe8Ft\xfa\
\xb1\x8b\xe4\x18;\x1a(H\xa32;\x8b\xc8\xa6\xa5x\
\x84\x8b\xd2\xc8\xe4\xb6\xef\x1a\xbe\xf0\x1f\xfchd\xa2\x10\
(f'J\x94\xf2\xc1\x8b^\xe8Kb\x87\xe4Kj\
\x1e\x9b\xc8\xb0\xd5\x09!6\xe7\xff\x9c\x92\xb6/W\x12\
\x061\xd6X\xe2H\x13\xc5\xc7\xcf-p\xf6\x08\x8b\xd5\
\xd6\x95\xfa\x14\x02\xabMb\x998\xde<]\xb9\xba\xb4\
\xca\x04\x18m\xe9\xc6\xae\x0c\xe9+\x95av\x92\xa4\xa3\
&i7a!0XB\xe3F\xfe\x1ai\xd9\x93\xa3\
\x90\xeeOI\xe2\x80\x95\x02\xeb\x09L\xfa\xfd\xef\xf1\x16\
\x9b\x1e\xa7M\xb2\xbf\x18\xb7\xef\xc4\xc6Y\xe7\xec\x9e\x19\
H\xcfGZ\xe2O\x1b\x8b5\xc9\xb2O\xb0z\xc9\xc5\
\xbaX\xdcq\x89\xa6\x0d\xc4\xc6}\xa7\x07\x95\xdcM\x22\
\xe4\x916\x84\xda\xb8Q\xae\xfd\x0a\xa2\xa7\x11\xa5\x0b\xb5\
\xdd\x9e\x8f\xe1>4\xdc?\x01+\xb0i\xde\xd7)o\
\xaaWF\xa4\x0f\x11\x81\xab\xf8R\xfbs\x84?\x03B\
\xa1[\xbf\xc5v\xbe\x00\x1b\xba(\xeeI7<\x1a\x17\
\xbd;\x04\xf0\xbeo\x91\x16/\x88\x5cms\xa0\xd7\xf5\
\xd9l\x17X\xac\xd7xX\x9f\xe4\x87\xf5\x19\x1elL\
\xf3ps\x8a\xa5f\x95'\xad*&\x0e0\xb1\x87\xb6\
\x12\x83\xc0J\x5c\x13 \xa5Ah'\xcc\x05#\x01j\
\xe5\xb6\x1f\xf2v\xa1t\xb8\xf5\x1c\xbes\xe897\xdb\
J(\xe2\xd7 w\x13Q\xfa\x00Q\xfc\x00Q|\xdb\
Um\xf1&A\xe6A(\x8e\xea7\x8f\x8d\xa1\xd5\x8f\
\xb8\xb7\xd2\xe6\xf3G[<Zi\xf3h\xb5\xc3\x83\xf5\
.\xcb[}\x1a\xad\x01\xe1@\xa3\x93\x13\x96\xb1\xce\xbf\
h\xa5pI\x22\xa9 \xdf\xfd\xa9w\xe1\xce\xaf\x02)\
\xe5\xbe\x1d\xca\xb69\x17^\xd4\x0fz\x18\xae\xb7\x94\xf3\
\x01\xd7\xe6jL\x94wW\x9a9\x8f\xa4\xd5(\x87\xe2\
r\xbc\x9egl \xd4\xa7~\xa0|n\x84\x18\x8d\xd4\
\x0cb\xd0\x86\xb0\xef:#\x1e\xd7\xdfm,hm\xb0\
\x91v\xdbH9\x91\xae\xf5\xd1\x85\xff\xf8h\xd0\xf6d\
\xc4D\xd0E\x9aa\x0d\xbds\x12\x81:\x13\xa4\xdbk\
< \x90>\x8fMF\xec\x8e\xf1\xfd\xa7\xf3K\x7f8\
R\xbaY\x85\xc9\xfe\xb4\xc7,]\xa7b\xb0\xb1\x81\xc8\
\xf5o\xd0Q\x92\x84iN\xde\x9d\xeb\xf6%\x88c\xc3\
 \xd4\xd8P\xbb\xdf\xb3gO\xce\xeau\xa2\xfb\xe2\x19\
\xda\xb1\x05\xee;J,B\xb1\xde\xbf\xe4\xae\xb5\x10\xc6\
\x86^b\xf3\x0c\x8d\x19&\xd2n\x9f\x90\xd1\x05\xday\
?\x9e\xbe\x08\xd2\xdf\x12\xb8jAIb\xf6io\xaa\
WN\xa4;\xef\x9aBxUd\xe1\x0eL\xfd;D\
p\x09\x1d,`\xfb\x0f\x5cT\xddF\xb8\xee\xa4>\x02\
\xb5wd}\xcfg\xc6\x97s\xd4\x15\x03\x89\x1d5m\
\x18\xf8<\xad\xd7x\xda.\xb3\xdc\xac\xb0\xd2\xac\xb0\xda\
p\xf7k\xcd*\x1b\x9d2\xf5n\x89\xadA\x9ef\xe4\
\xd3\x89}0\x89\xe8\x16ft%-m\xf27\xdb\x87\
\xb3wx\x9aE\x9a\x88\x9a~\xb0]{f\xfa\x84\x19\
\x9e\xcdG\xb6\xf3t\xc7\xce\x83,\x83\x9aAx\x97\xc0\
\x9fG\xe4n\x22\xf2\xb7!\xb8\x8c\x08\x16\xc0\x9bCx\
5\x90\xf9cUk\x01\xe8\xf4c\xbeYl\xf2\x9b\xaf\
V\xf8\xef\x9f-\xb3\xd5\x89\xd8\xeaF\xd4CM;2\
n\x088\x15{\xe2\x80{\xd2a\xc2\xdd\x0c?\x93\xc5\
E\x80\xec\xfeC \xda\x18\xa2\xd8`uzu\x22O\
.Z\x94~\x17Q\x8c\xd4\x16\xaf\x94\xe3\xd2\xfc$\x1f\
\xde]`a\xa6r2\xcb8E\x8c\xb5\xf4B\x97;\
\xd0\xeaF\xf4C\x8d5\x16/\x90\xe4\xf2\x1e\x97g\x8b\
L\xe5=\x94\x94G\xban|Y\xfe\xc2\x03\x97\xb2m\
h\x8c\xe1A\xc1\x86\x1ae,o\xbc6\xc5\xad\xb9\x12\
\xc5\xdc\xf1~\x07\x81')\xe4<\xf2\xa5\x80\x5c%\x00\
)\xc8\x17|\xf2\x81\xc2SG;\x00i\xe3\xbe\x87v\
?\xa6\xd5s\xd5h\x84\x00\xdf\x93LTs\x5c)\xd7\
\xc8{\x12\x95x\x7f_\xd8\xb5\xe8\x19\xf5\x85\x1e\x0b;\
v\xb7\xe3\xb83\x96Q\x7f\xfc\xf9'?\x08k,B\
\x08\x8ay\x8f\x1b\x97J\x94\xf3\xde\x9e\xdf\xbf\x92\xcev\
\x92/z\xe4+\x01\xd6X\x8a\xa5\x80j\xc1'\xe7\xab\
\xd1<O\x08)\xc0\xf7\x04\x95\x82\xc7l5G<\xf0\
\x92\xc4Qq${\xce\xcb\xdb#\xf6;\x17<\x83\x9d\
\x13\x88mw\xdb'=\xf0\xfb\x16\xdb\x1e\x9a\x9cF\xe7\
\x14\xe5r\xb0\xefw\x0a.\x09\xb2\xdd\x8bh\xb4Cz\
\x9d\x9084n\x94E\xcam\xcb\x13\x02|_\x92\xcf\
\xab\xe1\xa8\xf0\xe9K\xd0\xd3C\xecxdm2\xda\x03\
\x08)(\xe6|\x823\xd0\x95\xf4\x95\x13\xe9\x90X_\
D\x1e\x91\xbb\x8a\xcc]E\xe7\xaeCp\x09\xd3\xf8;\
L\xb3\x8b\x8d7\xc0\xf4AZ\xac\xf0\x01\x0fa\xe5\xe8\
K\xdd\xaf1\xc5~\xec\xaf\xef\x927\xa7\xf3\xb0(\xe1\
\xa2`\xed~\x8e/\x17\xe7\xf9ti\x81\xcf\x97.\xb3\
\xb85\xc1r\xb3J\xab[\xa4\xd7\xcf\x83\xf1\x12\xef\x9d\
\x01O\x83\x1f\xbb{\xa1\x93y\x0dg\xfa\xec\x95\xdc6\
\xc9H\xa8\xa7b>\xd9\x85\xdd\x0f\xda\xead\xc8\x14\xac\
M\xa3\xf1\x1eH\x0f\xd44\x22\xb8\x0c\xf97\xa0\xf06\
\xa2\xf0>\x22\x7f\x07\x91\xbf\x05\x88}\xbb\x82\xa6e\xa0\
\xd2\xcepidQ\x0aW\x07xg\x8d\xecv?\xe6\
\x9b'M\xfe\xf1\xabU\xfe\xef\xdf<J\x86\x91%\x14\
<\x08<\xf7\xd8\x97\x07~\xe4d\xc1{=9\xda&\
\x22\xfd\xe1\x1a\x22\xed\x84\xb8\xb1\xbb\x87\x1d\x07\x91\xa1\xd7\
\xd7\xc4i\x84B\xa43x\xde\x03`r\x08u\xa1\x12\
<a\xa9N\x96\xb9vm\x9a\xf7\xef,0?u\x11\
D\xba\xcb%\xa8\xb7C\x1a\x9d\x88^b\x05\x09<I\
\xad\x1c\xf0\xee\xed)\xdeX(\xe3+\x85\x14I\xa0c\
l\xb3\xee\xbf\x85\x9f\xa3D\xe5\x01\xef\xdb\xef\xa5\xa3,\
\xca\xc6\x06a-\xd7.\x95\xb9s\xb9B)\x7f\xf4\xc3\
\xb0\x10P\x0c\x14\x93\x95\x1c33E\x06\xce\xcd\xc7\xcc\
T\x81\x89\xe2\xee\xae\xb8\xcf\x22\x8a\x0d\xad^L\xb3\x13\
\xd2\xea\x86D\xb1F\x0aA\xdeW\x5c\x9d-\xf1\xf3;\
\xd3L\x96||%\x8ed\xa79\xfaW\xf0\x92K\x8b\
\x1ec\xc4\xe1%,\xe6\x083v\xdbK\x08\xc8\xf9\x8a\
;\x97\xab\xd4\x8a\xfe\x9e\x82\xceW\x82R^15Y\
`\xf6R\x09k`\xb6\x96\xe7\xf2T\x81J\xc1;\xf1\
\xe6p\x9e\x14\x14|\xc5l5\xc7\xad\xb9\x12a\xe4\x22\
\xc2J\x89m\x89\x9e\x87\xe1\xa0i\x8f,\xa2\x8f\xc1a\
\x97\xf1\xcc\xa6_6\xb5\x1d\x8d\x9e\x12\xe9\xff;\xc4}\
\x1c\x1b\xc2P\xb30]d\xa6\x9a\x1b]H\xed@\x9b\
\xa4\x9cp\xa3O\xaf\x13\xa2#\x0d\x05\x9f\xa1o5\xd1\
\x1f\x9e/\xa8\xe4}f\xcb\x01\xbe\xe7\x02\x8f\x96\xbdG\
].:\xa3\xae\xeb\xa3/\xcb\x1a\x97t\x8c\xbb\xbea\
\xa6\x9a\xa3\x18xx\xa7\x9c\xfb\xf5J\x8a\xf4\x9dH\x7f\
\x0e*?G\xa8\x09D\xfe5L\xfbSl\xef\x1bl\
\xb4\x06\xba\xeb,\x19\xc2\x07\xb9\xb3\x02\xccs\xb0\x97m\
BXwa\xa0\x05\x1b\x9d\x02\xbf{p\x9d\xdf\xffx\
\x93\xfbO\x16h\x19\x8f\x1e\x82P+\xd75T\x84#\
o\xb9\xb0c\x91\xdb\xe3\xedPi\xa0}\x14\x9eq\x82\
\xdc\x91\xfeM\x12Qv\xa5\x13Q\x93\xe0\xcd\x81\xbf\x80\
\xc8]\x81\xdc-\x08\xae!\xfcy\xf0f]\x09EU\
\xdd6\xf7\xbd\x88\xb4e\x10k\x1a\xdd\x88z{\xc0j\
\xbd\x07\xc0T%\xcf\xfcd\x9e\x85\xc9\xe2\xae\xf7Xk\
]\xa8&P\xae\x19Az\xf3\xc4q7\xc1\xee\x0d\x22\
\x01m\x89#\xc3\xfd\x956_-6X\x98,0Y\
\x0c\x5cB\x98v>\xc0\x87k\x1d\xbe^l\xd0\xe8E\
\xdb\xcba&\x9b\xee\xb9\x884\x84\x11X\xcb\xccT\x99\
_\xfe\xe4\x16\xbfx\xff\x06\x97\xa6\xca\x14\xf2Gi\xc6\
u6\x89\xb4aq\xb3\xc7\xc3\xd5\x0e\xedF\x9f\xb8\x17\
\x831\xd4\x0a>\xaf\xcd\x96\xf9\x8b\xb7\xe6\xf8\xc5\xdd\xe9\
\xa1\xd5h\xaf2\x9f{s\xcc\x0d\x7f\x8c\xb7\x1d\xf9-\
\xc9o\xa9\x5c\xf0\xa9\x96|*\xc7\xf8\x1e=)x\xe3\
J\x95b\xde\xe3\xbd\x9b5\xda\xbd\x18\x04\x5c\xaa\xe5\xb9\
9Wb\xbev4+T\xa3\x17qo\xa5\xc5\xcaf\
\x8fA;BkK>P\xccO\xe4\xf9\xf0\xe6$\xff\
\xe3\xc7\x97\x99\xa9\x04H)\x8e$\xa2\x8f#\xd2_\x1a\
/iQ/|1I`@I\xc1\x5c-\xcfd)\
\xc0W\xbb\xcfS\xd3\xe5\x80w\xaf\xd5\xf8\x8f\xbf\xba\xc5\
\xbf\xfdh\x01k]S\x9bZ1\xe0\x8d\xcb\x95\x13/\
\x10S\xccy,L\x14\xf8\xcb\xf7\xe6\xb9s\xa9\x826\
\x06c\x92\xbc\xc5\x9d\x0b:\xc6\x85\xf1\xcb\xe2p\x02]\
$#\x07\xf2\xc0\xedhmR\xfe/\xe9\x84\xea\xf2\x9d\
\xc0\x93\xd2m\x97\x04\xc1\xa8J\xcdd9\xc7l-\xc7\
\xe5\xc9\xc2\x9e\xf3\x1cD\x86\x7f}\xd2\xe2\xab\xc5\x06\x9d\
\x81\x1e\x1b1N\xd6-6\xe4=\xc9\xb5\xe9\x12\x1f\xdc\
\x9c\xe0/\xde\x9c\xa5Z\xf4G\xab~\xda\x1b\xf8\x14\xf0\
\x95H.T\xc6H\x83\x0f\xc9\xe6\xbb1[\xe2\xeaT\
\x81J\xe1t\xcf\xb3\x99H\x07\x84WCy5\x847\
\x81\xc8]C\xa8*F\x950\xddo Z\x05\xdb\xc7\
Ex\xb4\x13\xc3V\x8ceS\xb3\xe3\x17\xb9\xfd\xe7\xb9\
\xcd\xab,\xc6\xeewO\x9a\x5c\x85[,\x82\xd6 \xe0\
\xde\xda4\xdf-\xcf\xf3te\x0e\x13\xc4Pt\xd1}\
\x94\x06ev\xb8p\x8e\x7fx\x1dwf\x88\xc4\xc3b\
\x87\x19\x13\x02\x8b\x04\x11$\xb7<\xc8\x12x5Dp\
\x05\x9b&\x7f\xe6^\x83\xfck\x08\xffJR\xa5e\xfb\
\x8em\xadE'\x0d\x85\xa2\xd85\x11\x08\xb5!\x8c5\
\xed^L\xb3\x17\xf1\xb4\xd1cy\xa3\xcb\xa3'-\xf2\
\x81\xe2\xee\xf5\x09\x94\x9a\xdcS\xa4\x03nH\xcfW\x90\
\xf3\xdc}\x12\xa191\xa4\x00-\x88c'\xd2?\xfd\
q\x93kS\x05\xb0\x96\xbc\xaf\xe8\x86\x9aF'\xe4\x9b\
\xc5\x06\xf7\x9e6i\x0d\xe2\x91H?\x04{\x1e S\
\x83\xb66`4Rk<!\xa8M\x96y\xf3\xb5K\
\xfc\xea\x8f^\xe3\xe3\xd7/3Q)\xe0{\xc7\xb3I\
\x9c\x15\x22mh\xf5\x22\xee=m\xf3\xddR\x93V;\
\xc4D\x1a\x04L\x16}\xee\xcc\x97\xf9\xe0\xc6\x04?\xbb\
3}\xda\xabz\xe6PRpu\xaa\xc0\xff\xdf\xde\x9d\
5\xc9\x91\xa5g~\xff\x1f\xdf\xddc\xcf=\xb1\xd6^\
\xd5\xfb\xb09$\xd53\xc3\xe1,2]ht\xa7\x8f\
(\xddJ2\x99Lf\xd2\x85f$\xce\x88\xa3\x19\x92\
Cv\x93\xcd\xdekA\x01\x05$r\xcf\xd8#\xdc\xfd\
\xe8\xe2\xb8GD\x02\xc8\xea\xaa\x02\x12\x08\xa0\x9e\x9fY\
V%2\x03\xb1&2\x1e\x7f\xfd=\xef\xd9\xed&\xfc\
\xe8\xed\xee\xa2\x952\xf4\x0c\xa1o\x08\xbc\xafVL(\
K\xcb\xbc,98\x9f\xf0\xb3{g<8\x1a\x91O\
\xdd\xc1y\x9c\x85\xdc\xe8\xa5|\xe7f\x9b?|\xb7\xc7\
N\xfb\xcdX\x03\xf1m\xd5JB\xb2\xc8g\xb7\x97.\
\xc6\xf0\xb9\x09\xb3\xe6ZN\xeb\xc7\x81G\xd8\x88\xf8G\
w\xbb|\xffv\xa7:\xb8[\xb6t>\x95\x0d\xd78\
,\xfe\xbe\xbbf\xa8\xda\xc0V\x028,\x8b\xd9\xf5u\
\xd4\xbb\x0f\x1b\xe3\xce\x1a\xd7\xcfy^-\xe0\xad\x0b\xdb\
\xab\xe7a\x0d\xee\xdf{\x1a\xf9\x94\xd6\x9d\xd9\xceK\xf7\
>:\x9c\xe6|~<\xe2\xef>;\xe3\x97_\xf4\x19\
\xe5\xab\xdb\xdcWWV\x94$\x91\xcf\xdd\xcd\x8c?~\
o\x93\xff\xee\xc77\xd8h\xad\x0c\x1dX\xe3\xe7\xfd\xba\
\x98j\xa2\xd8,w\x13\xb7\x9e\xecD\xb3\xd6\xb5\x13F\
\x81G\xf85[\x07_4\x85\xf4\x15\xc6o\xe3%\x11\
\x9e\xdf\xa2\xcc\xbeK9\xfc;\xca\xf1/\xb0\xe3\xdf`\
\xe7\x0fa~XU\x97\xadk\xf1Xl\xb2S\x97]\
\xbf\xec\xca\x0dX\xb3\xfc\xff\x15\x16g\xf3\x0d\xf8~\x89\
\x1f\xcd!\x99\xbav\x96pv\xf9(\xf9\xf9\x1f\xf1\xf2\
Vm\x01e\xee>\x16\xd7m\xc1\xa4\xae\xcf<\xd8\x83\
\xf0\x06\x84\xb71\xd1mL|\xdb\xfd9\xda\xaf\xfa\xd0\
3\xf02w\xf9g\xf4\x9a\x17\xa5e:/8\x1dL\
9\xeaO98\x1b\xf3\xe8|\xc2\xa3\xb31\x07'c\
\x0eNG<>\x9fr|6fx<\xe2\xcen\x0b\
?\xf2\xb9\xb5\xd5x\xe6=\xf7M\x15\xc8\xfd\xcb\x0f\xe3\
\x85\xaf\xfd\xf1\x0c\x855||0`:/\x18Nr\
\xde\xdfo\xb1\xdbM9\xba\x98\xf0\xc9\xe3>\x7f\xf3\xdb\
c\x1e\x1e\x8f\x98\x14\xa5\x1b\xe5X\xff\x82\xfc:\xea`\
^\x14\xeec\x9e\xc3<'\x8c}673\xfe\xd9\x8f\
\xee\xf2\xa7\xff\xe8\x0e\x7f\xfa\xa3\xb7\xb8\xb3\xd3\xc1\xff\x8a\
!l\x9d\xf5\xc7s>?\x1e\xf1\x9f\x7f}\xc4_\xff\
\xee\x84\xc1\xac\xa8\x16\xc3\xc1v;\xe6\xc3\xfd\x16\xdd\xec\
\xf5?[p]|\xdf\xb5\x83\x85+\x1b\x8fyp\xe5\
\x02\xe7g\x99\x15%\xa7\xc3\x19\xbf|p\xc1\xbf\xfd\xd9\
\x01\x1f\x1f\x0c\xdc\x95XK\x1c\x1a\xeeng\xdc\xdaL\
\x89\x9eQ\x99\x95\xd7K=\xba55v\xb1\x89K\xfd\
Vr]\xe3\x5c=\x03\xa1\xef\xe1{O\xfc>\xfc\x1a\
\x95\xf4\xd7\xc5hV\xf0\xe9\xe1\x90\xc3\xfe\x94\xc1\xc4\xed\
\xbb\x11\xf8^U\xa1u{\x0b\xb4\x93\x80\xb7\xb7\x9b\xf4\
\x9a\x11Y\x15\xba\xa7y\xc9\xc7\x8f\x07<:\x9b,\xf6\
\x810\xd5n\xa0\x85\xb5\x84\x9eG#\xf6y\x7f\xaf\xc9\
v;\xc6\xf7\x0c\x17\xe39G\x17S\xfe\xee\xf3s\xfe\
\xe6\xd3S\xfe\xe2\x17\x87|r0`bq\xc3\x11\xea\
\xe7\xb3:\xed\x15G>w\xb62\xeelf4\x93\x80\
\xf4\x8a\xd6\x99o\x8b\x93\xc1\x8c\xc3\x8b\x09\x8f\xce\xa6\x9c\
\x8f\xe7\x04\xd5z\x1bp\x8b\xf1\xf3\xd2\xb2\xdbI\xaa\x8f\
\x98V\xfa\xea~\xff)\xa4\xaf0^\x8c1\x11\xf8M\
L\xb8\x85\x09z\x98\xf8\x166~\x1b;\xf9\x98r\xf2\
[(\x8e\xa9\xb6,\xc5\xd8\x02(\x16[\xcf\x83\xe7\x82\
\xa3Y\xad\xb4\xafV\xdc\xcd3\x83\xe4U\xbf\xaf<\xcf\
\xe2\xf9%&( (0~y\xf9\xfa\xa8\xaf\xef\x9b\
\xfe\x82]i\xf05~U!\xdft\x0b@\xfd\x0cc\
\x9a\xd8`\xc3\xb5\xae\x84\xb7 \xbaU\x05\xf5}\xb7(\
4\xd8\x00\xbf\x03\xc6[\x8c\xda\xca\xcb\x92\xe9,g:\
/\xdc\xa6B\xb3\x9c\xd1\xac\xa0?\x9as>\x9a\xf1\xf8\
|\xcc\xc1\xd9\x98\x83\x93\x11\x07g\x13\x1e\x9fO8\xbe\
\x98p\xdc\x9fr>\xca\x19\x8d\xe6\x94\xc3\x19a\xe43\
\x9a\x16\xcf\xdcx\xc1\xb0\xda\xfbw=o.\x8b\x9d\xea\
<\xf7{\xeeb\x9c3\x7f<d\x9e\x97|\xfa\xb0\xcf\
v;\xe6t8\xe3\xfe\xf1\x90\xa3\x8b\xa9;\xcd\xe8S\
\x8dE\xab\xcfH,\x9f\xe5\xe5\x1fl5\xc6\xc4MW\
p\xe3\x16\xca\xc5\x9f= \x0c}\xd7\x0a\x11\xf9\xeco\
\xb7x\xfbv\x8f?\xfb\xf1[\xfc\xe3\x0fo\xf0\xd6^\
\x8fV\xf6z\x8c^\xac{\xf7\xeb\x9d\x07\xe7E\xc9\xbc\
\xb0Lf\x05\xa3i\xceo\x1e\xf5\xf9\xd9gg\xfc\xf4\
\x93S\xee\x1f\x0d\x99\xce\x0a|\xdf#\x08=nn6\
\xf8\xde\xed\x0e\xbd\xe6\xeb\xf1X\xd4B\x8ay\x00\x00 \
\x00IDAT_\xb6\xba\x12\x84\x01\xff\xf7\xfc\x1b\xa8\
_\x87\xbcpU\xf3yu6k4\xcdy|1\xe5\
\xb7\x07\x03\xfe\xe2WG\xfc\xe2\xde9'\xe7S\x00\x82\
\xc8\xa7\xd3\x8ayo\xaf\xc9\xdd\xad\xec\xe9S\xc3\xf2\x95\
\xd5\xcf\xff\x13\xcb).\xff&\x7f\x09\x8b\xd3\xea\x9f\x19\
\xef%U\x06\xeb\xc7\xe4\x06\x1b\xbd\xdaj\xe4u\xaa_\
\xdf\xe1$\xe7o>=\xe3\x97\xf7\xcf9;s\xbb\xcb\
\xfa\xa1\xb7x\xe1\x8b\xbcd\xbf\x97P|o\x97\x0fn\
\xb4h\xc6)\xd3\xdc\xf5\x93\xff\xf5oO\xf8\xe9\xa7\xa7\
\x94\xb9[\xfbe<\xe3\xda]\x0aK\x18\xf9l\xf5\x12\
\x9aq@;\x0d\x99\xcc\x0b~\xf1\xe0\x82\xff\xf2\xc9)\
?\xbfw\xce?|~\xce\xef\x1e\xf5\xb9\x18\xe7\x97\xa7\
\x97\x15\xee\xbd&\x08<\xda\x8d\x88\xbb\xdb\x0dnof\
\xd5\xc2\xf2o\xf7\xbf\xe7\xc7\xe7\x13~\xfa\xc9)\xbf\xba\
w\xce\xc3\x93\x11A\x1c\xe0\xf9\xee\xcd\xbe\x98\xbb\xa9G\
\x1f\xbd\xd5\xe3\xbbou\xc9\x22\xff\x95\xb6\xbc(\xa4?\
\x93\x07~\x13/\xfd\xc0\xcd\xf4n\xfd1\xe5\xe43\xbc\
\xd1\xcf)\xc7\x7f\x8f\x1d\xff\x1af\x0f ?\x05;\xc5\
M\x83)\xc0\xf3\x01\x1fl=k\xdds\x7f\xbe\xd4O\
\xc2\xef\xa9\x1a\xb8\x14o\xa0\x9a]ny\x91se\x9f\
\xba-[\x82\xf1\xdc\x01J\xb4\x03i\x0a\xe1\xae\x0b\xe5\
\xe1[\x10\xdd\x81\xf8\x0e\xc6\xdf\x04\xbf[\x9dA\x08W\
\xce$,\x7f\xf9\xe6\xa5;\xfdvt>\xe1\xf0|\xcc\
\xe3\xb31\x0fOG<8\x19q\xffx\xc8\x83\x93\x11\
\xc7\x17S\xce\xfbS\x86\x037&1\xcfKr\xeb~\
\x9f\x14\xb8EiD>A\x1a\xd2L\x03\x92\xf0\xaa\xc5\
\xa6\xbc\x9c\xea\xcb\xe2\x9d\xd40\xc9K\xee=\xea\xf3\xf0\
a\x1f\x1f\xd7[8\xb7\x96\xc27\xee\x97\xe3\xe2\x14\xe3\
\x15w\xcc\xd6\x0f\xb4\xa8\xaa\xe69\xe4\xd5\x99\x99\xeau\
\x0e\x93\x80N3\xe2\xed\xdd\x0e\x1f\xde\xec\xf1\xe3\x0f\xf6\
\xf8\xe1{;\xbc\xb3\xdfe\xa7\x9b\x11\xbdf\x15\x90\xd2\
\xba@\xd8\xaf\xa6\x86\x5cLr\x1e\x9e\x8eyp<\xe2\
\xcf\x7fu\xc4_\xfe\xf6\x98GGCF\xe39eQ\
\x92$!\xadn\xc2[\xfbM~x\xa7\xc3\x86B\xfa\
\x0bQ\x96\x96\xc9\xdc=\xff\xfdI\xce\xd9h\xce\xfd\xa3\
\x11?\xff\xfc\x9c\x7f\xff\xab#~s\xff\x82\xc3\xb3)\
\xf9\xac\xc0\x00i\x16\xb1\xbd\x95\xf1\xd1\xad\x0eoo7\
\xbf\xf6BTyB\xdd\x8b\xcc\xb2N\xe3U\x07Xo\
\xca\x9ed\xdff\xa5\xb5\x9c\x0cg\xfc?\xbf8\xe4?\
\xfc\xf4!g\x8f\x06\x14XL\x1c\xd4\x17\xc0\xce\x0a\x17\
\xce\xd3\x90v\x16\xb2\xd7K\x19Ls>?\x19\xf3\xef\
~v\xc0\xff\xf9W\x0f\xdc\xfb\x81\xb5n\xf8AQb\
g%^+\xe2\xf6\xad6?\xbc\xd3\xe1\xd6V\xca\x83\
\x93\x09\xff\xf6\xe7\x8f\xf9\x1f\xff\xfc3\xfa\xe7\x13\x06\xc3\
\x19\xd3\xd5\xf1\xc2\xf5\x0fTi1\xb9%i\x86l\xf4\
\x12\xde\xd9mr\xb3\x97>s\xbd\xc2\xb7\xcd\xbd\xc3!\
\x7f\xfe\xf7\x07\xfc\xf5O\x1f\xf1\xc9\xe7\xe7\x98f\xe4\xce\
\x82[\x8b\x9d\xe60\xce\xf9\xc9\x1f\xdf\x22\xf7\x0cw\xb6\
2nl<{=\xc0\xcb\xa0\x90\xfe\xa4\xc5\xd6\xbc>\
\xf8\xf5\xee\x97-<\x13a\xfd&&\xbe\x81M\xbf\x83\
\x9d~\x86\x9d\x1f\xb8\xa0^\x9c\xb9\xeaz9\x01;^\
\x86vr\xd7\xc7n\x8d\xab\xbc3s\xed$\xb6x\xa2\
\xfa]7\xe9U\xbf\xc2m\x09<k.\xea\x0b\xfem\
nK\xdcl\xf8\x0c\x13\xdd\x85\xd6\xdb\xd0K\x5c5=\
\xd8r\xa3\x14\xfdM\x086\xc0K\xc1\xc4\x94\xd6\xf5\x12\
\x8f&9\xc3\xe9\x98\xc1dN\x7f<\xa7?\x9aq6\
\x9aq\xd2\x9f\xf0\xf8l\xc2\xe1\xf9\x84\x93\xf31'\xfd\
)\xa7\xfd)'\xc3)g\xc3\x19\xc3Y\xc1dV\x92\
\xcf\x8b\xe5\xe3\xf3\xea\x1d\xe8\xaa3\x03\xd6\xe0\xf9n\xa7\
\xbag\x9d\x86\xb5+\x1f\xd7\xcd\xd4+\xe0\x8d\xc1\x1a\xcb\
\xcc\xba\x16\x81\xc5\xa6\x07\xf5\xf6\xd4U\xf3\xe1b,\xa5\
\xad\x9e\xdf\xc2V\x15\xf3\xeau\xb5n\xb1\x90\x1f\xf94\
\xc2\x90F\xe8\xd1L\x02\xf7\x91\x85lv\x12\xf66\x1b\
\xbc\xb5\xdb\xe1\xdd\xfd.w\xf7:\xdc\xdan\xd1i\xc4\
\xa4\xd1\xeb\xf5\xcf\xd5\x02\x93Y\xc9\xa3\xf31\x7f\xf3\xc9\
)\x9f\x1c\x0e9\xee\xcf8:\x9frt>\xe1\xd7\x0f\
\xfb\xdc;\x1c2\x9d\xe6nU\xbdg\xd8\xdfL\xf9\xf1\
\x87[|\xefv\x87\xcdfL|\xc5A\x9a|u\xf3\
\xa2d4-\xf8\xe5\x17\x17\xfc\x97OO9\xee\xcf\xdc\
\xebp6\xe6\xfe\xd1\x88_?\x1cp\xda\x9f2\x9f\xbb\
^\xf40\xf2\xf9\xce\xed\x0e?\xf9p\x8b\xb7\xb6\x1bt\
\xb2`q*X\xbe\xbe\xfe8\xe7d0\xe5\xe3\xc7C\
\x1e\x1c\x8f(KK\x1c\xfa\xf4\x9a\x11w\xb6\x1a\xbc\xb7\
\xdf|\xe5}\xaf\xf2\xfcJ\xeb\xce\x12\xf6'9\xa7\xe3\
99,\xdf\xa8J\x0b\xb3\x9c\xb3I\xced^\xb8\xfe\
s\xdc\xc2\xd0\xbc\xb0\x0cf9\xa7\x93\xb9[\x93\x03\xee\
\x8cl^\xc2\xac$\x08\x0c\x1b\xd3\x82\xa2\xb4\x94\xa5k\
\x13<<\x9b\xf0\xf9\xe3\x01\xf9\xbc\xa0,\xac\x1b\xa0P\
\xf7\xa2\xd7C\x1e\x8a\x12\xdfZ\xde\xdev\x0bF\xefn\
7\xe86\xc2\xa7\xa6\xa5}\x1b\xe5\x85e</\xb8\x18\
\xcf9\x19\xcf\xab\x89pn\x8f\x17\xa69\x8c\xe7\x0c\xa6\
n\x14\xed5l!\xf0\xb5\xbc^\xef\xfa\xaf@\xbdS\
\xa9\x89\xb6\xb1\xe1\x164\xbe\x8f-\x86\xd8\xe9=\xec\xf4\
>v\xfe\x00;\xfb\x1cf\xf7\xb1\xb3\x870?\x80\xfc\
\x04\xec\x10l\x0eu\xf7\x9f\x9dV!\xbeNqWt\
\xa9Xpc\x0e\x0b\xa0\xe4z\xe6\x98\xd67\x5c@9\
w\x13X\x92\x0d\xe8|\x08\x9bw\x5ch7O\x9f\xde\
\xa9{\xe4F\xd3\x9c\xc7\xe7c\x1e\x9e\xba\xea\xf8\xbd\xc3\
>\xf7\x1e\xf7yp<\xe4\xe1\x89\xeb-?\x1bL\x19\
\x0eg\x94\xf3r\xb9A\x80[\x01\x03\xbe_}\x98\x95\
#\x7f\xe3\x9e\xaa\xc2.\x83\xaco\xae\x5c\xcc\xb4\x08\xf8\
/\xe1\xf7M\xddV`=\x0f\x22o\xb9\xb8\x93\xea\x84\
I}\x87V\xfb\x00\xcb\xaaj\x9e\x17nBK\xfdw\
|\xf0#\x9f8\x09\xd8\xea\xa5\xec\xf7Rnnd\xdc\
\xdchpk\xbb\xc1\xdd\x9d\x16\xef\xecw\xd9\xdfh\xb0\
\xdb}v?\xfe\xeb\xc2Z\x18Ns>=\x1c\xf1\xbf\
\xfd\xf5\x17\xfc\x7f\xbf9\xe6\xe0l\xc2h<g>-\
\xaa\x7f\x1a\xf5\xcf\x86\x01\xdfpg\xb7\xc9\xbf\xf9\xf1\x0d\
~t\xb7K\xf3\x1b\x8c&\x94\xa7\xd5\xbb\xf3\xfe\xe5\xef\
N\xf8\x1f\xfe\xfdg<:\x1dst1e6\xc9)\
\xe6Oll\xe2\x1b\xc2$\xe0\xc7\xef\xf4\xf8\xd7\xdf\xdb\
\xe5\xcef\xf6\xda\x1d\x1c\xae\x9b\x93\xe1\x8c_=\x1a\xf0\
\x7f\xfc\xd5\x03\xfe\xe3/\x0f\xc9\xe7%\xed,\xe4\xbd\x9b\
\x1d\xfe\xe5\x0fvyk;Su\xf3\x0d\xe0\x19C\x1c\
zDq\x80\xa9\x7fw%\xc12\xa4{`\x92\x00/\
\xf0\xaa\xe2\x93{\x7f\xf3\x8d\xc1\x0f}\xbc$\xc0\xfa\xd5\
l\xf3\xa0\x0a\xe9~I\x98\x04\xc4\x91O\xe8{X\xeb\
\x0a\x1f\xe3I\xc1l\x9c\xbb\xcb\xc5>\xf8\xdeb\xf6\xbc\
-\xaa\xe2PQ\x12\x18\xf8h\xbf\xc9\x9f\xbc\xb7\xc9\x9d\
\xcd\x8c\xf6+\x9eT\xb2.|\xdf\x10\x85>^\x1c@\
\x12\xba\xd7)\xf4\xdc{R\xd5\xed\xe0G>Q`x\
\xd5\xcb\xbf\xf4\xdb\xf7k3\x18/\x86h\x0f\xe37\xb0\
\xe5-(\xbe\x0b\xc5\x00\x9b\x1f\xc2\xfc\x10\x9b\x1f\xc1\xfc\
\x18\x9b\x9fa\xca!\xb6\x18Ay\x01E\x1f\xca\x11\xa6\
\x1c\x03UE\xdd\x96\x80\xebm\xc7\x14`Jl\xb5\xe1\
\x92\xfd:\xa3B\xbe\x11\x0b\x94\xaem\xc5k\xba\x9et\
\x93\xe0\x9a\xab/\xfb\xf5\x833~\xfb\xf0\x9c\x07G\x03\
\x1e\x9e\x8c8<\x1fs|1\xe1\xe4bB\x7f\xe4f\
+\x0f\xc69\xc3i\xce(/\x99\xe6\x16k<\x08\xab\
\x9f\xf8\xba\x89\xdc\x18W97\xe6\x89\x9d?\xb9\xdc\x22\
o\x0c\xbe\xe7}\xc9\x82\xa6\xe5\xc1\xce+QO\xc1\xc9\
\xedr;\xe1z\x88\xb7\xb5\x18\x0f\xfc\xc0\xa7\x91\x85\xb4\
\x22\x9fv\x16\xd2mDlu\x126\xdb1\x9b\xed\x84\
\xfd\x8d\x8c\xddnJ'\x8bh\xa7\x11\xcd4\xa0\x9dE\
t\x1a1\x8d7`\xbc\x22\xc0\xbc\xb4\x0c's\x1e\x1d\
\x8f8|<d\xdc\x9fR\x94T\xeb\xac\xdd\xa6&i\
\xec\xb3\xbb\x91\xf2\xbd\xb7\xba\xfc\xf3\xef\xee\xf0\x87\xefl\
|\xed\x11\x82r\xb5\xd2\xc24/9\xe9O\xb9\xf7\xb0\
\xcf\xb0?c>\x9eS\xae\xac\xe9\x08C\x9f$\x09\xf8\
\xf0v\x9b\x1f\xbe\xdd\xe5_~\x7f\x97\x8fn\xb4u\xa0\
\xf4\x02Ls\xb78\xf7\x8b\x83\x01\x9f}|J9+\
h7#\x02c8\xbc\xd3\xf9F\x1b\x8e\xca\x1a\xaa\xde\
\xda<\xb7z\xbb\xfa\xda\xca\xd8\x90\xea}o\xb1\x9e\x84\
\x95\x8bxn\xf1ni\x8c\x9b+\xb1\xf2\xfeh<\xb3\
\x08\xf5\x8b:W`\x5c\xa8\x5c\xec`\xbb\xf2^\x94\x97\
\x90\x97\xec\xf6R\xde\xdao\xf2\x93\x8f\xb6\xf9\xc7\xef\xf4\
\xe86\xde\x8c\xf7\x94\x17a\x11G\xea\x22a\x9dE\xea\
]\xa1\xbd\xeau2Wmw\xf8\xf2\xe87\xf0\xd7\xb0\
\xdc (\xc2x\x9b\x10^\x1e\x0dg\xf3\xb3\xea\xe3\xc8\
\x85\xf5\xf9c\xc8O\xb0\xf9\x05\x14\xa7\xd8\xfc\x14S\x9c\
A\xd9\xc7\x96\x13\xd7jb\xf3\xaa=f\x06\xfe\x1cL\
\x0ex\xae\xdd\xc4$\xb8\x12\xae;5v=J p\
\x8bEMR\xb5\xf7\xac<\xa6\xaab\xfc\x9b/\xce\xf8\
\xbf\xfe\xf6>\xff\xf0\xc9\x11\x9f\x1d\xf49\x1e\xcd\x18\x8c\
\xe6\x8c\xc7\xf3\xaa\x95\xa3zn<\xb3\xdc\x5c\xc8\xf7\xab\
_L,~9UOdu\xed\xcb\xff_n\xed1\
UH\xbf\xba\x92\x0e//\x9f[\xcc\xf2\x0cH\xc9\xb2\
*^}x\xa5\xc5\xb7nLV\xe0\xb93\x00q\xec\
\x13\xa7!\xdb\xed\x88\xddN\xc2^7e\x7f3\xe3\xee\
v\x93\x9b\x1b\x0d\xf6{)\xbb\xdd\x94\x8dVL\xe8\xbf\
\xb9\x0by\xdcT\x9f\x92\x8b\xe1\x9c\xc1`\x8a\x1d\xe7\xf8\
\xa1G\x18\x87\x04\xbeG\x12\xf9l\xf6\x12\xbe{\xa7\xcb\
\x7f\xf3\x07\xfb\xfc\xf1{\x9b|t\xa3\xad\x1e\xe8\x17\xa8\
\xb4\xee\x94\xfahRp\xd2\x9fbGs\x98\x15\x84I\
\x88\x1f\xbb\x9f\xbdv3b\xab\x97\xf2O\xbf\xb3\xcd\xbf\
\xfa\xe1.?\xba\xd3\xe5\xee\x15\x93\x95\xe4\xeb\x99\x17%\
\xfdi\xce\xf1\xe9\x98G\x0f\x070\xcb\x19\xb7b\x92N\
\xc2\xf9hF\xf9&\xed\xb2\xfamv\xd5r\xa4E\x7f\
\xa6])D]~_\xbb\xb4\xd5\xc9\xea\xdf[\xb9\xde\
\xfa\xafy^\xb5c\xab\xef-\xbfQ,\xff\x1fZH\
\x02\x8fw\xf7\x9a\xfc\xd1\xf7v\xf8\xa3\xf77\xf9\xce\x8d\
\xf6\xb5M\xf0y-\xd9'>\xb7O|\xdd>\xfb\xa2\
\xaf\x82B\xfa\x8b\xe4e\x980\xc0\xf8-l\xb4\x8f)\
\xa7PV\x0bK\xcb\x09\x94cl\xd9\x87b\x08\xe5\x08\
[\x7f\xcf\xce\x81\x19\xc6\x9b\x83)03\x8b9\xafN\
cy\x1e\xd8I\x15\x82\xaf\xe3\x1f\x99\x01J\x8c\xcd\xb9\
\xea\xc7\xd1Z\xcb'\x07}\xfe\xf3\xaf\x0ex\xf0\xd9\x09\
'\xe7c\xa6\xbeGn\xaa_\x14\xc1J\x95|1\x22\
r\xe5\xf3or\xaf\x0cUH\xff\xa6\x8f\xeb\x05\xabG\
$\xe6U\x8f9\xb6\x9a\xd3\xee\xd1\x8a\x03:I\xc0F\
#b\xa3\x15\xb1\xdd\x89\xd9\xee\xa4lw\x13\xf6\xbb\x09\
{\xdd\x84N\x16\xd3\xce\x22\x1aI@\x16\x05\xa4\x91O\
\x12\xf9D\xbe\xff\xb5\xb6\xc8~\xdd\x84\x9e!\x8b\x03\xb6\
7Rv\xf7Z\xcc'9I\xb5\xd5\xf5N\xdb\xedv\
\xf8\xd1\xad\x0e\x1f\xddj\xf3\x9d\x9bm\xf6\xba\xc9+\xdf\
\xe1\xedM\xe3\x1bC\x1cxt[\x117w\x9b\xcc\xc6\
9e^\xd2l\x84\xf4Z1;\x9d\x98w\xf6Z|\
t\xab\xcdG7\xdb|\xb0\xdf\xa2\xfb\x9aL\x10z\x1d\
\x18\xdc\xdcz/\xf0\xdd\xeft\xc0\x8b|\x82\xd0\x7f#\
F\xa9\x8aSZ7fx:\xc9\xb1\xe3\xbc\xfa\xe2\xe2\
\x9b0\xcd\xb1\xd3\x9c\xa2((\xaa\xf7\x10\xf7\xb6b\x99\
\xcfJ\xe6\x93\x9cr\xb6\xf2\xdeR\x940+\x98\x05\x1e\
\xe3iA^,/_\xe6%LV\xde\xb3\x0d\x18\xcf\
#\x08}nn\xa4|t\xa3\xc5\xbf\xf8\xfe.\x7f\xf6\
\xfd]\xde\xdai\xb8`\xff\xf2\x9f\x92\xb5\x95\x97\x96\xd9\
\xbc\xa4\x98\xb8\xfes\x02\x0f\xf2j\x12O\xf5\xb5|V\
\xb8\x9e\xf4W\x9c\xd2\x15\xd2_ \xe3E@5\xc2\xf1\
\xc9o\xda\x02ksL9\x81r\x82\xb5\x13L9_\
V\xd2\xc91^\x81\xa5\x80\xdcbZ\x17\x10\xde\x03s\
\x0av\x84kA\xb9\xae\x97\xcb\xb5\xbd<k\xa3fW\
,\xb6\x9c\x0d&<8\x1apx:b8\x9cA#\
\x820p!\xdd3\x98\xba\x85\xe5I_y\xc1\x99\xbd\
tD\xebz\xd2\xafnw\xb1\xf0R\x0eq\xeb\xdb1\
\xb8\x19\xc3I\x00i\x10\x92\x86>q\x1a\x10g!\xbb\
\xed\xd8}t\x93\xea#e\xbb\x93\xb0\xd3N\xd8j\xc5\
l4#\xd2( z\xcd7\x1f\xfa\xba\x0c\x10\x07>\
[\xad\x98\x1f\xbc\xd5#\x8e\x03\xf2yA3\x0d\xe86\
#\xf6\xbb)\xb773>\xbc\xd1\xe6\xf6V\xc6F#\
\x22V\x05\xfd\x85\xf3}w\xa0\xf4\xd6N\x83\x9f|\xb4\
\xcdl^`KK\xaf\x11\xb1\xd5\x8e\xb9\xb1\x91\xf2\xce\
n\x93\x0f\xf7[l\xb5bz\x0d\x05\xf4\x17)\x09=\
zY\xc8\xad\xdd&\xef\xbf\xd5\xc3\xce\x0b\xdaY\xc8[\
\xfb-\xb6\xda\xb1*\x9co\x88z\xa3\xa2$\xf4\xc9\x22\
\xdf-\x1c\x8d\xfc\x95*\xba%\x0d}B\xaf\xde8\xca\
T\x9d\x15\xee :\x0b}l=\xa8\xc0\xf7\xdc\x140\
\xc0\x0f}\xe2\xd0\xc3\xf7\xea\xa9on\xf3\xa9,\xf2]\
\x8d\xac:#\xd9HC\xda\xed\x98\x0fo\xb5\xf9\xc7\xef\
n\xf0\x93\xf77\xf9\xf1\xdb]\xd76\xaa\x85\xdf\x97\xf8\
\x9e!\xf4\xddk\x95F\x01&\xf2]P/q\x93x\
\x8a\x928\xf0\xdc\xf0\x8aW\xfc\xd4)\xa4\xbf4\x9e\x1b\
]\xe8\xfb\xe0\xa5\x18\xcae\x0b\x05\xab\xed,\xd6M6\
\x8c\x1f\x83w\x81e\x80\xebY\xbf\xe6\x9f\x94+\xff\x11\
\xbb\xf9\xe7\x9eg\x08\xab\xc5-\x94\x16\xa2e@\x7fz\
[\xd5\xe7\xe1\x9e\x13c\xdcNxWN\x95xYG\
\xb7\xa5;x\xf0}C#\xf6\xd9\xef\xa5\xdc\xea\xb9p\
\xb9\xdbM\xd8\xe9&\xdc\xe8\xa5\xecuS\xb6Z1\xad\
\xd4\x85\xf1\xd0\xf7\x08\xab\xdd\xca\xc2/9\xd8x\x93\x19\
\x03Y\xecsw\xbb\xc1\xbf\xf9\x83\x1b\xfc\xe9Gs<\
ci$\x01\xed4\xa2\x11\xfbdQ@\x16\xfb\xc4\xa1\
\xaf\x09\x17\xd7$\xf2=:Y\xc8\x1f\xbe\xbd\xc1F3\
^\xf4\xb5\xb6\xd3\x88V\x1a\xd0\x88\x03\xb2\xc8'\x8d}\
-`\xbc\x06\xed4\xe4\xed\xed\x06\xff\xfc\x87\xbb\xecm\
\xa6\x14\x85%\x8d|\xf66R\xbe{\xbbC\xf8-\xfc\
\xdd\xf0\xa61\xb8\x80\xbe\xd3N\xb8\xb5\xd3 0\x86\x1c\
\x5c\xf8\xb3`\xddX4\xb6\xb6\x1b\xb4\x1b\x11I\xe8/\
v\x12M\x22\x8f\xad^\xc2\xcd\xbd&\xf9\xbc\x1a\x16\xe1\
\x1b(,v^\x906\xa2\xc5&D\xbe\xef\x16\xa7v\
Z\x11{\xbbM\xb2\xd8\xadw\xda\xef\xa6\xdc\xde\xcax\
w\xaf\xc9\xfb\xfb->\xdco\xd1kD\x04\xfe\x9b<\
\xa1\xfe\x9b\xcb\xe2\x80\xadN\xc2\xf6N\x83\x8b\xc2\xe25\
BL\x15\xd2\xed,\xa7\x9c\xe6lm\xa6t\x1b\xe1+\
o\xbdTH\x7fY\x16\x1b\x1cy_\x9ac\xadu\x9b\
\x19Xo\x80\xadw\xee\xbc\xee\xa1\xe0\x8b^\xf1g\xdd\
\x9fj\xda\xa0q\x8bWL\xddo^\xf7\xc5-\xae\xe3\
\x85\xde\xa1\xaa\xb5\xfd\x8a\x11\x8c+-\xe1\xd7\xae\xb4\x98\
\xd2\xd2\xcc\x22\xeel7\xf8\xa7\x1fm\xf1\xd1\xcd6\xfb\
\xdd\x84\x8dFL\xaf\x11\xd2mFt\xb3\x88F\x1c\x10\
\xbffs\xcc\xaf[\x18\xb8\x80\xf8\xc1~\x93\xbc\xb0x\
\x9e\xdb.<\x89\x02w\x10\xa6\x80r\xed<\xcfU\xea\
\xf6\xbb\x09\xad4p\x13%\xaam\xc6\xa3\xc0\xfb\xbdk\
?\xe4\xf94b\x9f\xfdn\x02\xeflp{\xbbAi\
-\xa1\xef\xd1J\x02v\xda\x09\xbe\x0e\x8c^\x7f\xc6\x1d\
\x8c\xfd\xd1;\x1bt\xd3\x90\xd3\xc1\x8c\x12\x8b\x17x\xcb\
\xe5L\x85e\xb7\x1d\xf3\xe1\xcd6\x1b\xcd\x08\xcf\xb8\xb3\
,\xdb\xad\x98\x9f|\xb0I'\x0b\xdd\x8e\xa3\xd6mf\
dK7\xa21\x89|v:\x0977\x12\xd2\xd0}\
\xfe\xe3w6\x98\x97\xeeg\xab\x99\x06l\xb7bv;\
\x89[\xeb\xd4\x89\xdd\xcf\x95~\xb7^i\xaf\x9b\xf2\x87\
\xefm\xd0\xcdB~t>\xc1\x8f|\x97mJKY\
\x94\x14\xf3\x92\x0fo\xb7\xf9h\xbf\xfd\xca'\xe2(\xa4\
\xaf\xa3\xd2b\x8b\x82\xc5\xdc\xf4K{\xd3]\x8f/\x9d\
\xa1R\x05\xe2\x97\xf6O\xbeZu\x1d|IO\xfa5\
\x1f\xb6,\x95\x16//\xd9HC\xbe{\xab\xcd\x7f\xff\
'\xb7\xf9\x83\xb7{$\x81\xbf\x087\xf5)K\xe5\x9c\
\xa7\xd5oDq\x10-^\xaf\xe7X\xaa \xdf@]\
\xb1k$\x01Y\xb5\xb9J=\xd8E\xaf\xc3\xf5K#\
w\xa6\xa8\xd7\x88.-\x12].\x8e\x7f\x85wN^\
\x08\x03l4#\xfe\xeb\x1f\xec\xf1\xcf>\xdaf^\x94\
n\x91g5\xdc\xac~\x1f\x0d|\x8ff\xe4\xdaW\xbc\
j\xbdN\x1cx\xfc\x9b?\xd8\xe7_}\x7fgQx\
\xaa\xfe\x1a%nMI\xe8{\xb4\x93\x800\xf0\xb8\x13\
dl\xb7b\xfe\xab\xf77\x89B\x8f(\xf0\x08=\xd7\
\x9a\xe1W\xc54\xfdL}\xb9\xb7v\x1a\xecv\x13\xfe\
\xc9w\xb6\xc9\x8b\x12\xbf~\xff\xb6\xf5$hK\x16\xfa\
\xa4\xa1[;\xf6*)\xa4\xaf![MG_,\x06\
\xbf\xeeN\x97/\xbb/\xd6-\x88\xb1\xd6r\x9d3f\
\x9e\xbea\xbe\xfc\x8c\xc3u\xdf\x93E\x07\x8f{\x11B\
\xdf\x90E>\x9d4\xa4\x9d\xb8\x0d!^\xc6V\xde\xaf\
\xb3\xd5\xe7GO\xd5\xab\xb3\xd8\x9e}\xf1\x1fy\x99\x8c\
1\xf8\xd5\x99Ay\xf3\xd4\xff\xbe|\x0f\x1a\x89O\x1a\
\xf9\x94n&\xd8\xa5\x0d\xc6-\xd5\x1e\xe4+g\xae<\
\x03\xc6\xf7h%\xe1\xe2\x00zU\xfd6\xe8\xad\x1c\xd0\
\xd5g\xbf\xb2\xd8\xbf\xf4u\xbd\x1f}u\x8b\xe7\xd0\xfa\
\xd4\x13\x81\xebg\xaf\xce9\xbeaq\xd0\xf3*)\xa4\
\xaf![\xfd\xf7U\x8f\xfe\x01w/\x8a\xb2\xac&\x0f\
\xbe\xa4{\xb4\xb2xt\x1d\xd2\x9d\xc1\x12x\xa6\xea1\
\xf7^\xd8\x9bm\xfd|\x96\xd6.F\xac\x9b\x957s\
\xfd\xd2\x15\x11y=x\xc6\xed\x94\xfd\x8cmF\xbe\x94\
\xa9\xc6*~\xd5\xa6\x0a\x1d\xf0=?\xff5j\xb5T\
H_G\x8b^\x8e\x97\xd6\xd4qu\x81\xad\x9a\xeeR\
\x96\xb6\xaa\xa8_\xe3\x9dxr\xba\x8bg\xb8\xaa]\xf3\
\xe5=3\xd5\xedU7\xf8\x22o\xb3(-\xb3\xbc\xe4\
d0\xa1?\x9eS\x14\x05\xcd$d\xaf\x9b\x11\x85\xbe\
B\xba\x88\x88\xc8\xb7\x98B\xfa\xba\xa9\xc2\xb9}b$\
\xe1\xf5\xdd\x96\xf3\xa5;k\xad\xf6\xde\xbc\xe8;\xb4z\
\xa3\xa5\xc5XK\x10z\xa4q@#y\xf6\xd8\xc2K\
w\xe3e\xa6\xf5\xeay\xf8\xba3ll\xb5\x99\xcc\xbc\
(\x99\xe5n\xf6\xea</\x19N\xe6\x5c\x8c\xe7\xdc?\
\xecs\xd2\x1f\xe3\x19\xb8\xbd\xd5\xa4\x93E\x84\xdf\xb2q\
\x8d\x22\x22\x22r\x99B\xfa\x1aZN/y\x09-/\
vy\x9a\xee\x99\x95[Smsl\xaa\x0b_\xa7y\
A`\xa1\xdbK\xd9\xdb\xca\xb8\xb5\xd1\xb8rS\x95\x97\
5'\xbd\xb6\xdc\xab\xe9\xebo\x0aa-\x9c\x8ff\x1c\
]L88\x1b\xf3\xf8|\xc4\xe3\xb31\x0f\x8e\x07|\
q<\xe0\x8bG\xe7\x8c\xc6Sv6\x1b\xfc\x93\xef\xdd\
\xe0\xc3\xdb\x1b4\xd3\xe8\xeb\x9e5\x15\x11\x11\x917\x88\
B\xfa:Z\x09\xe8/\xa3\x0f\xbc\xb4\xd6\xedb\xf6\x8c\
\x9b*K\xcb<w\x15\xe0i^\xb8\xcb\xbc\x90.\x8c\
\xe5\x95\xd8\xa2\x84\xbc\xc4XK3\x8d\xf8\xee\x9d.\xdf\
\xbb\xd3c\xbb\x1d\x93^\xb5\xb2\xfa\x05\xb7\x9e|9\xbb\
\x08\xe8\x5c\xb1@\xc7Z\xcb\xbcp\xed+\xe3Y\xcex\
\x9a3\x9a\xe6\x0c\xa79\x83\xf1\x9c\x83\xb31\x0fOG\
<<\x19\xf2\xf8d\xc8\xd1\xd9\x88G\xa7C\x0e\xcfF\
\x9c\x1e\xf7\xb1e\xc9[\x93\x1e\xef\xdf\xea1\xcf\xcb\xb5\
X\x8f \x22\x22\x22\xaf\x8eB\xfa\x1a\xaa\xab\xc4\xd7\x9e\
\xcf\x0d`\x0cyi\x99\xccJ\x8ag\xa4\xf4yQ2\
\x9c\xe6\x0c\xc7sF\xe39yi_\xfc\x0c\xbdY\x01\
\x93\x1c/\x0a\xd8\xd8\xcc\xf8\xe7\xdf\xdf\xe5'\x1fn\xd1\
\xc9\xa2+\xb7\x88\x7f\xd9!\xd6T\xbb\xc3]\xf5\xb0K\
\x0b\xa3y\xc1\xe9p\xca\xa3\x931\x0f\x8e\x87\xdc?\x1a\
\xf2\xf9\xe1\x80\xcf\x8f\x06<:\x1bqx>\xe6\xe2b\
\xc2x4\xa5\x98\xcc\x99\xcfs\xf2\xbc\xa0\x98\xce\xc8b\
\x1fc-\xc6\x98\xc5t\x1f\x11\x11\x11\xf9\xf6RH\xbf\
f\x93\xd9\x9c\xc1x\xc6`<\xa3?\x9aqp<`\
<\x9b\xb3\xddm\xb2\xb7\xd1\xe4\xc6V\x8b\xe8\xa9\x0dp\
VC\xda5\xceH7\x06B\x8f\xd3\xe1\x8c\xdf}q\
\xca\xcf?;\xe6\xc6f\x83\x9b\x9b\x0d\x92\xd0g\x9a\x97\
\xfc\xfa\xc1\x19\x7f\xfb\xf1\x11\xbf\xbew\xcap8#\xb7\
\xb8\xeds\xbf\xe6\xa2Fw\xe0Q=\xaa\xd2\xbaMT\
K\xb7SR#\x0a\xe8n\xa7|\xff\xbdM\xfe\xf0\xc3\
m\xfe\xc5\xf7\xf7\xf9`\xbfM\x12]\xbdx\xf2\xba\xf7\
wz\xd2b\x16\xfa3^\x8b\xe3\xfe\x94\x87\xa7c\xfe\
\xeawG\xfc\xfa\xfe9\x07'C\x8e/&\x9c\xf5\xa7\
\x9c\x0d\xa7\x9c\x0e\xa7\x0c\xa6sF\xd3\x9c\xd9<\xa7\xcc\
\x0b(\xca\xe5\xf0yc(1\xe4\x85%\xcf\xdd\xc1\x92\
}\xd6i\x0d\x11\x11\x11\xf9\xd6PH\x7f\x01l5\xf5\
\xc4\x8d\xd2s\x93P\xea\x89(g\x83\x09\x8fN\xfa\x1c\
\x9c\x0eyx\xdc\xe7\xef\x7f\xf3\x88\xf3\xc1\x84\xef\xbd\xbb\
\xc7\x1f|x\x83\xadNv)\xa4\xdb\xe5\x94t.\xa7\
\xd0k\x08\xea\x9e\x81\xc0\xe7l8\xe5\xe3\x07g\xfc\xcd\
\xef\x1e\xb3\xd9I\xf1\x0dt\x1a1\x17\xe39?\xfd\xe4\
\x98\xff\xfd/?\xe3\xd7\x9f\x9f2\x9d\xcc!\x0a\xb8r\
\xe4\xca\xe2\x11\xac\xdc\xdf:\x98\xdb\xfak\xb6\xda \xc8\
\xe2\x95\x96\xa0\xb4\xecl6x\xfbv\x8f\xff\xf6\x8f\xef\
\xf0g?\xdc\xe7\xad\xed\x06\x9d+z\xd1\x97\xd7\xb5\x1c\
U\xb98\x8e\xb9\xb6a(n\x0e\xadw\xc5m\x1c\xf7\
\xa7\xfc\xfc\xde\x19\xff\xeb_|\xc6\x7f\xfc\xc5\x01'\x17\
c\xe6\xb3\x1c\xcary\x87=\xaa\xa4o\xdd\x15\xf9>\
X\xcf]\xa6(\xc13\x14\xd6\x92\x97UHWF\x17\
\x11\x11\xf9VSH\x7f\x01\xa6\xb3\x9c\xf1t\xce\xe9`\
\xc2I\x7f\xcc\xd1\xd9\x88\x93\x8b\x11\xe7\x83\x09\x8f\xcf\x86\
<<\x19p|>\xe6\xe4|\xc4\xd1\xfdcBk\xc8\
\xa2\x90;\xfb=\xf2E\x90[a\x17Ef\x17y\xaf\
+|\x1a7\xd35/K\xfa\xc3)\x7f\xf1\xf3/x\
t:\xe2/\x7f\xf5\x88F\x12\xd2\x1f\xcf\xf9\xed\x833\
\xfe\xe1\x93cN\x06\x13\x08}\x17\xd0W\xef\xcfj@\
^\x0d\x96e\xd5\xafS\xd8\xaajL\xbd\xf5!Q\x14\
\xd0nE\xdc\xece\xbc\xbd\xdd\xe0\x07\xefl\xf1\x83w\
\xb6x\xffF\x9b[\x1b\xd9\xd5}\xe8\x0b\xf6\xe5\x96\xd2\
\xab>t\xcf{\xf6\xa2\xd1\xd1,\xe7t0\xe5\xe4l\
\xccE\x7f\xea\xda\x86B\x0fL}0c\xeb]\xa1\xaa\
\x8f\xaa\x92^Z\x17\xd2\xf3\x1c\x13\x04D\x81G\x14\xf8\
\xf8\xdaqFDD\xe4[O!\xfd+*\xca\x92\xa2\
(\xc9\x8br\xb1\x90r^}\x5c\x0c\xa7\x9c\x5c\x8cx\
t2\xe0\xe1I\x9f\xfb\x87}\x1e\x1d\xf79:\x1br\
t>\xe2\xe8bL\x7f<c8\x9a\x91\x1f\x5c\xb0\x91\
D\xbc\xf7\xc1>\xc3\xf1\x8c\xf2\x19m\x0d\x8b\xe9.\xac\
\xc4\xd0k\xc8m\xa6\xda\x82\xb0(-\xe3Y\xc1\xaf>\
?\xe5\xde\xe1\x80_\xdd;!\x0a}F\xd3\x9c\xf3\xc1\
\x94\xf3\x0b\x17\xd0M\xe0_]N^\xbd\xc3\xf5\xe7\xa5\
+\x1c\x07\xd5.iQ\xe8\x93d\x11\xddN\xc6\xcd\xed\
&\x1f\xdc\xec\xf0\x83;]~\xf4\xce&\xdf\xbb\xbbA\
Rm\x16\xf4\xfb\xb8\x9b\xa9w\xffy\x9e'\xe0\xf2\xc6\
\xa2W_\xc6M\xbe\xb9j\xef\x83y^2\x9a\xe6\x0c\
\xc6n\xc1(A5\x12\xc77\xcbpN\x09\xc6\xedB\
\xe7\x1bC\x10xD\xc6\x10\xf9\x10z\x11\xddV\xcc\xdb\
{\x1d\xf66\x1a\xc4\xa1\xafm\x9dEDD\xbe\xe5\x14\
\xd2\xbf\xa2\xd9\xbc\xe0b8\xe1\xac?\xe6\xf8b\xc4\xc1\
\xc9\x90\xc3\xb3!G\x17C\x0eN\x86\x1c\x9c\x0c8\xed\
\x8f9\x1dL\xe8\x8ff\x8c\xa6s\xa6\xb3\x9c\xbc(\xc9\
\xabby\x1c\x06\x94i\x84I#\xfc(\xc0\xf7\xcd:\
l\xa8\xe9\xc2\xa4g\xa0\xb0L's\x1e\x1d\x5cT\x7f\
4\xcc\x01\xa2\xaa\x82\xfe\x8c\xe4h\xc1U\xcb\xeb*q\
\xfdy\xd5\xd2\x91\xa4!\xed4d\xaf\x97\xb2\xbf\xd1\xe0\
\xad\xbd6\xef\xeew\xf8\xe0V\x87\x1b\xbd\x8c\x8dfL\
\xb7\x11\x91\x06\xde7\xdf~\xb7:n\xb8\xc6n\x97\xc5\
\xb6\xcb\xcfz\xbd|\xcf#\x0c=\xbc\xc8wg\x1bV\
O\x85\x14\x05\xee\x07\xa0\xc4x\x10E>\x8d$\xa2\x93\
\x85\xecuS\xf6\xba)\xdb\xed\x84\x1b\x9b\x0d\xde\xbd\xd9\
\xe5\x83\xdb\x1b\xf4Z\x89\xe6\xa4\x8b\x88\x88|\xcb)\xa4\
\xaf\xc8\x8b\x92\xbc(\x98Ls&\xb39\xe3\xa9kc\
\x19O\xe7\x9c\x0d\xc6\x1c\x9e\x0e9<w\xe1\xfc\xe0d\
\xc8\xd1\xf9\x90\x93\xfe\x98\xb3\xc1\x84\xf3\xc1\x84\xf14g\
2\xcb\xc9KKQ\x02\xd6\xe2y\x1e\x9e\xef\x11\xf8\xee\
\xff\xd3\xc8\x870\xf8\xd2\x85\x97\x8b^\xeb\xaf\xda\x98\xfc\
\xe4X\xc4\xea\xf3\xd5E\x97\xd6\xac~o\xb1\xadg\xf5\
%7\x04\xdcZKY\x94\x8cfyu\x9d\xaeg\x9d\
\xd0\xaf*\xe3\xf5\xdc\xc3\x12\xacq\xd7i\x0c\x9e\xf1\xf0\
}\x8f$\xf2H\x02\x9fF\xe4\xd3\xc8\x22\x1a\xcd\x98\xcd\
v\xcav7\xe5\xc6f\xc6\xcd\xcd\x06\xb7\xb7\x9a\xdc\xd9\
jrg\xbbA+\x0d\x09}\xef\x1b\xed\xac\xe9\xea\xe8\
\xab\xbd6\xe6\xab\x07\xf5E\xf9|\xe5KO\xfe\xc5'\
\x9ez\xe3\x99\xea \xe2\xd9\xb3\xe4/\xff\xd9\x10\xf8\x86\
8\xf0H\xfd\x90,\xf0\xc8b\x8ff\x1a\xd2n\xc7l\
\xb4\x13\x17\xcc72v;)\x9b\xed\x84\xedN\xcan\
/c\xb3\x95\x90\xc6\xc17?`\x11\x11\x11\x917\x82\
B\xfa\x8ay\x9e3\x18\xcfx|\xd2w\xad+\xc7}\
\x1e\x1e\xf7ytt\xc1\xc3\xa3>\xf7\x8f.8\x1fL\
\xb9\x18M\x19N\xe6\xcc\xf2\x82\x12\x8bg\x0c\x81\xe7\xc2\
f\x18\xf8\x84\x8b\xc0\xe8\xc2\xaf\xf1\xdcd\x10,\xf8\xbe\
\x87\xf5\xa0\xa8f\x93\x7f\xe3\xae\xea\xab2\xdc\xca\xed>\
y\xf1'ok\xf5\x12\x160\xbe\x01\xaf\xae\x06?q\
\xf9\xc2b\xcbr\xd9\xbeaq-\x1d\x81O\x10\x1b\xd2\
$d\xbb\x93\xb2\xd7\xcb\xb8\xbb\xdd\xe4\xcev\x8b\xbb;\
-nm5\xb8\xb9\xd1\xa0\xd3\x88\x5c(\x0f<\x22\xdf\
#|\x9e\xcay}\xe7VC6<s\xf2\xca\xb3,\
2\xba1_\xe1@h9\x1b\xdd<\xfd\xb4\x02P\x94\
nFz9w\xbd\xe6&\xf2H\xd3\x90\x8dV\xcc\x8d\
^\xca\xcd^\xca\xed\xad\x8c[[\x0dnm6\xd8\xef\
e\xectR\x9aiH\x12\x06\x04\xbe\xc1\xf7]\xab\x8f\
\xef\x19|\x05t\x11\x11\x91o=\x85t`6w\x15\
\xf3_|z\xc0\xcf?~\xc4\x17G.\xa4\x1f\x9f\x8f\
\x5c\xa5\xbc?\xe6b\xe8\xc2\xb9\xebEwS\x5c\xc0U\
X\x8dg\x96\x0b\x0b\x8d\xb7\xdc\xf8\x06\x96\xd5\xeaj\xfe\
\xf5SI\xef\x19\x19\xd13+\xbb\x7f>9\xe0\xe5\x99\
\x99\xb2.\xa5\x9bK\x17]\xbd}\xcb\xca\xcd^\xca\x80\
+\x7fo\xa5\x9f\xdc.z\xa9\xab\xcbx\x06/\xf0H\
C\x9fF\x1c\xd0NBZ\x8d\x98V3a\xab\x9b\xb1\
\xd5M\xd9\xed\xa6\xect\xdc\xc7V'e\xab\x95\xd0k\
Ft\x1b\x11q\xe8\x13\xbd\x84\x16\x8e\xafS\x957\xcf\
\x9cG\xfe\xc4\x93\x5c\x9d-\xa8G0>K\x1a\xf9l\
\xb7c\xbe\xfbV\x8f,\x0d\xe8v\x12\xb6\xbb\x09{\xdd\
\xc4=\x1f\xed\x84\xcdV\xc4F+\xa6\xd7\x8c\xe9d\x11\
\xad\xc4\x1d\xb0\xf8\xde\xef\xef\xc1\x17\x11\x11\x91o\x1f\x85\
t`2\xcb99\x1f\xf1\xff\xfe\xecS\xfe\xe7\x7f\xf7\
w|q\xdc\xe7\xf8|\xc4dV\xb8\xcd{\x00\xdf7\
\x04\xbeO\x18\xf8\x04\x81O\x1a\x06\xf8\x9e\x87\xf1\x96\x01\
\xd7M\x19\xfc\x92\x90X'e\xe3\x01f\xa5\x07e\xc9\
\xe0\xc2\xbe\x0b\x84\x97C\xb7\x81\xcb\x01{\xe5sw\x10\
\xf0\xe4\x05\x9e\xbc\xe82\xb0\xf3\xc4\x9fm\xdd\xceR\x96\
\xd5X@\x8b\x1b\x8a\x8e\xab\x98\xc7\x01~\x14\xd0m\xa7\
\xecod\xdc\xd9nrw\xa7\xcd\x9d\xed\x16\xef\xeew\
xg\xaf\xc5V;\xa1\xd3\x88\x08}\xff%T\x83-\
\x18[U\xb9\xed7\xda_\xc9\xe5\xef'\x9e\x13{\xb9\
w\xc8b\xdc\x82Os\xf5fF\xcd$\xe0\xe6f\x83\
?\xfe\xce.?xo\x93\xf7\xf6Z\xdc\xd9nps\
#\xa3\x9dF4b\xfd3\x13\x11\x11\x91\xafG\xe9\x01\
\xd7\x8b>\x98\xcc8>\x1fqp2`8\x9ea-\
$Q\xe0B\x5c\x15\x9a}\xcf\xb8\x1es\xcf[TU\
\xebn\x89\xdf\x17\x10\x17!\xd9\x18J`<\xcb\x99\xcc\
\xe7\xaeb\xbd\xa2(K\xce\xfa\x13\xb7]|\x7f\xcch\
\x96c\x03\xdf-\xee\xac\xae\xc3\xd5z\xaf\xbe\xc5\xab\x8e\
\x13\x167U\x8dv\xb4e\x09\xe5J\x15\xbd:\x1b\x10\
%.Xv2W\xf9\xed\xb5\x126\xbb\x19[=\xd7\
7\xbd\xdb\xcd\xd8\xeddt\x9b1\xed4\xa2\xd3p\x1f\
i\xe4\x13x\xdesM&)J\xcb,/\xb0\x16<\
\xcf\x10x\x86\xe0\x19\x13_\xae\x1a\xc0\xf8\x8cv\xf3\xaf\
\xc4<\xf5I\xf5\xc7\xaa\xb0\xee\x197\x95\xe5YO\xfb\
F#\xc6\xdf3l4\x22\xf2\xd2\xd2m\x84\xb4\xd2\x90\
f\x12\x12\x05\xaa\x94\x8b\x88\x88\xc8\xd7\xa7\x90\x8e\x0b\xe9\
\xa3\xe9\x9c\xfeh\xcaY\x7f\xcc\xbc(\xf1\x0c\xc4Q@\
\xe0\xbb\xb1\x83\xcb\xc9\x1e\xcfX\x8c\xc9\xe5\xaf?\xa5\xaa\
\x8a\x1b\x03\xc6\xf7(\x0d\x5c\x8c\xa7\x9c\x0d&\x0c's\
ZYA\xe0{\x14e\xc9p2\xe7\xc1Q\x9f\xcf\x0e\
\xce9\xbd\x183\x99\x17n\x87Oou\x81e\x1d\xd4\
\xeb\x9b]\xad\x93/Y\x00k\x17\x97\xb5\xab+L\xad\
\xc5\xc3e\xff\xc0\xb8\x9e\xe8 \x0cH\x92\x90V3f\
\xab\x93rc\xb3\xc9\xad\xad&77\x9b\xdc\xdenp\
k\xab\xc9v'e\xb3\x95\xd0\xc9\xa2\xe7\x9e@R\x96\
\xd6\xf5\xe6\x17n\x13\x9fyQ2\x9d\x15\x5c\x8c\xe7x\
\x9eqU\xe8$xfH\xbf\x1c\xd3\x9f\xe8F\xff\x1a\
U\xf5\xc5\xe5.m\x90\xb4r\x1dUw\x92\xb7\x98\x93\
\xfe\xf45\xb7\xb3\x90v\x16r{\xab\xf1\x15oUD\
DD\xe4\xcb)\xa4\xb3\x9cK\xee\xfb\x1eI\x1c\xe0\xe7\
%\xa5\xb5n\x22\x8bg\x9e\x1a\x9eR\x87\xc2'+\xda\
O\xb7\x91W\x0bG\xab\xed\xe4\x8d\x810\x0a(\xad\xe5\
\xb3\x83s~\xfe\xc9c\xfe\xe1\xd3C\x8a\xa2do\xb3\
\xc9i\x7f\xc2\xfd\xa3>\xff\xf7\xdf~\xc6\x7f\xf8\xe9g\
\x1c\x9e\x0e\xc8\x8b\x12\xe3\xfbn\xba\xc8\xea\xed\x99*.\
\xd6m.\xf6\xf2\xed\xd7\xbb\xa0b\xdd\x16\xf3\xb6~\x90\
\xd5\x99\x00?\xf0\xc9\x92\x90N#f\xb3\x95\xb2\xd5N\
\xd9\xdd\xc8\xd8\xdbh\xb0\xb7\xd1d\xaf\x97\xb1\xdb\xcbh\
g\x11\xcd$$K\x02\xb28 \x09\x03\xa2\xf0\xc5\xf4\
RO\xe6\x05\x17\xa3\x19'\x83\x19\xc7\xfd\x09\xf7\x8fG\
<8\x19\xf1\xc5\xf1\x88\x9dn\xca\x9f~w\x8f\xb7w\
\x9bO\xb5\x8b,\xc6\xb1?\xb1\x5c\xd4\x18s)\xa0\xbf\
\xd0\xad\x8e\x9eh?\x12\x11\x11\x11\xb9N\x0a\xe9\x00\xb8\
 \xeb\xe1*\xca\xf5\x9aI\xaf\xee9_ii\xb9\x5c\
i\xad\x17\x81^5\xcboY\xe1\xae;%\xa2(`\
\x96\x17\x1c]\x8c\xf8\xc5gG\xfc\xfb\x9f\xdd\xe3\xe8|\
\xcc\xdb\xfb]\x0eN\x87|\xf2\xe8\x8c\xff\xf0\xb3{\xfc\
\xdd\xc7\x8f\xe9\x8ffn\x88\x8a_W\xf2W\x82bU\
\xe6\xad\xab\xe5X\xb0\xe5bx#\x16\xe32\xb91\x8b\
\x89*\xb1\xef\x91\xa4!i\x1a\xd1\xc8\x126\xab\xb1\x7f\
{\xbd&\xfb\x1b\x8d\xea#c\xb7\xdb`\xb3\x9d\xd0m\
D\xcf\xbd\xb8\xd1ZKi\xdd\x9c\xf9i^0\x99\x17\
Lg\x05\xe3y\xc1\xe9`\xc6\xc1\xf9\x98\x87\xa7c\x1e\
\x9e\x8c\xb8w0\xe0\xf3\xc3!\x0fOF|t\xab\xcb\
\xfb7\xda\xecv\x93+\xaew\xe5yXYh[\x1f\
\x0c\xd9/m\x08\xaa\xafd\xb5\xa9\xbf\xee\xe8_\xbe\x9e\
\xc6._A\xcf\xb8\xd6\xfc\xb5\x98k/\x22\x22\x22o\
<\x85t\xaa\x8c[\xba\x89-v1\x06ee1\xe2\
Ju\xd6\xe0\xe6\x83\xaf\xb6B\xb8E\xa0vQ\xd5\xbe\
\xd4|\xf2Dh\x8fB\x1fc\xe0b8\xe5w\x0f\x8e\
\xf9\x9fF3nn\xb7\xb9\xb5\xdd\xe6\xf0|\xcc\xe3\xb3\
!_\x1c\x5cp6\x98\x90{\xee\xa0\xa1\x9e\x1eSE\
\xd0\xc5!\x81\xc5U\xc8mi\xdd\xce\xa5\x85u\xdb\xcd\
W}\xf4\xf8>q\x1c\xd2\xca\x22\xb6\xdb);\xdd\x94\
\x1b[-\xf67[\xdc\xd8lrc\xb3\xc9\xfefF\
\xaf\x99\xd0m\xc4D\x81O\x14\xba\xad\xe9\xc3j\xb6\xfb\
\xf3\x86\xd2\xa2\xb4\xe4E\xc9Q\x7f\xc2\xe3\xf31\x0f\xcf\
\x5c \xff\xe2x\xcc\x83\xd3\x11\xf7OF\x1c\x9eO8\
:\x9f0\x19\xcc\x98\x0c\xe7\xccf%;Y\xcctV\
,\xa6\xe8<\xe9Yu\xed\xfa`\x88'\xbeg\x9f\xf1\
\xfdz}\xe8\x93W_\xbf\x9e\xc6\xda\xcb\x07d\x8b9\
\xe9\x22\x22\x22\x22\xd7O!\x1d\xc0\xd6\x01}\xa5Q\xa5\
n\x9dxFJ5\x8b\xd9\xd9<\xbd\xe2\xf0Y\xa9v\
\xa5\xe5\xc57\x86\xd2\xb3x\x9ea8\xc9\xf9\xf4\xd1\x19\
'\x17c\xee?:\xa7?\x9d3\x9c\xcc\x99Ls\x0a\
k\xf1\xc3`9=\x86z\xb1\xa7\xbd\xdc\xcaR\xdd\xd7\
\xc0\xf7I\xa2jDb\x1a\xd1j\xc44\x1b\x09\x1b\xd5\
8\xc4\xfd^\x83\xbd\x8d\x06\xdb\xdd\x8c\xcdv\xc6V;\
\xa5W\x8d\x04L\xa6\xb3\xa5q\x00\x00\x18rIDA\
T\xa3\x80$z\xbe\x1f\x05k-\xb3\xbcd:/\x18\
\xcfr\x06\x93\x9c\xfex\xce\xf9h\xc6\xc5p\xc6\x17\xa7\
#\x1e\x9e\x8e88\x1b\xf3\xf8l\xc2\xe1\xf9\x84\x93\xc1\
\x8c\x93\xe1\x8c\xfe$g8\xcd\xb1\xb3\x02\xe6\xee4\xc6\
\xdc\xae\x1c4=\xf5\xfc\xaf<\xef\xd5kp)\xa0?\
\xb1v\xe0\x89\xbd\x9b\x96\x7f\xcf\xda\x95\xab\xa9\x0f\xbe\xaa\
*z\xd5NT\xae\x1e\xb0]\xb1\xe3\xa8\x88\x88\x88\xc8\
\x8b\xa6\x90\x0e\x94@a\xcbja\xa5]t\xb0\xac\xe6\
\xc0E\x85\xfc\x89\x15\x8a\x97+\xb3\xcfXXx\xa9+\
\xc3\xa5I\xcf\xf3\x88\xc2\x80\xa2\xc8\x99\xcds\x8e\xcf\x86\
\x9c\x9c\x0e\xdd\xe6:\xbe\xc1\x0f\x02\x02\x7f\xb9\xeb\xa4\xb5\
P\xe2\xaa\xe5eQR\xe6\x97g\x98\x87q@\x1c\x05\
l\xb6Sv\xba\x0dn\xef\xb4\xb8\xb3\xdb\xe1\xad\xdd6\
7\xb7\x5c+\xcbn\xaf\xc1v'#\xa86\xcc\xa9\xc7\
<z/(xZ\x0b\xe3i\xce\xc9`\xca\xc1\xf9\x98\
\xcf\x8f\x06||0\xe0\xde\xe1\x80\xcf\x0f\x07<<u\
\x15\xf3\x8b\xd1\x9c\xc9\xacp\x8f\xc3Bi\x0d\xd6s\x1f\
\x84\x81\xfb\x89,-&r\x0bv\xbf\xb4g\xe5\x89\xe7\
\xf6\xa9n\xa0\x95\xcb]\x1aM\xff\xf4\x18\xf4\xc5\xe7\x97\
\xc6\xd2\xaf\x1e\x84\x99g-\x19\x15\x11\x11\x11\xb9\x1e\x0a\
\xe9\xb8*pQ\x94\xaee\xa4^\x14z\xa9rjV\
\x02\xbaY\x99I\xbe\x5c\xb6h\xbc\xea\x02\xab\xbd\xe2\xf5\
%\xea\xeb\xc2]\xb1\xefA\xe0y\x04\x81Ga}l\
\xe9*\xbae\xf5\xfd\xd2B\x99\x17\x97&\x8f\x98jW\
\xcaF\x14\x91F\x01\xad$\xa2\xdd\x88\xe96\x13z\x9d\
\x8c\x8dN\xc6^\xaf\xc1N\xaf\xc1V'e\xb3\x9d\xd2\
k\xc6\xb4\xb3\xd8\x8d\x03L#\xb28\xbc\xbc\xd1\xd27\
x\x9e\xca\xaab>\x98\xcc\xe9\x8f\xe6\x5c\x8cf\x9c\x0d\
g\x9c\x0e\xa7<>\x1b\xf3\xf8|\xec\xaa\xe5\xe7\x13\x0e\
/&\x9c\x0e\xa6\x9c\x0ff\x0cg9\xe3Y\xe1v\xe6\
\xacv+5\xc6\xe0\xc3\xa2\xd9\xbb\xac\xfb\xea\xabpl\
K\x9e\x1aQyI\xd5\xd6S\xb7\xa2<km\xe7S\
Uu\xaa3\x12\xab\xaf\xcd\xd3\x17Y\x1c\xa4\x19c0\
\x16\xd7\xd3\x1f\xfaWnh$\x22\x22\x22\xf2\x22)\xa4\
S\x85\xcfr\xd9\xeeR\x07;\xef\xd2\xee\xa0\xab\xed/\
O\x8e\xfc3O}\xbe\xb8\xc4\xa5\xa0o\x16\xd5t\xb7\
9\x92GaY\xb4\xac\x94UoyQ\xd6\x0bY\xed\
\xa2E&\xf4\xddx\xc4\xcdv\xcav'co\xb3\xc9\
\xcdmW1\xbf\xb5\xd5r\xbd\xe6\x1bM\xb6;\x19i\
\xe4?\xf7x\xc4'\xe5EI^\x94L\xf3\x92\x8b\xd1\
\x8cGg#\x1e\x9e\x8cxp4\xe4\xb3\xc3\x01\x9f\x1d\
\x0dxp<\xe4\xd1\xe9\x88\x93\x8b)\x83\xc9\x9cy\xee\
\xaa\xe5\xc6Z<\xdf\xc7\x0b<|\xdf#\x0c\xaaq\x92\
\xab\xcf\xaf\x85\xbc\x84\x02\x8b\xb5%\xc0\x95\xed.\xee\xd9\
\xacT\x01\xdd\xbf\xd4\x16T]\xc6[\x06\xedK\xd7c\
\xea\xf1\x94<\xbb\x15fqE\xee\xf97\x9e!\x89|\
\xb2\xe8el\xd2$\x22\x22\x22\xa2\x90\xeeX\xaa\x90\xbe\
\x5c\xf4i\x16\xb3\xd1\xab\x96\x93E\xe66\x97B\xdf\x22\
\x10\xd6\xe5Xs\xe9\xc2\x8b\xean\x1d\xd0\xebJ\xac1\
`\xcb\x92|\x96/*\xf8\xb6Z\xa0\x98\x84\x01i\x1c\
\xd2\xcc\x226Z\x09\xdb\xed\x8c\xadn\xc6V\xaf\xc1^\
\xaf\xc9\xdeF\x83\x9dn\x83^+\xa1\x99F4\xd2\x90\
F\x12\xb9\x11\x89\x91\x7f-[\xcd\xdf?\x1a\xf0\xe9A\
\x9fO\x0e.\xf8\xfch\xc0\xc3\xb31\x87\xe7\x13\x8e/\
&\xae\xef|4c8\xcd\x19\xcf]\xb5\xdcT\xd3d\
\x16\x87+\x9e\xc1\x98\xd5E\xb0\xf5\xf3\xe5\x9aL\xac\xbb\
\x08\xd6\xb8>\xf0/\xab\xf6\x1b\xc3\xa2e\xc7\xfd\xb9\xae\
\x88\x9b*\x80\xdb\xc5K\xe1-^\xaf\xc5\xd1\x90\xbb\x12\
\xbbZQ_\xd9\x0c\xb6\xba\xbf\x85\xb5\xe4\x85\xc5x\x90\
F>\xb7\xb62\xde\xd9m\x90i\xf7P\x11\x11\x11y\
\x09\x948p\x01mu\xe1\xe8\xb2\xc8\xbb\xac|/[\
\x93\xcd\xa2?\xd9\xba\xa4W\x05\xf1e\xc5\xbcn\xa5\xb8\
|\x1b\xee\xab\xa5u\x95{\x17 !0\xe0\x05>\xa1\
\xef\x13\xc5\xaeZ\xdem\xa7l\xb43\xb6z\x1976\
\x9a\xdc\xaa\xaa\xe4\xbb\x1bMv\xabv\x96^3Y,\
\xf6\xfc\xa6\xed+\xb5\xa2,\xc9\x0b\xcb\xbc(\x99\xe7%\
\xf3\xbc\xc0\xf3\x0ci\x14\x10\x05\x1ea\xe0\xf3\xf9\xd1\x80\
\xff\xf4\xebG\xfc\xedo\x0f\xf9\xed\xc3\x0b\x8e\x873.\
\xc6s\x06\x93\xbc\xaa\xfc\x97P\x85p?\xf0\x08<\x7f\
9\x1d\xa6>\xd0Yi\x07\xaa\x0f\x86\xac\x9b\x97\x885\
\xd5\x94\x1d\x03\xd6\xd8\x95Y\xefO\x97\xd2\xeb\xbcmY\
>\xef\xcb\xdd@W_\xacj\x13\x22\x03\xb64+\x13\
\x17\xab1\x8dU{\x8d\x85\xc5\xc4\x1eS]\x7fi\xdd\
T\x9aN\x16\xb2\xdfKyw\xb7\xc9\xdd\xed\x06Y\xfc\
b\xcfP\x88\x88\x88\x88<\x8bB:UOz=)\
\xc5[\x86\xf3KA\xbd\xb6Z\x09\xaf+\xc1\x8b\xae\x8d\
:\x8cr\xa9B[Z(\xcb\x92\xa2,)\xcbz\xf3\
$\xeb\xaa\xe5ID\xaf\x95\xb2\xd5m\xb2W\x8dG\xbc\
\xb9\xd5bo\xb3\xc9N\xafA\xb7\x99\xd0N#\x928\
 \x09}\xa20 \x0e}\xc2\x17\xb8\xdd\xfcxV\xd0\
\x1f\xcd8\xeaO8\xba\x18sp:\x22\x8b\x03\xde\xbb\
\xd1e\xb7\xeao\xff\xfch\xc0\x7f\xf9\xed!\x7f\xff\xdb\
C\x1e\x9e\x8c(\x02\x9f\xd2\xb8\x96\x9d \x00c\x82\xe5\
\xd9\x82\xd5\xb3\x10\xf5*\xdc\xd5\xe7oe\x81\xad\x0b\xc8\
U\xa5\xdbsg(\x8a\xc2PX\x98U\xad?O*\
\xade2\xcb\xc9\x8b\x92\xc5xD\x7f\xb5\xc5\xc8[\xdc\
\xe6\xa5\x9e\xf3\xd5]\xa9\xaa\x19\xf2\xc67+\x9b#\xb9\
v\xa3\xbc(\xc9\xf3\x92\xa2\xb4\xdc\xddn\xf0O?\xda\
\xe2\x87w\xba\xdc\xda\xc8HC\x85t\x11\x11\x11\xb9~\
\x0a\xe9\xb8\xd0W\x14\xe5b&\xb71+\xdb\xc0\xafN\
lY\xa9\xd4\xd6_+\xb9\xdc\xd3^\x87\xf2:\x0fz\
\x9eG\xe0\x1b\xfc\xd0U\x96\xe30 \x89B\xb2\xd8-\
\xe6lg1;\xbd\x06\xbb\x9b-vzMv\xba\x0d\
vz\x19\x9b\xed\x94N#!\x8d\x03B\xdf{!\xd5\
\xf2\xa2\xb0\x8cf9\x93i\xcex\x963\x99\x15\x8c\xe7\
9'\xfd\x09G\x17\x13\x0eNG<:\x1b\xf1\xe8t\
\xc4\xfeF\x83,\x0ei$!\x9b\xc0`<\xe7\xf0b\
\xcc\xc9`J\x7f2'\xca\x0cA\xe0\xe3U\xbb\xb2\x1a\
\xe3]j9\xa9\xeb\xd2\xcf\xda\xfci\x11\xde\xeb\x8ax\
UA\xf7\xaa\xbf\x93\x17\x96\xf1\xac\xe0\x8b\x93\x11\xc7\x83\
)yQ\xe2\x19Ci-\x83i\xce\xc1\xd9\x84/N\
\xc6\xf4\xc79a\xe8\x11\xfa\x86`\xb5\xc5g\xe5\x80\xa9\
\xfe\xb4\xdepu5\xa4\xd7\x95\xf3\xb2Z\x10[\xd4\xf3\
\xe6\x0d\xf4\x9a\x11\xbd,\xe4O\xde\xdf\xe4_~o\x97\
ww\x9b\xb4\x92\xf0\xb9^\x03\x11\x11\x11\x91\xafJ!\
\x1d\xaa\x89%\x05y5\xe1\xc5\xf3\xdc.\x9fO\x8e(\
\x5c\xb6W\xb8\xaf\xbb\xb9\xe5U\xbbH^\x92\x97\xd6U\
\xcb\xab4\x18\xf8\x1eI\xe4\x91\x84\x01\xddV\xcaf+\
ew\xb3\xc9\xdef\x8b\xbd\xaa}eo\xa3UMb\
I\x5cU\xba\xfa\xf0\xabQ\x89\xcf\x1b\xcekyQ2\
\x99\xe6<8\x1e\xf0\xe8t\xc4\xa3\x93!\x8f\xceF\x1c\
\x9c\x8dxt2\xe6\xe0l\xc4\xd1\xc5\x98\xd3\x81[\xf4\
\xf9\xa3w\xb6\xf9\xee\x9d\x0dnm5\x01\xf0<7\x8b\
\xddOB\x82yA\x1c\x07\x84\xbe\xbfl\xffY\x09\xc6\
\xce\xea\xa6K\xf5\xc1\x0e\xae%\xa6*o?\x19\x9c\xad\
g\xa0\x04\xaf0\x5cL\xe6\xfc\xc3\xbd3\xde\xd9n2\
}\xb7 \xf4=\xf2\xd2\xf2\xe0d\xc4/\xbf\xb8\xe0\x17\
\xf7\xfb\x1c\xf7g4\xe2\x800\xf0\x09\xfc\x95\xca|\xb5\
*t\xd1\x86\xc4\xf2\xb6\x9e|:\xad\xb5\xd8\xdcR\xe4\
nQ\xac\x01\xd2\xd0\xe7\x9d\x9d\x06\x7f\xf2\xc1&\xff\xfa\
{\xbb\xfc\xe9G\xdb\xa4\x91*\xe8\x22\x22\x22\xf2\xf2(\
\xa4\xe3\xc6!\xa6qH\xe8{\x8bV\x94\xb2\xb4\xf8\xc1\
r\xb4_=\x1e\xb0,\xcbjD\xb9\xad\xe6|\xb3\xa8\
\xa0\xa7Q@\x14\xfadiD3\x8d\xe9d1\x1b\xed\
\x94\xcdN\xc6V\xa7\xc1V5*\xb1\xd7J\xe84\x13\
:\x0d\xf7\x91\xc5n\xa1\xe8\x8bP\x96\x96\xf1,g8\
\x99s1\x9a\xd2\x1f\xcd\xe8\x8ff\x9c\x0d\xa6\x9c\x0e&\
|q2\xe4\xf1\xf9\x98\xa3\x8b1g\x83\x19\xe7\xc3)\
\x17\xe39\xfd\xf1\x9c\xe1$g2\xcf\x17\xbb\x84\x96\xe5\
\xca\xb0B\xe3\x16\xd3\xfa\xbeG\x10\xf8\x84\x9e;\x88X\
n\xd4\xc4S\x93p\x16\x95r\x96\x0b8\xeb\x95\xb4\xb6\
\xba\x18P\x1f\xfdTa\x1e\xd2\xd80/,\x9f<\x1e\
\xf2\x9f~sD\x14z$\x91Oi\xe1\xe3\x83\x01\xff\
p\xff\x82\x87gcfEI\x12\xba\x85\xb2\x9e\xb7\xd2\
\xb6R]\xdf\xea\xb8\xc9Ep\xc7,\xaa\xe6E5\xb1\
\xc6\x03\xe2\xc0\xa3\xd7\x08\xd9j\xc5\xbc\xbd\xd3\xe4\x07w\
\xba\xfc\xd1\xbb=>\xbc\xd1\xa6\x93E/\xe4\xb5\x11\x11\
\x11\x11\xf9\xaa\x14\xd2\x810\xf0ig1Q\x18`\x81\
\xa2\xb0\x18\xe3*\xb1\x8b\xad\xe0\xad].\xb0\xacCl\
\xd5\x1e\x13\xf8\x1eQ\xe0\xd3\xcc\x226;\x0dnn\xb5\
\xb9\xb9\xdd\xe6\xe6V\x9b\xdb;mn\xeft\xd8\xee6\
\xd8hgDU\xdb\xcbu)J\xcb\xc5h\xc6\xc3\x93\
\x01\x9f\x1d\x9c\xf3\xd9\xe3>\xf7\x0e.xp4\xe0\x8b\
\xe3!G\x83\x09\xfd\xc9\x9c\xf1tN\xbe\x98\xff\xe8a\
\xaav\x11c\x0ci\xe4\x93F\xae:\xbd\x98F\x83\x0b\
\xda\x81\xe7>|ouR\xcd\xf2\xf3\xd51\x95\xb0\x1a\
\xd2\x97_\xb7\xd6\xb8\x99\xf0p\xf9,\x05\x06\x0f\xd7\xe3\
^X\xcb\xbd\xe3\x11\xe3y\xc1\xef\x1e\x0f\xc8bW\xb5\
\xbfw4\xe6\xa8?e4+\xf0<\x8f\xf8\x89\x9dR\
/OZ\xacg\xda_\x9ej_\x14\x90\x97%\xb3y\
\xc1tV\x90E>\x8d8\xe0\xeeV\x83\x1f\xdc\xed\xf2\
\xcf>\xda\xe6\x07w\xba\xbc\xbf\xd7$\xbc\xc6\xd7JD\
DD\xe4*\x0a\xe9@\xab\x11\xf3\xd6~\x8f\x1f\x7fx\
\x93\xe3\xf3!\xf7\x1f\x9fs|>\xa2,a^\x16\x8b\
\x0ar#\x8d\x5c\x159p\x0b8\xb38\xa4\x95\xc5n\
\xe1gU%\xdf\xac*\xe6\xddfB3\x8di\xa5\x11\
\xcd,r\x95\xfa\xc0{!\x9b\xe1\xe4E\xc9h:\xe7\
b8\xe5\xf8b\xc2</(-\xdc\xdei\x91\xc5!\
\x7f\xf9\xab\x87\xfc\xd5\xaf\x1f\xf1\xcb{'\x1c_\x8c\x19\
\xcf\x8bE\x0f\xfa4w\xf18\x0a}\xc2\xd0,\xfa\xc4\
\xc1,z\xb2\xcbj\xfc\xe0<w}\xec\xab<c\xf0\
\xbdeK\xcer\x9a\x8aYLb\xf1V*\xeau\xc5\
\xbc\x1e\xf2R\x07\xf5\xc2.+\xf4\xcb\xcb.\xab\xe9\xd6\
\x1aJ\xcf2\x99\x17<8\x19/&\xc5\x8c\xa6%`\
\x88C\x7fQ\xc1\xaf\x0f\x00\xea\xa9/\xe5\xe2\xffn\xde\
<v\x19\xd3\xa9\x0e4\xbaiHg#e\xa3\x11r\
k\xab\xc1\x9d\xad\x8c\xbb\xdb\xee\xff7726[\x91\
\x9b\x18#\x22\x22\x22\xf2\x0a(\xa4\x03Y\x12\x91D\x01\
?|o\x9f\xd9<\xe7\xa7\xbfy\xc8\xef\xee\x1f3\x9e\
\xe6\xe4\xa5u\xb3\xcb\xe3\x90,\x0di\xa6\xb1\x0b\xdfY\
L\xaf\x95\xb0\xd5i\xb0\xbf\xd9\xe2\xc6V\x9b\x8dvJ\
\xb7\x95\xd1J\xa3\xa7*\xbc_\x97\xad6\xf2)\xab\x0a\
~QTSG\xca\x92\xf1\xd4-\xf6|x<\xe0\xd3\
G\xe7\xcc\xf2\x02c\x0ca\xe0\xb1\xbf\xd9\xe4\x17\xf7\x8e\
\xf9\xf3\x9f\xdd\xe7g\x1f\x1f2\x9e\xe5\xa4iH\x18\xf8\
\x84\x9e\x8f\xf1]\xa0\x0d\x02\xbf\xaa\x80W;\xfeXC\
Q\xb8\x89&\xd6\xba9\xe4\xabSj\xa0^\x08k\x08\
\xfc\xfa\xc3[\x8eW\xb4\xcbp\xec-\x16\xd8\x9ae\x86\
\x87\xc5\x99\x09\x8b\xeb=\xb7T\x8bEW[`X\x99\
M\x8f%/-'\x83\xd9\xe2\x1e\x84A\xdd\xaf\xefU\
\xb7\xbb\xbak\xa8\xa9f\xdd/\xefu\x1d\xe0\x03\xbf:\
\xb8\x08<\x1a\x91\xcfF\x16rw3\xe3\x9d\x9d\x06\x1f\
\xdcl\xf3\xee~\x8b[\x1b)\xdd\xaa\xb5E\xf9\x5cD\
DD^%\x85t\x96SX\xde\xde\xdf\xa0\x95\xc5\xbc\
\x7f{\x9b\xc7\xa7CF\xe3\x19\xf3\xa2\xaa\xdcFU\xaf\
y\x12\xb9\x8d\x83\xd2\x90$\x0a\x89\xa3\x804\x0aH\x93\
\x908\x0c\x88\x02\x9f\xe0\x05\x8cG,K\xcb4/\x18\
\x8cg\xaeb~>\xe6\xe8b\xc4\xe3\xb31\x87\xe7n\
\x91\xe7\xa3\xe3!_\x1c^\x90\xc6!\x9b\xdd\x8cw\xf6\
\xbb\xec\xf6\x1a.\xfc\xfa\x86,\x09\x09B\x9f,\x0d\xf1\
=\xb7`s\xd1\x8f]U\xcc\x0bJ|\xe3\xfa\xcb\xe3\
j&z\x96\x04\xeco4\xe86b\x92z\xc1\xa4\x01\
\xcfs\xe1=\xf0<\x82\xaa'\xddx\xcb\xe97\xab\xfd\
\xf9\xcb^\xf5\x956\x18X\xb4\xd5xU0_,8\
5PZ\xf7\xb5\xe5\xa0\x16C\x08\xb8v\xfd\xea{\xc6\
\xb8\x09\x8b\xd5\xed\x95\x16\xf2\xa2z<\xe0F+\x02\xa1\
\xef\x11E>\xad$\xa0\x95\xba^\xf3\xadV\xc4v'\
a\xa7\x1d\xb3\xddJ\xd8nGl\xb7bZiH+\
\x0d\xb4Q\x91\x88\x88\x88\xac\x0d\xa5\x12X\xb4Mlt\
\x1at[\x19{\x9bm\x86\xe3Y\xd5\xb7]b\x81(\
\xf0\x17\x81<\x8e\x02\xe20\xa8\xda=\xbe\xb9:\xd0\x16\
E\xc9\xbc(\x99\xcer\xa6\xf3\x82\xe9\xbc`<\x9d\xd3\
\x1f\xcd8\xe9\x8f9<\x1bsp:\xe4\xf1\xa9\x9b\xcc\
\xf2\xf8b\xcc\xf9p\xca\xe9\xc5\x84\xe3\xb3\x11\x9b\x9d\x94\
yi\x19Lfn\xa3$\xe3\xfa\xe4\xe3\xc8\xc7+\x0c\
QU5\x070U\x95\x1c\xdc\x82\xd9 \xf0\xc9\xa2\x80\
F\x14\x90\xa5\x11\xad,b\xa3\x9d\xf0\xe1\xad\x0dnl\
6i\xc4!\xe5b\xf3%C\xe8{\x84\xc1r\x0a\x0d\
^\xd5\xfb\x8dY\x8c\xa3\x5cT\xc4=\xb3(\xc5\x9b\xd5\
P^W\xbc\xcd\xb2\xcc\xee\x16|\xd6!\xdd\xacT\xb2\
\xebI0\xab\xf3\xcc\xc1\x96\xcb!\x8f\xbeW\xcdk\xf7\
\x0dq\xe0\xd3\xa8\xc3y\x16\xb0\xddN\xd8i'l\xb7\
cv;1\xbb\x9d\x84\xedvB\xaf\x19\xd1\x8c\x03m\
N$\x22\x22\x22kI!\xfd\x09\xc6\xb8\xf6\x978\x0a\
\x16\xb3\xcf\xdd\xd7]x\xf4V\xfe\xff\xbc\x5c\x8bH\xc9\
p\xe2\xa6\xac\x1c\x9c\x0c98\x1drx:\xe4\xf0l\
\xc4\xe1y\xfd1a8\x991\x99\xe6L\xe6\x05\xf3j\
\xc2\xcc</\x09B\x9f4\x09i\xa4n:\x0df\xb9\
\x905\xf0<\xe6+SZJ\x0ba\xe0v\x12m\xa5\
\x11\xddf\xc2F3a\xb7\x9b\xb1\xd3\xc9\xd8\xec\xa4l\
uR\xf6z\x19[\xd5&Fq\xe0Q\x14%\xd6\xd6\
3\xdf\xdduGa\xd5r\xb2\xf2<x\x98\xc5\xee\xa1\
\xf5s\x06\xae\xda]\x8f\xb3\x5c\x9d\xa1\xbe\x0c\xec\x96\x12\
\x8b\xc1s\x95w\xaf\xde\xd1\x95\xc5\xe5\xdd\x86P\x96\xa2\
\xfe\x7f\xbd)\x14\xb8P\x9e\x86l\xb6bv:17\
\xba)\xbb]\x17\xcc\xf7{){\x9d\x848\xf4\x88\x03\
\xcf\xed\xa0Z\x8f\xb9\xf4\x9e\xff5\x14\x11\x11\x11\xb9\x0e\
\x0a\xe9O\xa8\xfb\x97\xafs\x02Km^\x14\x0c\xc7s\
~\xfb\xe0\x84\xbf\xff\xe41\x8f\xabp~\xda\x9fp>\
\x9c2\x1c\xcf\x18L\xe7\xf4'\xf9\xa2_\xbc\xae,{\
U\xf58\xac\xa6\xc5\xb8\xb9\xed.\xc0\xfa\x9eG\x12\xfa\
4\x93\x904\x0eh5b\xd28 \x89\x02:\x8d\x88\
n3f\xb3\x95\xb2\xd1J\xd9h%\xf4\x9a\x09\xbdf\
L;s\x9b+u\x9b\x11i\x14\x10\xf8\xdeb\x1c#\
\x80_\xf5\xbdG\x81\x0b\xean\xf2\x8d\xb9\xd4\xb7\xbe\xba\
\x90\x14\xaa\xa0]U\xcd\x8d\xc1\xb5\xc7\xacL\x7f\x81\xba\
me\xf9\xf5:|/\xae\xc0\xd4\xb7]=\xe6\xc0'\
\x0e}7\x95%\x09\xd8l\xc6l6#\xb6\xaa\x8a\xf9\
f+\xa2\x97E\xb4\xb3\x90^#\xa2\x93\x85+\xd3e\
DDDD\xd6\x9fB\xfa+4\x9d\x17\x1c]\x8c\xf8\
\xab_}\xc1\xff\xf2\xe7\xbfd0\x9a1\x1c\xcf\xa8\x07\
\xaaD\xa1\xdb\xd13\x0a}\x88|\x5cOv\xbd`\xd2\
2\x9b\x17\x94\xa5\xc5\x18S\x85iWa\xf6\x8c\xa9\x02\
\xb9\x0b\xe7\xfb[M\xf66\x1a\xec\xf52nn\xb9]\
M\xb7\xbb\x19\x9d,\xa6\x99\x84\x8bq\x8an!i\x15\
\xa4\xab\xfbh\xab\x1evp=\xe9\xee\xc0\xe0r%\xba\
nAY\xf4\xa0W\xed,\xa5\xb5\xcb\x19\xea\xd5\xf7=\
\xbf\xda\x9d\x14\xb7[ki-\x9e5\xd58K\xaf\x0a\
\xec\xf5\x0e\xae\xcb\xbf\x17\x04\x86$\xf2\xe9d!\x1b\xcd\
\x98\xbdn\xca\x8d\x8d\x94[\x1b){\xbd\x94\xddNB\
'\x0b\xc9\xa2\x00\xcf\xb0\xd8\x84ju3*\x11\x11\x11\
\x91\xd7\x85B\xfa+T\x96n\xcc\xe1x\x9a3\x1c\xcf\
\x99\x17%^\xd5\x8a\xe1y\x1e~=\xa7\xdcxXS\
\xef\x9a\xe9\xca\xcc\xc63D\xa1\x8f\xef{l\xb4\x12\xb6\
:)Y\x1c\x10\x87>\xef\xdd\xe8\x12\xfa\x1e\x93YN\
3\x8d\xd8\xede\xb4\x1bu\xa5<\xa2\x91\x864\xe2\x88\
8\xf4\x89\x02\xefK+\xcc\xf5\xe6@\xc6\x80\xef\xb9*\
zQ\xba\xbf\xe7\xd5a\xbe\xaa\xe2\x9bE\xf5\xdc\x5c\xfa\
{u\x95\x1f\xb8\xb4\xd0\x14k)\xeb\xadG\xab\xaf\x86\
\x9eG\x1a\xba\xc7\xe6*\xe5!\xcd$\xa4\x93\x85t\x9b\
n\xa1\xe7F3\xa6[U\xc8;\x99\xfb~3\x09\x88\
COs\xcdEDD\xe4\x8d\xa0\x90\xfe\x0aY\xbb\xb2\
\xb3\xa7u\x9b*EQ@\x18\x06x\xbe\xeb\xefv\xb3\
\xbe\xa1\xa4\x1a\xc9XZ\xac1\xd5\xacv\x17\x96ol\
5\xb9\xb5\xdd\xa2\x95\xb96\x95\x0fn\xf5\xb8\xbb\xd3&\
\x8e\xdc&M\xbdf\xb2\x0c\xfc\xdf\xe4~\xe2\xaa\xd9\xbe\
\xef\xda]\x8a\xd2\x12\xfa\xee bu\xcey\xfd\xff\xba\
\xb2\xeez\xd1Y\xec\x06\xea\x1e\xb3Y\xb4\xc0\xb8\xda\xb9\
\xbb\x90o]+K\x1c\xf8di@\xaf\x11\xb1\xd5r\
\x8b<w:\xcb\x8f\xbdnB7\x8b\x88\xc2\x173s\
^DDDd\x1d)\xa4\xaf\x81\xc0\xf7H\x93\xa0\x1a\
\x8b\xe8\xbef\xabE\xab\xbe\xe7\x11\x84\x1eq\x1c\x90\xc4\
\x01\x8d$\xa2\x95\xc6t\x1a1\x9d\xa6\x0b\xe0\xdb\xdd\x94\
\x9dn\x83\xdb;m\xd28`\xbb\x93Q\x94n\xeaI\
\x14\xf8nT\xe27\xbcon\xa2\x8b[l\xda\x88C\
.\xfc\x19\xb9W\x12\x05Onf\xc4\xb2\xd5\xa5>\xa0\
\xa8\xdbU\xea?\xb3h1\xc7\xf7\x0dIu\xa0\xd1J\
B\xb7\x905\x8b\xe86\x226[1\x1b\xcd\x88\x8d\xa6\
k\xc7\xc9b\xdf\x8d\xb9\x5c\xd9\x09U\xf1\x5cDDD\
\xded\x0a\xe9\xafP\xbd\xd0\xd3\xabZW\xea\xb4\xebW\
#\x0e\xfd\xaa\xb7<\x8bC\xda\xcd\x98v3f\xb3\x95\
\xb9\x05\x9fm\xb7\xe8s\xa3\x9d\xd0\xce\x5c+\x8b\x1b\x8d\
\xe8\x16U\xbe(\x9eq\x15\xeeN\x16\xb1\xddN\xe9\x8f\
f\xe4\x85]\xb4\xe4\xd4\xed..\xab?\xa3\xdd\x05W\
-7\x9e\xb7X4\x1a\xf8\x1eI\xe4\x16\xb6\xb63\x17\
\xca\xb7\xda\x09\x9b\xcd\x84\xcd\x96[\x04\xdaiD\xb4\xab\
\x895\x9e\xa6\xb0\x88\x88\x88\xc8\xb7\x8cB\xfa+dK\
K^\x14\x94\xd6\xe2\xfb\x1e\x8d$\xa4\x91D\xb4\x9b\x09\
\xedF\xb4hU\xd9h\xa5t\x9a1\xddfB3\x8d\
h$n\x07\xd1(\xf0\x09\x83\xe5\xdc\xf2\xeb\x98^b\
\xaa\xc9*76\x1a|\xe7vw1;\xbe\xa8\xc7S\
V\x0bCWoy\xf1\xb9\xe7\xe6\xaaG\x81\xe7\xfa\xc6\
\xd3\x90V\x16\xd1\xc9\x22z\xcd\x98\x8d\xaa\xbf\xbc\x9d\x85\
\xb4\x92\xb0\x9a\x1a\xe3\x1eO\xe8\xbb\x0fu\xb4\x88\x88\x88\
\xc8\xb7\x91B\xfa+\xe4*\xe8\x01[\xdd\x8c\x0fno\
\xbaq\x88\xad\x94^+\xa1\xd3Lh\xa5.\xa8w\x1a\
1\x8d*\x9c\xc7\xa1O\x18\xbc\xbc\x0dx\xea\xe0\xbf\xd3\
M\xf9\xf0f\x8f\xf1,'\x89|\xceG3fyI\
a\xab\xcd\x8cV\xa6\xa9x\xf5\xa8\xc6\xd0\xed\xe2\xd9\x88\
\x03z\xd5b\xcfv5\x1a\xd1U\xca\xdd\xe7I\xf8b\
\xab\xff\x22\x22\x22\x22\xaf;\x85\xf4W(\x0a|\xba\xcd\
\x84\x0foo\xd1m&lW\x1b\x0a\xb5\xb3\x984\x0a\
\xf1<\xe3\xc6#z\x06\xcf\xf3\x16\xa3\x05_\x85\xcdV\
\xe2v[\x0d}\xf6{\x0d>?\x1ap>\x9a1\x9e\
\x17\x8b9\xe8\x81\xe7\xaa\xe0q\xe0\xe6\x97\xd73\xd9{\
\x8d\x84n3\xa4\x9dF\x8b\x09,\xbe\xe7-\x1e\x9f\xaa\
\xe5\x22\x22\x22\x22\x97\x19[o\xa9)/\xddl^0\
\x9a\xce\x19M\xe7\x8c\xa79\xcd\xd4\xb5\xbb\xc4\x91O\xe8\
\xaf_e9/J\xce\x873N\x87SN\xfa\x13\x86\
\x93\x9c\xf1\xbcX\x8cZ\x0c<\x8f \xf0\x88\xab\x9e\xf3\
4v\x95\xf4,\x0eI#\x9f$\xf2\xf1\xab\x1d[E\
DDD\xe4j\x0a\xe9\xf2\x8d\xcd\x8b\x92\xe9\xbc\x9e\xd9\
\x02\xbeg\xdc4\x9a\xe7\x18\xf7(\x22\x22\x22\x22jw\
\x91\xe7\xe0\x1bC\x1cxUD\xb7\x8b]K\x15\xcfE\
DDD\x9e\x8f*\xe9\x22\x22\x22\x22\x22kF{\xa8\
\x8b\x88\x88\x88\x88\xac\x19\xb5\xbb\xac\xb9\xafr\xa2\xe3\xab\
\xceG\x7f]O\x9a<\xcf\xfc\xf7\xdf\xf7\x98\xafc\xb6\
\xbc\x88\x88\x88\xc8\xf3R%]DDDDd\xcd\xa8\
'\xfd%\xd1\xd3\xfc\xe6Q\x15^DDD\xae\x8b*\
\xe9\x22\x22\x22\x22\x22kF=\xe9\xcfa\x9d\xab\xe3O\
\xde7U}_<k\xedS\xcf\xab\x9ew\x11\x11\x11\
y\x11\xde\xf8v\x977\xfc\xe1]\xe9E>nc\xcc\
\x97^\xdfj\x10\xfd\xa6\xb7[_\xc7\xb75\xe4~[\
\x1e\xa7\x88\x88\x88|5jw\x11\x11\x11\x11\x11Y3\
o\x5c\xbb\xcb\x9bZ9_}\x5c_\xa5\xeazUe\
\xfayo\xfb\x9b|\xffE\xf8\xba\x8f_DDD\xe4\
u\xa6J\xba\x88\x88\x88\x88\xc8\x9ay\xa3z\xd2\xd7\xe1\
\xa1\x5c\xd5S\xbd\x0e\xf7\xedM\xf4\xbaW\xd5_\xf7\xfb\
/\x22\x22\x22\xd7C\x95t\x11\x11\x11\x11\x915\xf3\xda\
\xf5\xa4\xab\x22\xfd\xfa\xfb}c\x0bEDDD\xbe\xed\
^\xbbv\x97\xd7\xec\xee\xca\xb7\xd4\xb3\xda\x9c\xd4\xda\x22\
\x22\x22\x22_\x95\xda]DDDDD\xd6\xcckW\
I_\xf5\x1a\xdfuyI\xbej\xf5\xfa\xabn\xd6$\
\x22\x22\x22\xf22\xa8\x92.\x22\x22\x22\x22\xb2f^\xeb\
J\xfa\xb3\xbca\x0fGP%[DDD\xbe}T\
I\x17\x11\x11\x11\x11Y3\xaf\xdd\x08\xc6\xe7\xb1\xae\x1b\
\x0b\xbd\x88\xfb\xb5\xae\x8fm\xd5U\xf7Q\x95r\x11\x11\
\x11\x91\xcb\xde\xb8v\x97W\xe9M\x1c\xb7\xf7u\x1f\x93\
\x02\xb8\x88\x88\x88\xc8\xf3S\xbb\x8b\x88\x88\x88\x88\xc8\x9a\
Q%]DDDDd\xcd\xa8\x92.\x22\x22\x22\x22\
\xb2f\x14\xd2EDDDD\xd6\x8cB\xba\x88\x88\x88\
\x88\xc8\x9aQH\x17\x11\x11\x11\x11Y3\x0a\xe9\x22\x22\
\x22\x22\x22kF!]DDDDd\xcd(\xa4\x8b\
\x88\x88\x88\x88\xac\x19\x85t\x11\x11\x11\x11\x915\xa3\x90\
.\x22\x22\x22\x22\xb2f\x14\xd2EDDDD\xd6\x8c\
B\xba\x88\x88\x88\x88\xc8\x9aQH\x17\x11\x11\x11\x11Y\
3\x0a\xe9\x22\x22\x22\x22\x22kF!]DDDD\
d\xcd(\xa4\x8b\x88\x88\x88\x88\xac\x19\x85t\x11\x11\x11\
\x11\x915\xa3\x90.\x22\x22\x22\x22\xb2f\x14\xd2ED\
DDD\xd6\x8cB\xba\x88\x88\x88\x88\xc8\x9aQH\x17\
\x11\x11\x11\x11Y3\x0a\xe9\x22\x22\x22\x22\x22kF!\
]DDDDd\xcd(\xa4\x8b\x88\x88\x88\x88\xac\x19\
\x85t\x11\x11\x11\x11\x915\xa3\x90.\x22\x22\x22\x22\xb2\
f\x14\xd2EDDDD\xd6\x8cB\xba\x88\x88\x88\x88\
\xc8\x9aQH\x17\x11\x11\x11\x11Y3\x0a\xe9\x22\x22\x22\
\x22\x22kF!]DDDDd\xcd(\xa4\x8b\x88\
\x88\x88\x88\xac\x19\x85t\x11\x11\x11\x11\x915\xa3\x90.\
\x22\x22\x22\x22\xb2f\x14\xd2EDDDD\xd6\x8cB\
\xba\x88\x88\x88\x88\xc8\x9aQH\x17\x11\x11\x11\x11Y3\
\x0a\xe9\x22\x22\x22\x22\x22kF!]DDDDd\
\xcd(\xa4\x8b\x88\x88\x88\x88\xac\x19\x85t\x11\x11\x11\x11\
\x915\xa3\x90.\x22\x22\x22\x22\xb2f\x14\xd2EDD\
DD\xd6\x8cB\xba\x88\x88\x88\x88\xc8\x9aQH\x17\x11\
\x11\x11\x11Y3\x0a\xe9\x22\x22\x22\x22\x22kF!]\
DDDDd\xcd(\xa4\x8b\x88\x88\x88\x88\xac\x19\x85\
t\x11\x11\x11\x11\x915\xa3\x90.\x22\x22\x22\x22\xb2f\
\x14\xd2EDDDD\xd6\x8cB\xba\x88\x88\x88\x88\xc8\
\x9aQH\x17\x11\x11\x11\x11Y3\x0a\xe9\x22\x22\x22\x22\
\x22kF!]DDDDd\xcd(\xa4\x8b\x88\x88\
\x88\x88\xac\x19\x85t\x11\x11\x11\x11\x915\xa3\x90.\x22\
\x22\x22\x22\xb2f\x14\xd2EDDDD\xd6\x8cB\xba\
\x88\x88\x88\x88\xc8\x9aQH\x17\x11\x11\x11\x11Y3\x0a\
\xe9\x22\x22\x22\x22\x22kF!]DDDDd\xcd\
(\xa4\x8b\x88\x88\x88\x88\xac\x19\x85t\x11\x11\x11\x11\x91\
5\xa3\x90.\x22\x22\x22\x22\xb2f\x14\xd2EDDD\
D\xd6\x8cB\xba\x88\x88\x88\x88\xc8\x9aQH\x17\x11\x11\
\x11\x11Y3\x0a\xe9\x22\x22\x22\x22\x22kF!]D\
DDDd\xcd(\xa4\x8b\x88\x88\x88\x88\xac\x19\x85t\
\x11\x11\x11\x11\x915\xa3\x90.\x22\x22\x22\x22\xb2f\x14\
\xd2EDDDD\xd6\x8cB\xba\x88\x88\x88\x88\xc8\x9a\
QH\x17\x11\x11\x11\x11Y3\x0a\xe9\x22\x22\x22\x22\x22\
kF!]DDDDd\xcd(\xa4\x8b\x88\x88\x88\
\x88\xac\x19\x85t\x11\x11\x11\x11\x915\xa3\x90.\x22\x22\
\x22\x22\xb2f\x14\xd2EDDDD\xd6\x8cB\xba\x88\
\x88\x88\x88\xc8\x9aQH\x17\x11\x11\x11\x11Y3\x0a\xe9\
\x22\x22\x22\x22\x22kF!]DDDDd\xcd(\
\xa4\x8b\x88\x88\x88\x88\xac\x19\x85t\x11\x11\x11\x11\x915\
\xa3\x90.\x22\x22\x22\x22\xb2f\x14\xd2EDDDD\
\xd6\x8cB\xba\x88\x88\x88\x88\xc8\x9aQH\x17\x11\x11\x11\
\x11Y3\x0a\xe9\x22\x22\x22\x22\x22kF!]DD\
DDd\xcd(\xa4\x8b\x88\x88\x88\x88\xac\x99\xff\x1f-\
\xe5?\xa13\xfd\x0a\x10\x00\x00\x00\x00IEND\xae\
B`\x82\
\x00\x00\x08\x83\
\x89\
PNG\x0d\x0a\x1a\x0a\x00\x00\x00\x0dIHDR\x00\
\x00\x00\xdc\x00\x00\x00\xc8\x08\x03\x00\x00\x00\xb4\xc3\x7f>\
\x00\x00\x00\x8dPLTE\xf8\x99\x1d(\x8a\xcb\xed\x98\
.\xc5\x94dv\x8e\xa6X\x8c\xb7\xf6\x98\x1f7\x8a\xc5\
\xf4\x98!\xa5\x92\x82h\x8d\xaf\xba\x94o\xf3\x98$\x8f\
\x90\x94\xcf\x95XE\x8b\xc0c\x8c\xb2Q\x8b\xbb\xc0\x94\
j\xea\x972\xb0\x93x\xe5\x97:\x95\x90\x8f}\x8e\xa2\
\xa8\x92\x7fJ\x8b\xbe\xd2\x96Tq\x8e\xaa\x9f\x91\x86\xe1\
\x97A\xe8\x977\xb4\x93t\xdd\x97F\xd9\x96K\xca\x95\
^\x9a\x90\x8b\xd6\x96P\x83\x8f\x9e\xd0\x95X\x89\x8f\x99\
\xac\x93}\xc8\x95a\xbc\x94m\xeb\x980\xb3\x93v\x8a\
\x90\x97s\x8e\xa8_x\xac/\x00\x00\x07\xb1IDA\
Tx\x9c\xed\x9d\xe9b\xaaJ\x0c\x80\xc9\xb0Y\x16q\
\x07\xc1\x05\x5c\xaa\xf6\xb6}\xff\xc7\xbb\x93\x01\xbbh\xa8\
\xe5\x1c[\xa2g\xbe\x1f\x02\x91\xb6I3\xcc@\x92\x19\
\x0cC\xa3\xd1h4\x1a\x8dF\xa3\xd1h4\x1a\x8dF\
\xa3\xf9\x11\x96y\xdb\x1a\xfc\x1c\xa9\xdb%\xa4\x9b_\xd7\
\xe3G\xc8`p.\x5ce\xf2\xa3{\xbb\x16\xee\x93@\
m=X\x96\x82\xe0\xf1\xed\xbb<\xb2\xe5\xb1\x0dq\xd1\
\x86f\x7f\xcf\xc2\x05;\xc5\x9d\x0c\x92R\xb2\x84\xf8\xe8\
\xaa\x19D\x86\xf1\xe8\x02P-\xf6\x06\xc8=p\xe7\xb8\
c\xc1\xba\x94\xd8\x00Y\xf5\xe5\x12\xa0c\x18\xf38n\
I\xb9\xbf\xa6\xb3\x7fV\xdb\x1d\xbc\x94\x82\xf1\x0e\xd2\xea\
\xbb\x15\xc0\x02\xb7\xa2\x0d\xc5\xae\xc9\x04\xde\xfc\x93\x1fw\
\xe6\x009q\xea-Q8\xf89\x03\xef\xec\x9b\x0e@\
\xd9\xbbt~W\xa3+\x12\xc7\xd8_\x8e\xa0_\x1e:\
i\xea\x1c\xbf\xb2\xc1\xc4M\xbeSG\xf3\x99\xf9\xfb\xda\
\xfd%S@\xdd\x07\xe0\x96\x87\x0f\x00\xde\xb1\xbb\x8c\xcb\
\xf1a\xa7\x1c\xb8\xe8\x03\xacJy54\xc8\x7f\xca\xfc\
WUm\x8c\x98\xaa\xae\xfe\x11`\x8c\x87\xb9\xec\xf9\xc1\
\xad\xac\x9b\xa8\xf1!p!T\x07\x00V).G\x8d\
\xf4\xc1H3\xeaW2b\xde\xc3\x8e2\xafF\xb3\x1d\
 \xd5\x98\xb7\x87\x19n& \x07s\xe1z3\x00\xa1\
\x0e}\x94\xae\x5c\x7f<=\xbfP\x991\xb4{Rw\
(\x9b`\xac<W\xb5\xb6\x81r\x991\x060\x0c_\
z6T\xa3\x84\x0b\xd5\xb0\x9f\x9bD/\xc4\x8d\xd9\xd4\
@\x95{~\xb7\x9b\xae\xf6\xd2\xba\xed\xc14\xcdC\xb7\
\xbb\x84\xd7.b\xf7\xb1;\xb5C\x0b&\x1b\xf1\x08\xee\
\xa1\xbb)R\xd7-V\xfc\x8ds<\xe99\xa3\x07_\
\xf0\xaanW\x08\xb6m+\x7f\x89\x04&\xf2\xf3\xf5\xa8\
\xaf5\x8a\xcel\x90\xb7f\xc2:\x1e\xb8\x1f6\xdc\x07\
\x07\x1f\xd45\xb41\x15]y\xc3\xb58\x94\xfbf\xba\
\xaav\xd458\xcc_ 1\xcd\xa2P\xa2Ug\xe3\
/M\xe7\xc2/o\x8d9\xf6\xfdN\xf2\xfd\xb6\x95G\
Q\xf0\x93\x0a]\x93\xc4\xdd\xfaK\x0f`:\xfe\xde\xf9\
\xf3\xfe\xf1\xc9\xe1\x16\x18\xa8\xeblz\xf1I\xdbQ\xfe\
2#\x88\x16?\xaf\xd4\xf5\x18/g\xa3\xcb\x0f4\x09\
\xbc>$\x99\xfc?\x10\x91\x88\xdb\xe7q2\xc5\xee\xf1\
\xb9m=~\x08\xa7\xf0\xfdo^\x9a\x1a\x8dF\xa3\xd1\
h4\x1a\xcd=\xe3\xec,\x82a\xdbj]\x87\x01\x15\
\xdcz\xa1\xce\xec\x98M\xc4\x1c\xe8\xd8\x84m.\x91\x0a\
\x18\xeem*\xda0L\xec2<\xcd\x112,99\
;\xad\x08]\x80\xe8\xac\xb1nh1\x13\x82>\xe5\xb8\
\x93\x90I0\xc8\x94\xfc\xe1[b>\xec)\xc7}n\
f\xc3\xa4\xfa\x07D\x82\x14O\xb9f\x97\xc5y\x90\xf9\
\xc4\x08\xd5\x1eK\x12Z\xbc\xffm\xa5\xbf\xcb\x8cr\xdc\
\x07#\x0e\xd6\xbb\xb8/h1\xd7x\xed\x82r\xdc\x9b\
\x11\x9d\xa7OI\x92Q%\x0e\xfcOb\xb6\xa1\xb15\
\xe5\xb8J[1\xfa<H\xd8\xc1Wb~\x8c]8\
\xa7\xd4V$\xd3\x13\xf9\xf2\x0b1GB\xcaq\x98\x1a\
\x1e>\x9c\xb5W\xb4y8;\x17s\xad\xe6\xc8)\xdb\
z\x8e\xb18\xb7\x01=\xb4X\x13b\xbfm#\xea\xd8\
R\xc6\x99\xc6\x13\xd5\xcb\xd8\x81O\x8a\xb9:nC\xd9\
\x96\x19#J\x0c>9\xda\xf3u\x9cEi\xdb\xed\x92\
F\xd8+Z\xcc\xd5q\xa4\x15V\x87\xce\xff\xfb\xd4\xb3\
\x03\xe3\xd4VFi\xbb!\x9f\xee\xc0~\x22\xc5=\xae\
\x99q\x93\xd2vKw2\xe0\xc77\xe58\x87l~\
y\x87\x1a\xd6\xc1\x16\xa4\x98\xad\xe3|J\xdb\xd0(h\
\x0f\x91\x1d+[\xc7\x05dpaL\x07TzN\x8d\
\xb8m+jx\xa6\xb4]\xd78t@\xc7\x22\xb8:\
NP\xc1\x05\xac\xc7\xa0\x8c\x93\x1e\xaa\x11\xf3$\xa1<\
\x81\xa1\x90\x03\xed!\xaak\xe5Z\xfd\xf5_mpa\
L{\x88\x10\xb3\xadI$\x83\x0be(\xe4\xbc\xa3\x19\
\xd0b\xae\x8e[P\xa3V\x15\x0ay\xa0\x1cG\x88\xd9\
:nB9\xaez\xa2>{8/\xfb\xc4\xf9\xa9\x98\
\xab\xe3\xce\x14E\xde\xee\xefO\x9a\xec\xd1CkZ\xcc\
\x8e\x17\xcaqo\x83V\xe0\x91\x1e\x12=R\xcc\x8d\x82\
\xb2\xcd{\x1f\xb4\xc6\x1f\xcd\xf0.\x89\x99A\xde\xf7\x1f\
>\x9c >\xc4\x8d\xcc\x8bbV\xa4\x94m'\xf3;\
\xd2\xd8\xa5<\xf4&f;\x1d\x84\x0e.\xb4\xad\xd5u\
 c!\x96hF\xdbF\xd4\xe1Q\xc65\x84kw\
B\x87H\x1a\xb2j\xdb\x0a\x9a\x9a\xd8V3^\xdb\xb6\
\xa2\x06\xf2Y\xb4)\xe9\xe5\xbf\xd3\x06dp\xa1)\x5c\
\xa7(\xd1\x91\xf2\x860\x9d\xf5/Nsk\x7f\xc2\xae\
m+j8{(\xfb\x13\x98\xce\xc4\x1dR\xc1\x85\xa6\
\x9c\x97\xdf\xf0\x80L\x807\xe4\xb4\xfc\x86\x0bd\x02\xbc\
)\x5c\xab\xbc\xc8\x04xC\xb8Vy\x91\x09\xf0\xa6$\
\x97\xffN+\xec\xae`\x1b\xd7*\xaf\xe2\x0a\xb6\xbd\xd5\
\x10q\x83\xce\x1e6\x83k\xb1\x10\x9d\xc6o\x08\xd7\xd2\
\x052\x01\xde\x90\x1e\xd7\xd2\x85\x86q\x04\xb2\x11s\x0d\
y5\xa4\xa6\xfc\xe6> \x1d\xc74\xb8\xd0\x14\xba\xfc\
\xa6m\xad\xae\x04]~\xd3\xb6V\xd7\xa1\xa6\xfc\xe6.\
\xa8)\xbfi[\xad\xebPS~s\x17\xd0\xe57L\
\x83\x0bM\xa9+\xbf\xb9\x07j\xcbo\xee\x01\xb2\xfc\x86\
kp\xa1!\x97\xe7\xf6\xdc0_\x94\xdf\xdc<_\x95\
\xdf\xdc<_\x95\xdf\xdc:t\xf9\xcd\x9d8\x8e,\xbf\
yj[\xab\xebPP\xb6y\x5ckF\x1bR3\xb7\
\xe7.\xf8N\xf9\xcd\xcd\xf2\xcf\x95\xdf\xdc\xec\x02\xe3'\
\x90\xe57L\x13\xe0M!\xcbo\xb8&\xc0\x1bB\x97\
\xdf\xe4m\xabu\x1d\xfe\xbd\xe0\xc2\x9d,\x8fH\x96\xdf\
\xdcKp\x81*\xbf\xe1\x9a\x00o\x0aY~\xc3v\x99\
\x93f\x90\xe57\x5c\x13\xe0M!\x83\x0b\x5c\x13\xe0\x0d\
\xf9b\xfd\x89\xdb\xe7\x9e\x83\x0b\x22&\x165\xdbrM\
\x80k4\x1a\x8dF\xa3\xd1h4\x1a\x8d\xe6\x9fF\x88\
;\x894P\xd8\xf7\x12\xdc\xa3\xb8Q\xe3:\xef!\xc9\
\xe0\xbd\xe99\xe2\xb3\xac2\xee\xc3\x197\xd0N\x0b\xcb\
\x05\xf00\x91/f\xfdj/\xb6\x9f'.\xd8\xb8\xfb\
\x98\xe1\xc2\x81Fe\xdc8\x06\xb0\x9el[\x18\xc3]\
\x04\xd0O\xf0\x5c\x05\xcb\x19Yb\x0aY\xe8a\xd2\xb4\
\x83fDj\xf9_\x0f\xdcH\xda\xec\x0e\x8d\x8d\xb41\
S\x91=4N\xd8\xe0\xbe\xda.\xbe\x8a4\x86(\xee\
auC\x95\x82eY\xca\xb7\x91\x0av\x9c\x99?\xc6\
\x9c\xdc\xc0\x08\xb6h\x92\x07\xd3!Vn\xa7\xd2\x86,\
0\xf6\xd0\xef(\xe3\x96\x98\xf2\x0f\xa4\xb1\xc2Iv\xa9\
\xd1\xe9\x97S\xe8R\x17<\x96\xd1v\xac:\x8c\xe2\xd1\
\x02\xebNp\x09\x89\x02M\xf40C<G\xbf\xb8\xb0\
\xf5\xfd\x04\x93\xaah\x5c\xa8\xde|\xfc\xac^\x22\xfb\x9f\
9\xb3J\x87\x15\x11\xd8L\xebKSU\x93\xe1\xae\xa4\
\x93\xb0Xa\x88m\xd0\xc3i\xc4r\xcf\x14\xc7\x88s\
W\x19\xf7\x02\xf8\xb6R\x1f\x8dKd\xab\x8d\xa7x\x1d\
\xce\xfb0\xe5Z\xf4\x1c\xcc\x17\x03\xd9{\xc4\xe8\x16G\
\xcd\xffXI\xe3\xd6\xeae\xb9\xa6\x11\xc1L\x88\xc5B\
\x94\xcdr\x06\xaeP\xf3\x94\x85t\xf0s)[\xd8\x10\
q\xadr\xf0\xd1\x18y\x19m\xb1\xf2$\xcc\x1f{\x98\
\xf3x7n\x07v\xde\x09\xa1\x17(C\xe4\x05\x1a\x9b\
\x98\xbd\x13\x07\xfc1\xf9\x13k!;\x94\xc9h4b\
\xb9H\x22v\x0f}\xd9\xc4\xd2\xe3\xccq|\xb1\xe5\xbb\
q\xe3\xbezM\xec\xa8\x1a\x0aTv\x0b;\x14\xd9\xc9\
\xba\xd2e\xb0-\xaav\xcbs\xc9\x97\xe0y\x9bY\xeb\
\x1cw\xbbaf=`\xd7\xf0\x10JG\x04aX\xe0\
\xd2\xe2q\xf6\x82S\xaef!\x0e{\xab\xf5:\xf5\xf1\
\x05\xcey\x98m\xcdU8\x19\x87%7y\xfb\xf2\x09\
\xd3\xdb\x1e\xd0\xc3v\xdb\x8a\xfc\x04c\xd9~\xb3\xde\xdd\
\xe4\xc7O\xd8XrX\xec%wRQ\xaa\xd1h4\
\x1a\x8dF\xa3\xd1h4\x1a\x8dF\xa3\xe1\xc9\xff\xa4\x81\
d\x80\xd9\x0c\x0f\xbb\x00\x00\x00\x00IEND\xaeB\
`\x82\
\x00\x00\x02\xe0\
<\
?xml version=\x221.\
0\x22 encoding=\x22utf\
-8\x22?><!-- Upload\
ed to: SVG Repo,\
 www.svgrepo.com\
, Generator: SVG\
 Repo Mixer Tool\
s -->\x0a<svg width\
=\x22800px\x22 height=\
\x22800px\x22 viewBox=\
\x220 0 24 24\x22 id=\x22\
Layer_1\x22 data-na\
me=\x22Layer 1\x22 xml\
ns=\x22http://www.w\
3.org/2000/svg\x22>\
<defs><style>.cl\
s-1{fill:none;st\
roke:#020202;str\
oke-miterlimit:1\
0;stroke-width:1\
.91px;}</style><\
/defs><line clas\
s=\x22cls-1\x22 x1=\x226.\
27\x22 y1=\x2214.86\x22 x\
2=\x2213.91\x22 y2=\x2214\
.86\x22/><line clas\
s=\x22cls-1\x22 x1=\x226.\
27\x22 y1=\x2211.05\x22 x\
2=\x2213.91\x22 y2=\x2211\
.05\x22/><line clas\
s=\x22cls-1\x22 x1=\x226.\
27\x22 y1=\x2218.68\x22 x\
2=\x2213.91\x22 y2=\x2218\
.68\x22/><polygon c\
lass=\x22cls-1\x22 poi\
nts=\x2216.77 8.18 \
16.77 22.5 3.41 \
22.5 3.41 5.32 1\
3.91 5.32 16.77 \
8.18\x22/><polyline\
 class=\x22cls-1\x22 p\
oints=\x2216.77 18.\
68 20.59 18.68 2\
0.59 4.36 17.73 \
1.5 7.23 1.5 7.2\
3 5.32\x22/></svg>\
\x00\x00\x02\xe0\
<\
?xml version=\x221.\
0\x22 encoding=\x22utf\
-8\x22?><!-- Upload\
ed to: SVG Repo,\
 www.svgrepo.com\
, Generator: SVG\
 Repo Mixer Tool\
s -->\x0a<svg width\
=\x22800px\x22 height=\
\x22800px\x22 viewBox=\
\x220 0 24 24\x22 id=\x22\
Layer_1\x22 data-na\
me=\x22Layer 1\x22 xml\
ns=\x22http://www.w\
3.org/2000/svg\x22>\
<defs><style>.cl\
s-1{fill:none;st\
roke:#020202;str\
oke-miterlimit:1\
0;stroke-width:1\
.91px;}</style><\
/defs><line clas\
s=\x22cls-1\x22 x1=\x226.\
27\x22 y1=\x2214.86\x22 x\
2=\x2213.91\x22 y2=\x2214\
.86\x22/><line clas\
s=\x22cls-1\x22 x1=\x226.\
27\x22 y1=\x2211.05\x22 x\
2=\x2213.91\x22 y2=\x2211\
.05\x22/><line clas\
s=\x22cls-1\x22 x1=\x226.\
27\x22 y1=\x2218.68\x22 x\
2=\x2213.91\x22 y2=\x2218\
.68\x22/><polygon c\
lass=\x22cls-1\x22 poi\
nts=\x2216.77 8.18 \
16.77 22.5 3.41 \
22.5 3.41 5.32 1\
3.91 5.32 16.77 \
8.18\x22/><polyline\
 class=\x22cls-1\x22 p\
oints=\x2216.77 18.\
68 20.59 18.68 2\
0.59 4.36 17.73 \
1.5 7.23 1.5 7.2\
3 5.32\x22/></svg>\
\x00\x00\x05\x90\
<\
?xml version=\x221.\
0\x22 encoding=\x22UTF\
-8\x22 standalone=\x22\
no\x22?>\x0a<!-- Uploa\
ded to: SVG Repo\
, www.svgrepo.co\
m, Generator: SV\
G Repo Mixer Too\
ls -->\x0a\x0a<svg\x0a   \
width=\x22800px\x22\x0a  \
 height=\x22800px\x22\x0a\
   viewBox=\x220 0 \
24 24\x22\x0a   fill=\x22\
none\x22\x0a   version\
=\x221.1\x22\x0a   id=\x22sv\
g1\x22\x0a   sodipodi:\
docname=\x22WHITE-a\
rrow-narrow-righ\
t-svgrepo-com.sv\
g\x22\x0a   inkscape:v\
ersion=\x221.4.2 (f\
4327f4, 2025-05-\
13)\x22\x0a   xmlns:in\
kscape=\x22http://w\
ww.inkscape.org/\
namespaces/inksc\
ape\x22\x0a   xmlns:so\
dipodi=\x22http://s\
odipodi.sourcefo\
rge.net/DTD/sodi\
podi-0.dtd\x22\x0a   x\
mlns=\x22http://www\
.w3.org/2000/svg\
\x22\x0a   xmlns:svg=\x22\
http://www.w3.or\
g/2000/svg\x22>\x0a  <\
defs\x0a     id=\x22de\
fs1\x22 />\x0a  <sodip\
odi:namedview\x0a  \
   id=\x22namedview\
1\x22\x0a     pagecolo\
r=\x22#ffffff\x22\x0a    \
 bordercolor=\x22#0\
00000\x22\x0a     bord\
eropacity=\x220.25\x22\
\x0a     inkscape:s\
howpageshadow=\x222\
\x22\x0a     inkscape:\
pageopacity=\x220.0\
\x22\x0a     inkscape:\
pagecheckerboard\
=\x220\x22\x0a     inksca\
pe:deskcolor=\x22#d\
1d1d1\x22\x0a     inks\
cape:zoom=\x220.628\
75\x22\x0a     inkscap\
e:cx=\x22400\x22\x0a     \
inkscape:cy=\x22400\
\x22\x0a     inkscape:\
window-width=\x2213\
66\x22\x0a     inkscap\
e:window-height=\
\x22705\x22\x0a     inksc\
ape:window-x=\x22-8\
\x22\x0a     inkscape:\
window-y=\x22-8\x22\x0a  \
   inkscape:wind\
ow-maximized=\x221\x22\
\x0a     inkscape:c\
urrent-layer=\x22sv\
g1\x22 />\x0a  <path\x0a \
    d=\x22M 4,12 H \
14.075547 20 m 0\
,0 -4,-4 m 4,4 -\
4,4\x22\x0a     stroke\
=\x22#000000\x22\x0a     \
stroke-width=\x222\x22\
\x0a     stroke-lin\
ecap=\x22round\x22\x0a   \
  stroke-linejoi\
n=\x22round\x22\x0a     i\
d=\x22path1\x22\x0a     s\
tyle=\x22fill:#ffff\
ff;stroke:#fffff\
f;stroke-opacity\
:1;fill-opacity:\
1\x22\x0a     sodipodi\
:nodetypes=\x22cccc\
ccc\x22 />\x0a</svg>\x0a\
\x00\x00\x0a\x13\
<\
?xml version=\x221.\
0\x22 encoding=\x22UTF\
-8\x22 standalone=\x22\
no\x22?>\x0a<!-- Uploa\
ded to: SVG Repo\
, www.svgrepo.co\
m, Generator: SV\
G Repo Mixer Too\
ls -->\x0a\x0a<svg\x0a   \
width=\x22800px\x22\x0a  \
 height=\x22800px\x22\x0a\
   viewBox=\x220 -0\
.5 25 25\x22\x0a   fil\
l=\x22none\x22\x0a   vers\
ion=\x221.1\x22\x0a   id=\
\x22svg1\x22\x0a   sodipo\
di:docname=\x22WHIT\
E-cross-svgrepo-\
com.svg\x22\x0a   inks\
cape:version=\x221.\
4.2 (f4327f4, 20\
25-05-13)\x22\x0a   xm\
lns:inkscape=\x22ht\
tp://www.inkscap\
e.org/namespaces\
/inkscape\x22\x0a   xm\
lns:sodipodi=\x22ht\
tp://sodipodi.so\
urceforge.net/DT\
D/sodipodi-0.dtd\
\x22\x0a   xmlns=\x22http\
://www.w3.org/20\
00/svg\x22\x0a   xmlns\
:svg=\x22http://www\
.w3.org/2000/svg\
\x22>\x0a  <defs\x0a     \
id=\x22defs1\x22 />\x0a  \
<sodipodi:namedv\
iew\x0a     id=\x22nam\
edview1\x22\x0a     pa\
gecolor=\x22#ffffff\
\x22\x0a     bordercol\
or=\x22#000000\x22\x0a   \
  borderopacity=\
\x220.25\x22\x0a     inks\
cape:showpagesha\
dow=\x222\x22\x0a     ink\
scape:pageopacit\
y=\x220.0\x22\x0a     ink\
scape:pagechecke\
rboard=\x220\x22\x0a     \
inkscape:deskcol\
or=\x22#d1d1d1\x22\x0a   \
  inkscape:zoom=\
\x220.62875\x22\x0a     i\
nkscape:cx=\x22400\x22\
\x0a     inkscape:c\
y=\x22400\x22\x0a     ink\
scape:window-wid\
th=\x221366\x22\x0a     i\
nkscape:window-h\
eight=\x22705\x22\x0a    \
 inkscape:window\
-x=\x22-8\x22\x0a     ink\
scape:window-y=\x22\
-8\x22\x0a     inkscap\
e:window-maximiz\
ed=\x221\x22\x0a     inks\
cape:current-lay\
er=\x22svg1\x22 />\x0a  <\
path\x0a     d=\x22M6.\
96967 16.4697C6.\
67678 16.7626 6.\
67678 17.2374 6.\
96967 17.5303C7.\
26256 17.8232 7.\
73744 17.8232 8.\
03033 17.5303L6.\
96967 16.4697ZM1\
3.0303 12.5303C1\
3.3232 12.2374 1\
3.3232 11.7626 1\
3.0303 11.4697C1\
2.7374 11.1768 1\
2.2626 11.1768 1\
1.9697 11.4697L1\
3.0303 12.5303ZM\
11.9697 11.4697C\
11.6768 11.7626 \
11.6768 12.2374 \
11.9697 12.5303C\
12.2626 12.8232 \
12.7374 12.8232 \
13.0303 12.5303L\
11.9697 11.4697Z\
M18.0303 7.53033\
C18.3232 7.23744\
 18.3232 6.76256\
 18.0303 6.46967\
C17.7374 6.17678\
 17.2626 6.17678\
 16.9697 6.46967\
L18.0303 7.53033\
ZM13.0303 11.469\
7C12.7374 11.176\
8 12.2626 11.176\
8 11.9697 11.469\
7C11.6768 11.762\
6 11.6768 12.237\
4 11.9697 12.530\
3L13.0303 11.469\
7ZM16.9697 17.53\
03C17.2626 17.82\
32 17.7374 17.82\
32 18.0303 17.53\
03C18.3232 17.23\
74 18.3232 16.76\
26 18.0303 16.46\
97L16.9697 17.53\
03ZM11.9697 12.5\
303C12.2626 12.8\
232 12.7374 12.8\
232 13.0303 12.5\
303C13.3232 12.2\
374 13.3232 11.7\
626 13.0303 11.4\
697L11.9697 12.5\
303ZM8.03033 6.4\
6967C7.73744 6.1\
7678 7.26256 6.1\
7678 6.96967 6.4\
6967C6.67678 6.7\
6256 6.67678 7.2\
3744 6.96967 7.5\
3033L8.03033 6.4\
6967ZM8.03033 17\
.5303L13.0303 12\
.5303L11.9697 11\
.4697L6.96967 16\
.4697L8.03033 17\
.5303ZM13.0303 1\
2.5303L18.0303 7\
.53033L16.9697 6\
.46967L11.9697 1\
1.4697L13.0303 1\
2.5303ZM11.9697 \
12.5303L16.9697 \
17.5303L18.0303 \
16.4697L13.0303 \
11.4697L11.9697 \
12.5303ZM13.0303\
 11.4697L8.03033\
 6.46967L6.96967\
 7.53033L11.9697\
 12.5303L13.0303\
 11.4697Z\x22\x0a     \
fill=\x22#000000\x22\x0a \
    id=\x22path1\x22\x0a \
    style=\x22fill:\
#ffffff;fill-opa\
city:1\x22 />\x0a</svg\
>\x0a\
\x00\x00\x06Q\
<\
?xml version=\x221.\
0\x22 encoding=\x22utf\
-8\x22?><!-- Upload\
ed to: SVG Repo,\
 www.svgrepo.com\
, Generator: SVG\
 Repo Mixer Tool\
s -->\x0d\x0a<svg widt\
h=\x22800px\x22 height\
=\x22800px\x22 viewBox\
=\x220 -0.5 25 25\x22 \
fill=\x22none\x22 xmln\
s=\x22http://www.w3\
.org/2000/svg\x22>\x0d\
\x0a<path d=\x22M6.969\
67 16.4697C6.676\
78 16.7626 6.676\
78 17.2374 6.969\
67 17.5303C7.262\
56 17.8232 7.737\
44 17.8232 8.030\
33 17.5303L6.969\
67 16.4697ZM13.0\
303 12.5303C13.3\
232 12.2374 13.3\
232 11.7626 13.0\
303 11.4697C12.7\
374 11.1768 12.2\
626 11.1768 11.9\
697 11.4697L13.0\
303 12.5303ZM11.\
9697 11.4697C11.\
6768 11.7626 11.\
6768 12.2374 11.\
9697 12.5303C12.\
2626 12.8232 12.\
7374 12.8232 13.\
0303 12.5303L11.\
9697 11.4697ZM18\
.0303 7.53033C18\
.3232 7.23744 18\
.3232 6.76256 18\
.0303 6.46967C17\
.7374 6.17678 17\
.2626 6.17678 16\
.9697 6.46967L18\
.0303 7.53033ZM1\
3.0303 11.4697C1\
2.7374 11.1768 1\
2.2626 11.1768 1\
1.9697 11.4697C1\
1.6768 11.7626 1\
1.6768 12.2374 1\
1.9697 12.5303L1\
3.0303 11.4697ZM\
16.9697 17.5303C\
17.2626 17.8232 \
17.7374 17.8232 \
18.0303 17.5303C\
18.3232 17.2374 \
18.3232 16.7626 \
18.0303 16.4697L\
16.9697 17.5303Z\
M11.9697 12.5303\
C12.2626 12.8232\
 12.7374 12.8232\
 13.0303 12.5303\
C13.3232 12.2374\
 13.3232 11.7626\
 13.0303 11.4697\
L11.9697 12.5303\
ZM8.03033 6.4696\
7C7.73744 6.1767\
8 7.26256 6.1767\
8 6.96967 6.4696\
7C6.67678 6.7625\
6 6.67678 7.2374\
4 6.96967 7.5303\
3L8.03033 6.4696\
7ZM8.03033 17.53\
03L13.0303 12.53\
03L11.9697 11.46\
97L6.96967 16.46\
97L8.03033 17.53\
03ZM13.0303 12.5\
303L18.0303 7.53\
033L16.9697 6.46\
967L11.9697 11.4\
697L13.0303 12.5\
303ZM11.9697 12.\
5303L16.9697 17.\
5303L18.0303 16.\
4697L13.0303 11.\
4697L11.9697 12.\
5303ZM13.0303 11\
.4697L8.03033 6.\
46967L6.96967 7.\
53033L11.9697 12\
.5303L13.0303 11\
.4697Z\x22 fill=\x22#0\
00000\x22/>\x0d\x0a</svg>\
\
\x00\x00\x04^\
<\
?xml version=\x221.\
0\x22 encoding=\x22iso\
-8859-1\x22?>\x0d\x0a<!--\
 Uploaded to: SV\
G Repo, www.svgr\
epo.com, Generat\
or: SVG Repo Mix\
er Tools -->\x0d\x0a<!\
DOCTYPE svg PUBL\
IC \x22-//W3C//DTD \
SVG 1.1//EN\x22 \x22ht\
tp://www.w3.org/\
Graphics/SVG/1.1\
/DTD/svg11.dtd\x22>\
\x0d\x0a<svg fill=\x22#00\
0000\x22 version=\x221\
.1\x22 id=\x22Capa_1\x22 \
xmlns=\x22http://ww\
w.w3.org/2000/sv\
g\x22 xmlns:xlink=\x22\
http://www.w3.or\
g/1999/xlink\x22 \x0d\x0a\
\x09 width=\x22800px\x22 \
height=\x22800px\x22 v\
iewBox=\x220 0 400 \
400\x22 xml:space=\x22\
preserve\x22>\x0d\x0a<g>\x0d\
\x0a\x09<g>\x0d\x0a\x09\x09<path d\
=\x22M199.996,0C89.\
713,0,0,89.72,0,\
200s89.713,200,1\
99.996,200S400,3\
10.28,400,200S31\
0.279,0,199.996,\
0z M199.996,373.\
77\x0d\x0a\x09\x09\x09C104.18,3\
73.77,26.23,295.\
816,26.23,200c0-\
95.817,77.949-17\
3.769,173.766-17\
3.769c95.817,0,1\
73.771,77.953,17\
3.771,173.769\x0d\x0a\x09\
\x09\x09C373.768,295.8\
16,295.812,373.7\
7,199.996,373.77\
z\x22/>\x0d\x0a\x09\x09<path d=\
\x22M272.406,134.52\
6L169.275,237.65\
2l-41.689-41.68c\
-5.123-5.117-13.\
422-5.12-18.545,\
0.003\x0d\x0a\x09\x09\x09c-5.12\
5,5.125-5.125,13\
.425,0,18.548l50\
.963,50.955c2.56\
1,2.558,5.916,3.\
838,9.271,3.838s\
6.719-1.28,9.279\
-3.842\x0d\x0a\x09\x09\x09c0.00\
8-0.011,0.014-0.\
022,0.027-0.035L\
290.95,153.071c5\
.125-5.12,5.125-\
13.426,0-18.546\x0d\
\x0a\x09\x09\x09C285.828,129\
.402,277.523,129\
.402,272.406,134\
.526z\x22/>\x0d\x0a\x09</g>\x0d\
\x0a</g>\x0d\x0a</svg>\
\x00\x00\x04^\
<\
?xml version=\x221.\
0\x22 encoding=\x22iso\
-8859-1\x22?>\x0d\x0a<!--\
 Uploaded to: SV\
G Repo, www.svgr\
epo.com, Generat\
or: SVG Repo Mix\
er Tools -->\x0d\x0a<!\
DOCTYPE svg PUBL\
IC \x22-//W3C//DTD \
SVG 1.1//EN\x22 \x22ht\
tp://www.w3.org/\
Graphics/SVG/1.1\
/DTD/svg11.dtd\x22>\
\x0d\x0a<svg fill=\x22#00\
0000\x22 version=\x221\
.1\x22 id=\x22Capa_1\x22 \
xmlns=\x22http://ww\
w.w3.org/2000/sv\
g\x22 xmlns:xlink=\x22\
http://www.w3.or\
g/1999/xlink\x22 \x0d\x0a\
\x09 width=\x22800px\x22 \
height=\x22800px\x22 v\
iewBox=\x220 0 400 \
400\x22 xml:space=\x22\
preserve\x22>\x0d\x0a<g>\x0d\
\x0a\x09<g>\x0d\x0a\x09\x09<path d\
=\x22M199.996,0C89.\
713,0,0,89.72,0,\
200s89.713,200,1\
99.996,200S400,3\
10.28,400,200S31\
0.279,0,199.996,\
0z M199.996,373.\
77\x0d\x0a\x09\x09\x09C104.18,3\
73.77,26.23,295.\
816,26.23,200c0-\
95.817,77.949-17\
3.769,173.766-17\
3.769c95.817,0,1\
73.771,77.953,17\
3.771,173.769\x0d\x0a\x09\
\x09\x09C373.768,295.8\
16,295.812,373.7\
7,199.996,373.77\
z\x22/>\x0d\x0a\x09\x09<path d=\
\x22M272.406,134.52\
6L169.275,237.65\
2l-41.689-41.68c\
-5.123-5.117-13.\
422-5.12-18.545,\
0.003\x0d\x0a\x09\x09\x09c-5.12\
5,5.125-5.125,13\
.425,0,18.548l50\
.963,50.955c2.56\
1,2.558,5.916,3.\
838,9.271,3.838s\
6.719-1.28,9.279\
-3.842\x0d\x0a\x09\x09\x09c0.00\
8-0.011,0.014-0.\
022,0.027-0.035L\
290.95,153.071c5\
.125-5.12,5.125-\
13.426,0-18.546\x0d\
\x0a\x09\x09\x09C285.828,129\
.402,277.523,129\
.402,272.406,134\
.526z\x22/>\x0d\x0a\x09</g>\x0d\
\x0a</g>\x0d\x0a</svg>\
\x00\x00\x05@\
<\
?xml version=\x221.\
0\x22 encoding=\x22UTF\
-8\x22 standalone=\x22\
no\x22?>\x0a<!-- Uploa\
ded to: SVG Repo\
, www.svgrepo.co\
m, Generator: SV\
G Repo Mixer Too\
ls -->\x0a\x0a<svg\x0a   \
width=\x22800px\x22\x0a  \
 height=\x22800px\x22\x0a\
   viewBox=\x220 0 \
24 24\x22\x0a   fill=\x22\
none\x22\x0a   version\
=\x221.1\x22\x0a   id=\x22sv\
g1\x22\x0a   sodipodi:\
docname=\x22WHITE-a\
rrow-narrow-left\
-svgrepo-com.svg\
\x22\x0a   inkscape:ve\
rsion=\x221.4.2 (f4\
327f4, 2025-05-1\
3)\x22\x0a   xmlns:ink\
scape=\x22http://ww\
w.inkscape.org/n\
amespaces/inksca\
pe\x22\x0a   xmlns:sod\
ipodi=\x22http://so\
dipodi.sourcefor\
ge.net/DTD/sodip\
odi-0.dtd\x22\x0a   xm\
lns=\x22http://www.\
w3.org/2000/svg\x22\
\x0a   xmlns:svg=\x22h\
ttp://www.w3.org\
/2000/svg\x22>\x0a  <d\
efs\x0a     id=\x22def\
s1\x22 />\x0a  <sodipo\
di:namedview\x0a   \
  id=\x22namedview1\
\x22\x0a     pagecolor\
=\x22#ffffff\x22\x0a     \
bordercolor=\x22#00\
0000\x22\x0a     borde\
ropacity=\x220.25\x22\x0a\
     inkscape:sh\
owpageshadow=\x222\x22\
\x0a     inkscape:p\
ageopacity=\x220.0\x22\
\x0a     inkscape:p\
agecheckerboard=\
\x220\x22\x0a     inkscap\
e:deskcolor=\x22#d1\
d1d1\x22\x0a     inksc\
ape:zoom=\x220.6287\
5\x22\x0a     inkscape\
:cx=\x22400\x22\x0a     i\
nkscape:cy=\x22400\x22\
\x0a     inkscape:w\
indow-width=\x22136\
6\x22\x0a     inkscape\
:window-height=\x22\
705\x22\x0a     inksca\
pe:window-x=\x22-8\x22\
\x0a     inkscape:w\
indow-y=\x22-8\x22\x0a   \
  inkscape:windo\
w-maximized=\x221\x22\x0a\
     inkscape:cu\
rrent-layer=\x22svg\
1\x22 />\x0a  <path\x0a  \
   d=\x22M4 12H20M4\
 12L8 8M4 12L8 1\
6\x22\x0a     stroke=\x22\
#000000\x22\x0a     st\
roke-width=\x222\x22\x0a \
    stroke-linec\
ap=\x22round\x22\x0a     \
stroke-linejoin=\
\x22round\x22\x0a     id=\
\x22path1\x22\x0a     sty\
le=\x22stroke:#ffff\
ff;stroke-opacit\
y:1\x22 />\x0a</svg>\x0a\
\x00\x00\x06\xb3\
<\
?xml version=\x221.\
0\x22 encoding=\x22utf\
-8\x22?><!-- Upload\
ed to: SVG Repo,\
 www.svgrepo.com\
, Generator: SVG\
 Repo Mixer Tool\
s -->\x0d\x0a<svg widt\
h=\x22800px\x22 height\
=\x22800px\x22 viewBox\
=\x220 0 1024 1024\x22\
 xmlns=\x22http://w\
ww.w3.org/2000/s\
vg\x22><path fill=\x22\
#000000\x22 d=\x22M600\
.704 64a32 32 0 \
0 1 30.464 22.20\
8l35.2 109.376c1\
4.784 7.232 28.9\
28 15.36 42.432 \
24.512l112.384-2\
4.192a32 32 0 0 \
1 34.432 15.36L9\
44.32 364.8a32 3\
2 0 0 1-4.032 37\
.504l-77.12 85.1\
2a357.12 357.12 \
0 0 1 0 49.024l7\
7.12 85.248a32 3\
2 0 0 1 4.032 37\
.504l-88.704 153\
.6a32 32 0 0 1-3\
4.432 15.296L708\
.8 803.904c-13.4\
4 9.088-27.648 1\
7.28-42.368 24.5\
12l-35.264 109.3\
76A32 32 0 0 1 6\
00.704 960H423.2\
96a32 32 0 0 1-3\
0.464-22.208L357\
.696 828.48a351.\
616 351.616 0 0 \
1-42.56-24.64l-1\
12.32 24.256a32 \
32 0 0 1-34.432-\
15.36L79.68 659.\
2a32 32 0 0 1 4.\
032-37.504l77.12\
-85.248a357.12 3\
57.12 0 0 1 0-48\
.896l-77.12-85.2\
48A32 32 0 0 1 7\
9.68 364.8l88.70\
4-153.6a32 32 0 \
0 1 34.432-15.29\
6l112.32 24.256c\
13.568-9.152 27.\
776-17.408 42.56\
-24.64l35.2-109.\
312A32 32 0 0 1 \
423.232 64H600.6\
4zm-23.424 64H44\
6.72l-36.352 113\
.088-24.512 11.9\
68a294.113 294.1\
13 0 0 0-34.816 \
20.096l-22.656 1\
5.36-116.224-25.\
088-65.28 113.15\
2 79.68 88.192-1\
.92 27.136a293.1\
2 293.12 0 0 0 0\
 40.192l1.92 27.\
136-79.808 88.19\
2 65.344 113.152\
 116.224-25.024 \
22.656 15.296a29\
4.113 294.113 0 \
0 0 34.816 20.09\
6l24.512 11.968L\
446.72 896h130.6\
88l36.48-113.152\
 24.448-11.904a2\
88.282 288.282 0\
 0 0 34.752-20.0\
96l22.592-15.296\
 116.288 25.024 \
65.28-113.152-79\
.744-88.192 1.92\
-27.136a293.12 2\
93.12 0 0 0 0-40\
.256l-1.92-27.13\
6 79.808-88.128-\
65.344-113.152-1\
16.288 24.96-22.\
592-15.232a287.6\
16 287.616 0 0 0\
-34.752-20.096l-\
24.448-11.904L57\
7.344 128zM512 3\
20a192 192 0 1 1\
 0 384 192 192 0\
 0 1 0-384zm0 64\
a128 128 0 1 0 0\
 256 128 128 0 0\
 0 0-256z\x22/></sv\
g>\
\x00\x00\x06\xb3\
<\
?xml version=\x221.\
0\x22 encoding=\x22utf\
-8\x22?><!-- Upload\
ed to: SVG Repo,\
 www.svgrepo.com\
, Generator: SVG\
 Repo Mixer Tool\
s -->\x0d\x0a<svg widt\
h=\x22800px\x22 height\
=\x22800px\x22 viewBox\
=\x220 0 1024 1024\x22\
 xmlns=\x22http://w\
ww.w3.org/2000/s\
vg\x22><path fill=\x22\
#000000\x22 d=\x22M600\
.704 64a32 32 0 \
0 1 30.464 22.20\
8l35.2 109.376c1\
4.784 7.232 28.9\
28 15.36 42.432 \
24.512l112.384-2\
4.192a32 32 0 0 \
1 34.432 15.36L9\
44.32 364.8a32 3\
2 0 0 1-4.032 37\
.504l-77.12 85.1\
2a357.12 357.12 \
0 0 1 0 49.024l7\
7.12 85.248a32 3\
2 0 0 1 4.032 37\
.504l-88.704 153\
.6a32 32 0 0 1-3\
4.432 15.296L708\
.8 803.904c-13.4\
4 9.088-27.648 1\
7.28-42.368 24.5\
12l-35.264 109.3\
76A32 32 0 0 1 6\
00.704 960H423.2\
96a32 32 0 0 1-3\
0.464-22.208L357\
.696 828.48a351.\
616 351.616 0 0 \
1-42.56-24.64l-1\
12.32 24.256a32 \
32 0 0 1-34.432-\
15.36L79.68 659.\
2a32 32 0 0 1 4.\
032-37.504l77.12\
-85.248a357.12 3\
57.12 0 0 1 0-48\
.896l-77.12-85.2\
48A32 32 0 0 1 7\
9.68 364.8l88.70\
4-153.6a32 32 0 \
0 1 34.432-15.29\
6l112.32 24.256c\
13.568-9.152 27.\
776-17.408 42.56\
-24.64l35.2-109.\
312A32 32 0 0 1 \
423.232 64H600.6\
4zm-23.424 64H44\
6.72l-36.352 113\
.088-24.512 11.9\
68a294.113 294.1\
13 0 0 0-34.816 \
20.096l-22.656 1\
5.36-116.224-25.\
088-65.28 113.15\
2 79.68 88.192-1\
.92 27.136a293.1\
2 293.12 0 0 0 0\
 40.192l1.92 27.\
136-79.808 88.19\
2 65.344 113.152\
 116.224-25.024 \
22.656 15.296a29\
4.113 294.113 0 \
0 0 34.816 20.09\
6l24.512 11.968L\
446.72 896h130.6\
88l36.48-113.152\
 24.448-11.904a2\
88.282 288.282 0\
 0 0 34.752-20.0\
96l22.592-15.296\
 116.288 25.024 \
65.28-113.152-79\
.744-88.192 1.92\
-27.136a293.12 2\
93.12 0 0 0 0-40\
.256l-1.92-27.13\
6 79.808-88.128-\
65.344-113.152-1\
16.288 24.96-22.\
592-15.232a287.6\
16 287.616 0 0 0\
-34.752-20.096l-\
24.448-11.904L57\
7.344 128zM512 3\
20a192 192 0 1 1\
 0 384 192 192 0\
 0 1 0-384zm0 64\
a128 128 0 1 0 0\
 256 128 128 0 0\
 0 0-256z\x22/></sv\
g>\
\x00\x00\x03d\
<\
?xml version=\x221.\
0\x22 encoding=\x22utf\
-8\x22?><!-- Upload\
ed to: SVG Repo,\
 www.svgrepo.com\
, Generator: SVG\
 Repo Mixer Tool\
s -->\x0d\x0a<svg widt\
h=\x22800px\x22 height\
=\x22800px\x22 viewBox\
=\x220 0 24 24\x22 fil\
l=\x22none\x22 xmlns=\x22\
http://www.w3.or\
g/2000/svg\x22>\x0d\x0a<p\
ath d=\x22M11 8C11 \
7.44772 11.4477 \
7 12 7C12.5523 7\
 13 7.44772 13 8\
V11H16C16.5523 1\
1 17 11.4477 17 \
12C17 12.5523 16\
.5523 13 16 13H1\
3V16C13 16.5523 \
12.5523 17 12 17\
C11.4477 17 11 1\
6.5523 11 16V13H\
8C7.44771 13 7 1\
2.5523 7 12C7 11\
.4477 7.44772 11\
 8 11H11V8Z\x22 fil\
l=\x22#0F0F0F\x22/>\x0d\x0a<\
path fill-rule=\x22\
evenodd\x22 clip-ru\
le=\x22evenodd\x22 d=\x22\
M23 12C23 18.075\
1 18.0751 23 12 \
23C5.92487 23 1 \
18.0751 1 12C1 5\
.92487 5.92487 1\
 12 1C18.0751 1 \
23 5.92487 23 12\
ZM3.00683 12C3.0\
0683 16.9668 7.0\
3321 20.9932 12 \
20.9932C16.9668 \
20.9932 20.9932 \
16.9668 20.9932 \
12C20.9932 7.033\
21 16.9668 3.006\
83 12 3.00683C7.\
03321 3.00683 3.\
00683 7.03321 3.\
00683 12Z\x22 fill=\
\x22#0F0F0F\x22/>\x0d\x0a</s\
vg>\
\x00\x00\x03d\
<\
?xml version=\x221.\
0\x22 encoding=\x22utf\
-8\x22?><!-- Upload\
ed to: SVG Repo,\
 www.svgrepo.com\
, Generator: SVG\
 Repo Mixer Tool\
s -->\x0d\x0a<svg widt\
h=\x22800px\x22 height\
=\x22800px\x22 viewBox\
=\x220 0 24 24\x22 fil\
l=\x22none\x22 xmlns=\x22\
http://www.w3.or\
g/2000/svg\x22>\x0d\x0a<p\
ath d=\x22M11 8C11 \
7.44772 11.4477 \
7 12 7C12.5523 7\
 13 7.44772 13 8\
V11H16C16.5523 1\
1 17 11.4477 17 \
12C17 12.5523 16\
.5523 13 16 13H1\
3V16C13 16.5523 \
12.5523 17 12 17\
C11.4477 17 11 1\
6.5523 11 16V13H\
8C7.44771 13 7 1\
2.5523 7 12C7 11\
.4477 7.44772 11\
 8 11H11V8Z\x22 fil\
l=\x22#0F0F0F\x22/>\x0d\x0a<\
path fill-rule=\x22\
evenodd\x22 clip-ru\
le=\x22evenodd\x22 d=\x22\
M23 12C23 18.075\
1 18.0751 23 12 \
23C5.92487 23 1 \
18.0751 1 12C1 5\
.92487 5.92487 1\
 12 1C18.0751 1 \
23 5.92487 23 12\
ZM3.00683 12C3.0\
0683 16.9668 7.0\
3321 20.9932 12 \
20.9932C16.9668 \
20.9932 20.9932 \
16.9668 20.9932 \
12C20.9932 7.033\
21 16.9668 3.006\
83 12 3.00683C7.\
03321 3.00683 3.\
00683 7.03321 3.\
00683 12Z\x22 fill=\
\x22#0F0F0F\x22/>\x0d\x0a</s\
vg>\
\x00\x00\x01\xc7\
<\
?xml version=\x221.\
0\x22 encoding=\x22utf\
-8\x22?><!-- Upload\
ed to: SVG Repo,\
 www.svgrepo.com\
, Generator: SVG\
 Repo Mixer Tool\
s -->\x0d\x0a<svg widt\
h=\x22800px\x22 height\
=\x22800px\x22 viewBox\
=\x220 0 24 24\x22 fil\
l=\x22none\x22 xmlns=\x22\
http://www.w3.or\
g/2000/svg\x22>\x0d\x0a<p\
ath d=\x22M14.9536 \
14.9458L21 21M17\
 10C17 13.866 13\
.866 17 10 17C6.\
13401 17 3 13.86\
6 3 10C3 6.13401\
 6.13401 3 10 3C\
13.866 3 17 6.13\
401 17 10Z\x22 stro\
ke=\x22#000000\x22 str\
oke-width=\x222\x22 st\
roke-linecap=\x22ro\
und\x22 stroke-line\
join=\x22round\x22/>\x0d\x0a\
</svg>\
\x00\x00\x01\xc7\
<\
?xml version=\x221.\
0\x22 encoding=\x22utf\
-8\x22?><!-- Upload\
ed to: SVG Repo,\
 www.svgrepo.com\
, Generator: SVG\
 Repo Mixer Tool\
s -->\x0d\x0a<svg widt\
h=\x22800px\x22 height\
=\x22800px\x22 viewBox\
=\x220 0 24 24\x22 fil\
l=\x22none\x22 xmlns=\x22\
http://www.w3.or\
g/2000/svg\x22>\x0d\x0a<p\
ath d=\x22M14.9536 \
14.9458L21 21M17\
 10C17 13.866 13\
.866 17 10 17C6.\
13401 17 3 13.86\
6 3 10C3 6.13401\
 6.13401 3 10 3C\
13.866 3 17 6.13\
401 17 10Z\x22 stro\
ke=\x22#000000\x22 str\
oke-width=\x222\x22 st\
roke-linecap=\x22ro\
und\x22 stroke-line\
join=\x22round\x22/>\x0d\x0a\
</svg>\
\x00\x00\x02?\
<\
?xml version=\x221.\
0\x22 ?>\x0d\x0a\x0d\x0a<!-- Up\
loaded to: SVG R\
epo, www.svgrepo\
.com, Generator:\
 SVG Repo Mixer \
Tools -->\x0d\x0a<svg \
width=\x22800px\x22 he\
ight=\x22800px\x22 vie\
wBox=\x220 0 24 24\x22\
 xmlns=\x22http://w\
ww.w3.org/2000/s\
vg\x22>\x0d\x0a\x0d\x0a<title/>\
\x0d\x0a\x0d\x0a<g id=\x22Compl\
ete\x22>\x0d\x0a\x0d\x0a<g data\
-name=\x22add\x22 id=\x22\
add-2\x22>\x0d\x0a\x0d\x0a<g>\x0d\x0a\
\x0d\x0a<line fill=\x22no\
ne\x22 stroke=\x22#000\
000\x22 stroke-line\
cap=\x22round\x22 stro\
ke-linejoin=\x22rou\
nd\x22 stroke-width\
=\x222\x22 x1=\x2212\x22 x2=\
\x2212\x22 y1=\x2219\x22 y2=\
\x225\x22/>\x0d\x0a\x0d\x0a<line f\
ill=\x22none\x22 strok\
e=\x22#000000\x22 stro\
ke-linecap=\x22roun\
d\x22 stroke-linejo\
in=\x22round\x22 strok\
e-width=\x222\x22 x1=\x22\
5\x22 x2=\x2219\x22 y1=\x221\
2\x22 y2=\x2212\x22/>\x0d\x0a\x0d\x0a\
</g>\x0d\x0a\x0d\x0a</g>\x0d\x0a\x0d\x0a\
</g>\x0d\x0a\x0d\x0a</svg>\
\x00\x00\x02?\
<\
?xml version=\x221.\
0\x22 ?>\x0d\x0a\x0d\x0a<!-- Up\
loaded to: SVG R\
epo, www.svgrepo\
.com, Generator:\
 SVG Repo Mixer \
Tools -->\x0d\x0a<svg \
width=\x22800px\x22 he\
ight=\x22800px\x22 vie\
wBox=\x220 0 24 24\x22\
 xmlns=\x22http://w\
ww.w3.org/2000/s\
vg\x22>\x0d\x0a\x0d\x0a<title/>\
\x0d\x0a\x0d\x0a<g id=\x22Compl\
ete\x22>\x0d\x0a\x0d\x0a<g data\
-name=\x22add\x22 id=\x22\
add-2\x22>\x0d\x0a\x0d\x0a<g>\x0d\x0a\
\x0d\x0a<line fill=\x22no\
ne\x22 stroke=\x22#000\
000\x22 stroke-line\
cap=\x22round\x22 stro\
ke-linejoin=\x22rou\
nd\x22 stroke-width\
=\x222\x22 x1=\x2212\x22 x2=\
\x2212\x22 y1=\x2219\x22 y2=\
\x225\x22/>\x0d\x0a\x0d\x0a<line f\
ill=\x22none\x22 strok\
e=\x22#000000\x22 stro\
ke-linecap=\x22roun\
d\x22 stroke-linejo\
in=\x22round\x22 strok\
e-width=\x222\x22 x1=\x22\
5\x22 x2=\x2219\x22 y1=\x221\
2\x22 y2=\x2212\x22/>\x0d\x0a\x0d\x0a\
</g>\x0d\x0a\x0d\x0a</g>\x0d\x0a\x0d\x0a\
</g>\x0d\x0a\x0d\x0a</svg>\
\x00\x00\x07\xd2\
<\
?xml version=\x221.\
0\x22 encoding=\x22UTF\
-8\x22 standalone=\x22\
no\x22?>\x0d\x0a<!-- Uplo\
aded to: SVG Rep\
o, www.svgrepo.c\
om, Generator: S\
VG Repo Mixer To\
ols -->\x0d\x0a<svg wi\
dth=\x22800px\x22 heig\
ht=\x22800px\x22 viewB\
ox=\x220 -0.5 21 21\
\x22 version=\x221.1\x22 \
xmlns=\x22http://ww\
w.w3.org/2000/sv\
g\x22 xmlns:xlink=\x22\
http://www.w3.or\
g/1999/xlink\x22>\x0d\x0a\
    \x0d\x0a    <title\
>stats [#1371]</\
title>\x0d\x0a    <des\
c>Created with S\
ketch.</desc>\x0d\x0a \
   <defs>\x0d\x0a\x0d\x0a</d\
efs>\x0d\x0a    <g id=\
\x22Page-1\x22 stroke=\
\x22none\x22 stroke-wi\
dth=\x221\x22 fill=\x22no\
ne\x22 fill-rule=\x22e\
venodd\x22>\x0d\x0a      \
  <g id=\x22Dribbbl\
e-Light-Preview\x22\
 transform=\x22tran\
slate(-419.00000\
0, -800.000000)\x22\
 fill=\x22#000000\x22>\
\x0d\x0a            <g\
 id=\x22icons\x22 tran\
sform=\x22translate\
(56.000000, 160.\
000000)\x22>\x0d\x0a     \
           <path\
 d=\x22M374.55,657 \
C374.55,657.552 \
374.0796,658 373\
.5,658 C372.9204\
,658 372.45,657.\
552 372.45,657 L\
372.45,643 C372.\
45,642.448 372.9\
204,642 373.5,64\
2 C374.0796,642 \
374.55,642.448 3\
74.55,643 L374.5\
5,657 Z M374.55,\
640 L372.45,640 \
C371.28975,640 3\
70.35,640.895 37\
0.35,642 L370.35\
,658 C370.35,659\
.105 371.28975,6\
60 372.45,660 L3\
74.55,660 C375.7\
1025,660 376.65,\
659.105 376.65,6\
58 L376.65,642 C\
376.65,640.895 3\
75.71025,640 374\
.55,640 L374.55,\
640 Z M367.2,657\
 C367.2,657.552 \
366.7296,658 366\
.15,658 C365.570\
4,658 365.1,657.\
552 365.1,657 L3\
65.1,647 C365.1,\
646.448 365.5704\
,646 366.15,646 \
C366.7296,646 36\
7.2,646.448 367.\
2,647 L367.2,657\
 Z M367.2,644 L3\
65.1,644 C363.93\
975,644 363,644.\
895 363,646 L363\
,658 C363,659.10\
5 363.93975,660 \
365.1,660 L367.2\
,660 C368.36025,\
660 369.3,659.10\
5 369.3,658 L369\
.3,646 C369.3,64\
4.895 368.36025,\
644 367.2,644 L3\
67.2,644 Z M381.\
9,657 C381.9,657\
.552 381.4296,65\
8 380.85,658 C38\
0.2704,658 379.8\
,657.552 379.8,6\
57 L379.8,653 C3\
79.8,652.448 380\
.2704,652 380.85\
,652 C381.4296,6\
52 381.9,652.448\
 381.9,653 L381.\
9,657 Z M381.9,6\
50 L379.8,650 C3\
78.63975,650 377\
.7,650.895 377.7\
,652 L377.7,658 \
C377.7,659.105 3\
78.63975,660 379\
.8,660 L381.9,66\
0 C383.06025,660\
 384,659.105 384\
,658 L384,652 C3\
84,650.895 383.0\
6025,650 381.9,6\
50 L381.9,650 Z\x22\
 id=\x22stats-[#137\
1]\x22>\x0d\x0a\x0d\x0a</path>\x0d\
\x0a            </g\
>\x0d\x0a        </g>\x0d\
\x0a    </g>\x0d\x0a</svg\
>\
\x00\x00\x07\xd2\
<\
?xml version=\x221.\
0\x22 encoding=\x22UTF\
-8\x22 standalone=\x22\
no\x22?>\x0d\x0a<!-- Uplo\
aded to: SVG Rep\
o, www.svgrepo.c\
om, Generator: S\
VG Repo Mixer To\
ols -->\x0d\x0a<svg wi\
dth=\x22800px\x22 heig\
ht=\x22800px\x22 viewB\
ox=\x220 -0.5 21 21\
\x22 version=\x221.1\x22 \
xmlns=\x22http://ww\
w.w3.org/2000/sv\
g\x22 xmlns:xlink=\x22\
http://www.w3.or\
g/1999/xlink\x22>\x0d\x0a\
    \x0d\x0a    <title\
>stats [#1371]</\
title>\x0d\x0a    <des\
c>Created with S\
ketch.</desc>\x0d\x0a \
   <defs>\x0d\x0a\x0d\x0a</d\
efs>\x0d\x0a    <g id=\
\x22Page-1\x22 stroke=\
\x22none\x22 stroke-wi\
dth=\x221\x22 fill=\x22no\
ne\x22 fill-rule=\x22e\
venodd\x22>\x0d\x0a      \
  <g id=\x22Dribbbl\
e-Light-Preview\x22\
 transform=\x22tran\
slate(-419.00000\
0, -800.000000)\x22\
 fill=\x22#000000\x22>\
\x0d\x0a            <g\
 id=\x22icons\x22 tran\
sform=\x22translate\
(56.000000, 160.\
000000)\x22>\x0d\x0a     \
           <path\
 d=\x22M374.55,657 \
C374.55,657.552 \
374.0796,658 373\
.5,658 C372.9204\
,658 372.45,657.\
552 372.45,657 L\
372.45,643 C372.\
45,642.448 372.9\
204,642 373.5,64\
2 C374.0796,642 \
374.55,642.448 3\
74.55,643 L374.5\
5,657 Z M374.55,\
640 L372.45,640 \
C371.28975,640 3\
70.35,640.895 37\
0.35,642 L370.35\
,658 C370.35,659\
.105 371.28975,6\
60 372.45,660 L3\
74.55,660 C375.7\
1025,660 376.65,\
659.105 376.65,6\
58 L376.65,642 C\
376.65,640.895 3\
75.71025,640 374\
.55,640 L374.55,\
640 Z M367.2,657\
 C367.2,657.552 \
366.7296,658 366\
.15,658 C365.570\
4,658 365.1,657.\
552 365.1,657 L3\
65.1,647 C365.1,\
646.448 365.5704\
,646 366.15,646 \
C366.7296,646 36\
7.2,646.448 367.\
2,647 L367.2,657\
 Z M367.2,644 L3\
65.1,644 C363.93\
975,644 363,644.\
895 363,646 L363\
,658 C363,659.10\
5 363.93975,660 \
365.1,660 L367.2\
,660 C368.36025,\
660 369.3,659.10\
5 369.3,658 L369\
.3,646 C369.3,64\
4.895 368.36025,\
644 367.2,644 L3\
67.2,644 Z M381.\
9,657 C381.9,657\
.552 381.4296,65\
8 380.85,658 C38\
0.2704,658 379.8\
,657.552 379.8,6\
57 L379.8,653 C3\
79.8,652.448 380\
.2704,652 380.85\
,652 C381.4296,6\
52 381.9,652.448\
 381.9,653 L381.\
9,657 Z M381.9,6\
50 L379.8,650 C3\
78.63975,650 377\
.7,650.895 377.7\
,652 L377.7,658 \
C377.7,659.105 3\
78.63975,660 379\
.8,660 L381.9,66\
0 C383.06025,660\
 384,659.105 384\
,658 L384,652 C3\
84,650.895 383.0\
6025,650 381.9,6\
50 L381.9,650 Z\x22\
 id=\x22stats-[#137\
1]\x22>\x0d\x0a\x0d\x0a</path>\x0d\
\x0a            </g\
>\x0d\x0a        </g>\x0d\
\x0a    </g>\x0d\x0a</svg\
>\
\x00\x00\x01\xe5\
<\
?xml version=\x221.\
0\x22 encoding=\x22utf\
-8\x22?>\x0d\x0a\x0d\x0a<!-- Up\
loaded to: SVG R\
epo, www.svgrepo\
.com, Generator:\
 SVG Repo Mixer \
Tools -->\x0a<svg f\
ill=\x22#000000\x22 he\
ight=\x22800px\x22 wid\
th=\x22800px\x22 versi\
on=\x221.1\x22 id=\x22XML\
ID_292_\x22 xmlns=\x22\
http://www.w3.or\
g/2000/svg\x22 xmln\
s:xlink=\x22http://\
www.w3.org/1999/\
xlink\x22 \x0d\x0a\x09 viewB\
ox=\x220 0 24 24\x22 x\
ml:space=\x22preser\
ve\x22>\x0d\x0a<g id=\x22new\
-window\x22>\x0d\x0a\x09<g>\x0d\
\x0a\x09\x09<path d=\x22M18,\
24H0V6h6v2H2v14h\
14v-4H6V0h18v18h\
-6V24z M8,16h14V\
2H8V16z M16,13h-\
2v-3h-3V8h3V5h2v\
3h3v2h-3V13z\x22/>\x0d\
\x0a\x09</g>\x0d\x0a</g>\x0d\x0a</\
svg>\
\x00\x00\x01\xe5\
<\
?xml version=\x221.\
0\x22 encoding=\x22utf\
-8\x22?>\x0d\x0a\x0d\x0a<!-- Up\
loaded to: SVG R\
epo, www.svgrepo\
.com, Generator:\
 SVG Repo Mixer \
Tools -->\x0a<svg f\
ill=\x22#000000\x22 he\
ight=\x22800px\x22 wid\
th=\x22800px\x22 versi\
on=\x221.1\x22 id=\x22XML\
ID_292_\x22 xmlns=\x22\
http://www.w3.or\
g/2000/svg\x22 xmln\
s:xlink=\x22http://\
www.w3.org/1999/\
xlink\x22 \x0d\x0a\x09 viewB\
ox=\x220 0 24 24\x22 x\
ml:space=\x22preser\
ve\x22>\x0d\x0a<g id=\x22new\
-window\x22>\x0d\x0a\x09<g>\x0d\
\x0a\x09\x09<path d=\x22M18,\
24H0V6h6v2H2v14h\
14v-4H6V0h18v18h\
-6V24z M8,16h14V\
2H8V16z M16,13h-\
2v-3h-3V8h3V5h2v\
3h3v2h-3V13z\x22/>\x0d\
\x0a\x09</g>\x0d\x0a</g>\x0d\x0a</\
svg>\
\x00\x00\x02P\
<\
?xml version=\x221.\
0\x22 encoding=\x22utf\
-8\x22?><!-- Upload\
ed to: SVG Repo,\
 www.svgrepo.com\
, Generator: SVG\
 Repo Mixer Tool\
s -->\x0d\x0a<svg fill\
=\x22#000000\x22 width\
=\x22800px\x22 height=\
\x22800px\x22 viewBox=\
\x220 0 24 24\x22 xmln\
s=\x22http://www.w3\
.org/2000/svg\x22><\
path d=\x22M21.707,\
4.475,19.525,2.2\
93a1,1,0,0,0-1.4\
14,0L9.384,11.02\
1a.977.977,0,0,0\
-.241.39L8.052,1\
4.684A1,1,0,0,0,\
9,16a.987.987,0,\
0,0,.316-.052l3.\
273-1.091a.977.9\
77,0,0,0,.39-.24\
1l8.728-8.727A1,\
1,0,0,0,21.707,4\
.475Zm-9.975,8.5\
6-1.151.384.384-\
1.151,7.853-7.85\
4.768.768ZM2,6A1\
,1,0,0,1,3,5h8a1\
,1,0,0,1,0,2H4V2\
0H17V13a1,1,0,0,\
1,2,0v8a1,1,0,0,\
1-1,1H3a1,1,0,0,\
1-1-1Z\x22/></svg>\
\x00\x00\x02P\
<\
?xml version=\x221.\
0\x22 encoding=\x22utf\
-8\x22?><!-- Upload\
ed to: SVG Repo,\
 www.svgrepo.com\
, Generator: SVG\
 Repo Mixer Tool\
s -->\x0d\x0a<svg fill\
=\x22#000000\x22 width\
=\x22800px\x22 height=\
\x22800px\x22 viewBox=\
\x220 0 24 24\x22 xmln\
s=\x22http://www.w3\
.org/2000/svg\x22><\
path d=\x22M21.707,\
4.475,19.525,2.2\
93a1,1,0,0,0-1.4\
14,0L9.384,11.02\
1a.977.977,0,0,0\
-.241.39L8.052,1\
4.684A1,1,0,0,0,\
9,16a.987.987,0,\
0,0,.316-.052l3.\
273-1.091a.977.9\
77,0,0,0,.39-.24\
1l8.728-8.727A1,\
1,0,0,0,21.707,4\
.475Zm-9.975,8.5\
6-1.151.384.384-\
1.151,7.853-7.85\
4.768.768ZM2,6A1\
,1,0,0,1,3,5h8a1\
,1,0,0,1,0,2H4V2\
0H17V13a1,1,0,0,\
1,2,0v8a1,1,0,0,\
1-1,1H3a1,1,0,0,\
1-1-1Z\x22/></svg>\
\x00\x00\x04#\
<\
?xml version=\x221.\
0\x22 encoding=\x22UTF\
-8\x22 standalone=\x22\
no\x22?>\x0d\x0a<!-- Uplo\
aded to: SVG Rep\
o, www.svgrepo.c\
om, Generator: S\
VG Repo Mixer To\
ols -->\x0d\x0a<svg wi\
dth=\x22800px\x22 heig\
ht=\x22800px\x22 viewB\
ox=\x220 -0.5 21 21\
\x22 version=\x221.1\x22 \
xmlns=\x22http://ww\
w.w3.org/2000/sv\
g\x22 xmlns:xlink=\x22\
http://www.w3.or\
g/1999/xlink\x22>\x0d\x0a\
    \x0d\x0a    <title\
>stats [#1370]</\
title>\x0d\x0a    <des\
c>Created with S\
ketch.</desc>\x0d\x0a \
   <defs>\x0d\x0a\x0d\x0a</d\
efs>\x0d\x0a    <g id=\
\x22Page-1\x22 stroke=\
\x22none\x22 stroke-wi\
dth=\x221\x22 fill=\x22no\
ne\x22 fill-rule=\x22e\
venodd\x22>\x0d\x0a      \
  <g id=\x22Dribbbl\
e-Light-Preview\x22\
 transform=\x22tran\
slate(-59.000000\
, -840.000000)\x22 \
fill=\x22#000000\x22>\x0d\
\x0a            <g \
id=\x22icons\x22 trans\
form=\x22translate(\
56.000000, 160.0\
00000)\x22>\x0d\x0a      \
          <path \
d=\x22M12.45,698 L1\
4.55,698 L14.55,\
682 L12.45,682 L\
12.45,698 Z M10.\
35,700 L16.65,70\
0 L16.65,680 L10\
.35,680 L10.35,7\
00 Z M5.1,698 L7\
.2,698 L7.2,686 \
L5.1,686 L5.1,69\
8 Z M3,700 L9.3,\
700 L9.3,684 L3,\
684 L3,700 Z M19\
.8,698 L21.9,698\
 L21.9,692 L19.8\
,692 L19.8,698 Z\
 M17.7,700 L24,7\
00 L24,690 L17.7\
,690 L17.7,700 Z\
\x22 id=\x22stats-[#13\
70]\x22>\x0d\x0a\x0d\x0a</path>\
\x0d\x0a            </\
g>\x0d\x0a        </g>\
\x0d\x0a    </g>\x0d\x0a</sv\
g>\
\x00\x00\x04#\
<\
?xml version=\x221.\
0\x22 encoding=\x22UTF\
-8\x22 standalone=\x22\
no\x22?>\x0d\x0a<!-- Uplo\
aded to: SVG Rep\
o, www.svgrepo.c\
om, Generator: S\
VG Repo Mixer To\
ols -->\x0d\x0a<svg wi\
dth=\x22800px\x22 heig\
ht=\x22800px\x22 viewB\
ox=\x220 -0.5 21 21\
\x22 version=\x221.1\x22 \
xmlns=\x22http://ww\
w.w3.org/2000/sv\
g\x22 xmlns:xlink=\x22\
http://www.w3.or\
g/1999/xlink\x22>\x0d\x0a\
    \x0d\x0a    <title\
>stats [#1370]</\
title>\x0d\x0a    <des\
c>Created with S\
ketch.</desc>\x0d\x0a \
   <defs>\x0d\x0a\x0d\x0a</d\
efs>\x0d\x0a    <g id=\
\x22Page-1\x22 stroke=\
\x22none\x22 stroke-wi\
dth=\x221\x22 fill=\x22no\
ne\x22 fill-rule=\x22e\
venodd\x22>\x0d\x0a      \
  <g id=\x22Dribbbl\
e-Light-Preview\x22\
 transform=\x22tran\
slate(-59.000000\
, -840.000000)\x22 \
fill=\x22#000000\x22>\x0d\
\x0a            <g \
id=\x22icons\x22 trans\
form=\x22translate(\
56.000000, 160.0\
00000)\x22>\x0d\x0a      \
          <path \
d=\x22M12.45,698 L1\
4.55,698 L14.55,\
682 L12.45,682 L\
12.45,698 Z M10.\
35,700 L16.65,70\
0 L16.65,680 L10\
.35,680 L10.35,7\
00 Z M5.1,698 L7\
.2,698 L7.2,686 \
L5.1,686 L5.1,69\
8 Z M3,700 L9.3,\
700 L9.3,684 L3,\
684 L3,700 Z M19\
.8,698 L21.9,698\
 L21.9,692 L19.8\
,692 L19.8,698 Z\
 M17.7,700 L24,7\
00 L24,690 L17.7\
,690 L17.7,700 Z\
\x22 id=\x22stats-[#13\
70]\x22>\x0d\x0a\x0d\x0a</path>\
\x0d\x0a            </\
g>\x0d\x0a        </g>\
\x0d\x0a    </g>\x0d\x0a</sv\
g>\
\x00\x00\x02i\
<\
?xml version=\x221.\
0\x22 ?>\x0d\x0a\x0d\x0a<!-- Up\
loaded to: SVG R\
epo, www.svgrepo\
.com, Generator:\
 SVG Repo Mixer \
Tools -->\x0d\x0a<svg \
width=\x22800px\x22 he\
ight=\x22800px\x22 vie\
wBox=\x220 0 24 24\x22\
 xmlns=\x22http://w\
ww.w3.org/2000/s\
vg\x22>\x0d\x0a\x0d\x0a<title/>\
\x0d\x0a\x0d\x0a<g id=\x22Compl\
ete\x22>\x0d\x0a\x0d\x0a<g id=\x22\
edit\x22>\x0d\x0a\x0d\x0a<g>\x0d\x0a\x0d\
\x0a<path d=\x22M20,16\
v4a2,2,0,0,1-2,2\
H4a2,2,0,0,1-2-2\
V6A2,2,0,0,1,4,4\
H8\x22 fill=\x22none\x22 \
stroke=\x22#000000\x22\
 stroke-linecap=\
\x22round\x22 stroke-l\
inejoin=\x22round\x22 \
stroke-width=\x222\x22\
/>\x0d\x0a\x0d\x0a<polygon f\
ill=\x22none\x22 point\
s=\x2212.5 15.8 22 \
6.2 17.8 2 8.3 1\
1.5 8 16 12.5 15\
.8\x22 stroke=\x22#000\
000\x22 stroke-line\
cap=\x22round\x22 stro\
ke-linejoin=\x22rou\
nd\x22 stroke-width\
=\x222\x22/>\x0d\x0a\x0d\x0a</g>\x0d\x0a\
\x0d\x0a</g>\x0d\x0a\x0d\x0a</g>\x0d\x0a\
\x0d\x0a</svg>\
\x00\x00\x02i\
<\
?xml version=\x221.\
0\x22 ?>\x0d\x0a\x0d\x0a<!-- Up\
loaded to: SVG R\
epo, www.svgrepo\
.com, Generator:\
 SVG Repo Mixer \
Tools -->\x0d\x0a<svg \
width=\x22800px\x22 he\
ight=\x22800px\x22 vie\
wBox=\x220 0 24 24\x22\
 xmlns=\x22http://w\
ww.w3.org/2000/s\
vg\x22>\x0d\x0a\x0d\x0a<title/>\
\x0d\x0a\x0d\x0a<g id=\x22Compl\
ete\x22>\x0d\x0a\x0d\x0a<g id=\x22\
edit\x22>\x0d\x0a\x0d\x0a<g>\x0d\x0a\x0d\
\x0a<path d=\x22M20,16\
v4a2,2,0,0,1-2,2\
H4a2,2,0,0,1-2-2\
V6A2,2,0,0,1,4,4\
H8\x22 fill=\x22none\x22 \
stroke=\x22#000000\x22\
 stroke-linecap=\
\x22round\x22 stroke-l\
inejoin=\x22round\x22 \
stroke-width=\x222\x22\
/>\x0d\x0a\x0d\x0a<polygon f\
ill=\x22none\x22 point\
s=\x2212.5 15.8 22 \
6.2 17.8 2 8.3 1\
1.5 8 16 12.5 15\
.8\x22 stroke=\x22#000\
000\x22 stroke-line\
cap=\x22round\x22 stro\
ke-linejoin=\x22rou\
nd\x22 stroke-width\
=\x222\x22/>\x0d\x0a\x0d\x0a</g>\x0d\x0a\
\x0d\x0a</g>\x0d\x0a\x0d\x0a</g>\x0d\x0a\
\x0d\x0a</svg>\
\x00\x00\x03\x5c\
<\
?xml version=\x221.\
0\x22 encoding=\x22utf\
-8\x22?><!-- Upload\
ed to: SVG Repo,\
 www.svgrepo.com\
, Generator: SVG\
 Repo Mixer Tool\
s -->\x0d\x0a<svg widt\
h=\x22800px\x22 height\
=\x22800px\x22 viewBox\
=\x220 0 24 24\x22 fil\
l=\x22none\x22 xmlns=\x22\
http://www.w3.or\
g/2000/svg\x22>\x0d\x0a<p\
ath d=\x22M23 12C23\
 18.0751 18.0751\
 23 12 23C5.9248\
7 23 1 18.0751 1\
 12C1 5.92487 5.\
92487 1 12 1C18.\
0751 1 23 5.9248\
7 23 12ZM3.00683\
 12C3.00683 16.9\
668 7.03321 20.9\
932 12 20.9932C1\
6.9668 20.9932 2\
0.9932 16.9668 2\
0.9932 12C20.993\
2 7.03321 16.966\
8 3.00683 12 3.0\
0683C7.03321 3.0\
0683 3.00683 7.0\
3321 3.00683 12Z\
\x22 fill=\x22#0F0F0F\x22\
/>\x0d\x0a<path d=\x22M12\
 5C11.4477 5 11 \
5.44771 11 6V12.\
4667C11 12.4667 \
11 12.7274 11.12\
67 12.9235C11.21\
15 13.0898 11.34\
37 13.2343 11.51\
74 13.3346L16.13\
72 16.0019C16.61\
55 16.278 17.227\
1 16.1141 17.503\
2 15.6358C17.779\
3 15.1575 17.615\
5 14.5459 17.137\
2 14.2698L13 11.\
8812V6C13 5.4477\
2 12.5523 5 12 5\
Z\x22 fill=\x22#0F0F0F\
\x22/>\x0d\x0a</svg>\
\x00\x00\x01\xd1\
<\
?xml version=\x221.\
0\x22 encoding=\x22utf\
-8\x22?><!-- Upload\
ed to: SVG Repo,\
 www.svgrepo.com\
, Generator: SVG\
 Repo Mixer Tool\
s -->\x0d\x0a<svg widt\
h=\x22800px\x22 height\
=\x22800px\x22 viewBox\
=\x220 0 24 24\x22 fil\
l=\x22none\x22 xmlns=\x22\
http://www.w3.or\
g/2000/svg\x22>\x0d\x0a<p\
ath d=\x22M5 12H20\x22\
 stroke=\x22#000000\
\x22 stroke-width=\x22\
2\x22 stroke-lineca\
p=\x22round\x22/>\x0d\x0a<pa\
th d=\x22M5 17H20\x22 \
stroke=\x22#000000\x22\
 stroke-width=\x222\
\x22 stroke-linecap\
=\x22round\x22/>\x0d\x0a<pat\
h d=\x22M5 7H20\x22 st\
roke=\x22#000000\x22 s\
troke-width=\x222\x22 \
stroke-linecap=\x22\
round\x22/>\x0d\x0a</svg>\
\
\x00\x00\x01\xd1\
<\
?xml version=\x221.\
0\x22 encoding=\x22utf\
-8\x22?><!-- Upload\
ed to: SVG Repo,\
 www.svgrepo.com\
, Generator: SVG\
 Repo Mixer Tool\
s -->\x0d\x0a<svg widt\
h=\x22800px\x22 height\
=\x22800px\x22 viewBox\
=\x220 0 24 24\x22 fil\
l=\x22none\x22 xmlns=\x22\
http://www.w3.or\
g/2000/svg\x22>\x0d\x0a<p\
ath d=\x22M5 12H20\x22\
 stroke=\x22#000000\
\x22 stroke-width=\x22\
2\x22 stroke-lineca\
p=\x22round\x22/>\x0d\x0a<pa\
th d=\x22M5 17H20\x22 \
stroke=\x22#000000\x22\
 stroke-width=\x222\
\x22 stroke-linecap\
=\x22round\x22/>\x0d\x0a<pat\
h d=\x22M5 7H20\x22 st\
roke=\x22#000000\x22 s\
troke-width=\x222\x22 \
stroke-linecap=\x22\
round\x22/>\x0d\x0a</svg>\
\
\x00\x00\x02F\
<\
?xml version=\x221.\
0\x22 encoding=\x22iso\
-8859-1\x22?>\x0d\x0a<!--\
 Uploaded to: SV\
G Repo, www.svgr\
epo.com, Generat\
or: SVG Repo Mix\
er Tools -->\x0d\x0a<!\
DOCTYPE svg PUBL\
IC \x22-//W3C//DTD \
SVG 1.1//EN\x22 \x22ht\
tp://www.w3.org/\
Graphics/SVG/1.1\
/DTD/svg11.dtd\x22>\
\x0d\x0a<svg fill=\x22#00\
0000\x22 version=\x221\
.1\x22 id=\x22Capa_1\x22 \
xmlns=\x22http://ww\
w.w3.org/2000/sv\
g\x22 xmlns:xlink=\x22\
http://www.w3.or\
g/1999/xlink\x22 \x0d\x0a\
\x09 width=\x22800px\x22 \
height=\x22800px\x22 v\
iewBox=\x220 0 335.\
765 335.765\x22\x0d\x0a\x09 \
xml:space=\x22prese\
rve\x22>\x0d\x0a<g>\x0d\x0a\x09<g>\
\x0d\x0a\x09\x09<polygon poi\
nts=\x22311.757,41.\
803 107.573,245.\
96 23.986,162.36\
4 0,186.393 107.\
573,293.962 335.\
765,65.795 \x09\x09\x22/>\
\x0d\x0a\x09</g>\x0d\x0a</g>\x0d\x0a<\
/svg>\
\x00\x00\x05\x8a\
<\
?xml version=\x221.\
0\x22 encoding=\x22UTF\
-8\x22 standalone=\x22\
no\x22?>\x0a<!-- Uploa\
ded to: SVG Repo\
, www.svgrepo.co\
m, Generator: SV\
G Repo Mixer Too\
ls -->\x0a\x0a<svg\x0a   \
width=\x22800px\x22\x0a  \
 height=\x22800px\x22\x0a\
   viewBox=\x220 0 \
24 24\x22\x0a   fill=\x22\
none\x22\x0a   version\
=\x221.1\x22\x0a   id=\x22sv\
g1\x22\x0a   sodipodi:\
docname=\x22arrow-n\
arrow-right-svgr\
epo-com.svg\x22\x0a   \
inkscape:version\
=\x221.4.2 (f4327f4\
, 2025-05-13)\x22\x0a \
  xmlns:inkscape\
=\x22http://www.ink\
scape.org/namesp\
aces/inkscape\x22\x0a \
  xmlns:sodipodi\
=\x22http://sodipod\
i.sourceforge.ne\
t/DTD/sodipodi-0\
.dtd\x22\x0a   xmlns=\x22\
http://www.w3.or\
g/2000/svg\x22\x0a   x\
mlns:svg=\x22http:/\
/www.w3.org/2000\
/svg\x22>\x0a  <defs\x0a \
    id=\x22defs1\x22 /\
>\x0a  <sodipodi:na\
medview\x0a     id=\
\x22namedview1\x22\x0a   \
  pagecolor=\x22#ff\
ffff\x22\x0a     borde\
rcolor=\x22#000000\x22\
\x0a     borderopac\
ity=\x220.25\x22\x0a     \
inkscape:showpag\
eshadow=\x222\x22\x0a    \
 inkscape:pageop\
acity=\x220.0\x22\x0a    \
 inkscape:pagech\
eckerboard=\x220\x22\x0a \
    inkscape:des\
kcolor=\x22#d1d1d1\x22\
\x0a     inkscape:z\
oom=\x220.62875\x22\x0a  \
   inkscape:cx=\x22\
400\x22\x0a     inksca\
pe:cy=\x22400\x22\x0a    \
 inkscape:window\
-width=\x221366\x22\x0a  \
   inkscape:wind\
ow-height=\x22705\x22\x0a\
     inkscape:wi\
ndow-x=\x22-8\x22\x0a    \
 inkscape:window\
-y=\x22-8\x22\x0a     ink\
scape:window-max\
imized=\x221\x22\x0a     \
inkscape:current\
-layer=\x22svg1\x22 />\
\x0a  <path\x0a     d=\
\x22M 4,12 H 14.075\
547 20 m 0,0 -4,\
-4 m 4,4 -4,4\x22\x0a \
    stroke=\x22#000\
000\x22\x0a     stroke\
-width=\x222\x22\x0a     \
stroke-linecap=\x22\
round\x22\x0a     stro\
ke-linejoin=\x22rou\
nd\x22\x0a     id=\x22pat\
h1\x22\x0a     style=\x22\
fill:#ffffff;str\
oke:#ffffff;stro\
ke-opacity:1;fil\
l-opacity:1\x22\x0a   \
  sodipodi:nodet\
ypes=\x22ccccccc\x22 /\
>\x0a</svg>\x0a\
\x00\x00\x05\x8a\
<\
?xml version=\x221.\
0\x22 encoding=\x22UTF\
-8\x22 standalone=\x22\
no\x22?>\x0a<!-- Uploa\
ded to: SVG Repo\
, www.svgrepo.co\
m, Generator: SV\
G Repo Mixer Too\
ls -->\x0a\x0a<svg\x0a   \
width=\x22800px\x22\x0a  \
 height=\x22800px\x22\x0a\
   viewBox=\x220 0 \
24 24\x22\x0a   fill=\x22\
none\x22\x0a   version\
=\x221.1\x22\x0a   id=\x22sv\
g1\x22\x0a   sodipodi:\
docname=\x22arrow-n\
arrow-right-svgr\
epo-com.svg\x22\x0a   \
inkscape:version\
=\x221.4.2 (f4327f4\
, 2025-05-13)\x22\x0a \
  xmlns:inkscape\
=\x22http://www.ink\
scape.org/namesp\
aces/inkscape\x22\x0a \
  xmlns:sodipodi\
=\x22http://sodipod\
i.sourceforge.ne\
t/DTD/sodipodi-0\
.dtd\x22\x0a   xmlns=\x22\
http://www.w3.or\
g/2000/svg\x22\x0a   x\
mlns:svg=\x22http:/\
/www.w3.org/2000\
/svg\x22>\x0a  <defs\x0a \
    id=\x22defs1\x22 /\
>\x0a  <sodipodi:na\
medview\x0a     id=\
\x22namedview1\x22\x0a   \
  pagecolor=\x22#ff\
ffff\x22\x0a     borde\
rcolor=\x22#000000\x22\
\x0a     borderopac\
ity=\x220.25\x22\x0a     \
inkscape:showpag\
eshadow=\x222\x22\x0a    \
 inkscape:pageop\
acity=\x220.0\x22\x0a    \
 inkscape:pagech\
eckerboard=\x220\x22\x0a \
    inkscape:des\
kcolor=\x22#d1d1d1\x22\
\x0a     inkscape:z\
oom=\x220.62875\x22\x0a  \
   inkscape:cx=\x22\
400\x22\x0a     inksca\
pe:cy=\x22400\x22\x0a    \
 inkscape:window\
-width=\x221366\x22\x0a  \
   inkscape:wind\
ow-height=\x22705\x22\x0a\
     inkscape:wi\
ndow-x=\x22-8\x22\x0a    \
 inkscape:window\
-y=\x22-8\x22\x0a     ink\
scape:window-max\
imized=\x221\x22\x0a     \
inkscape:current\
-layer=\x22svg1\x22 />\
\x0a  <path\x0a     d=\
\x22M 4,12 H 14.075\
547 20 m 0,0 -4,\
-4 m 4,4 -4,4\x22\x0a \
    stroke=\x22#000\
000\x22\x0a     stroke\
-width=\x222\x22\x0a     \
stroke-linecap=\x22\
round\x22\x0a     stro\
ke-linejoin=\x22rou\
nd\x22\x0a     id=\x22pat\
h1\x22\x0a     style=\x22\
fill:#ffffff;str\
oke:#ffffff;stro\
ke-opacity:1;fil\
l-opacity:1\x22\x0a   \
  sodipodi:nodet\
ypes=\x22ccccccc\x22 /\
>\x0a</svg>\x0a\
\x00\x00\x04\x0e\
<\
?xml version=\x221.\
0\x22 encoding=\x22UTF\
-8\x22 standalone=\x22\
no\x22?>\x0d\x0a<!-- Uplo\
aded to: SVG Rep\
o, www.svgrepo.c\
om, Generator: S\
VG Repo Mixer To\
ols -->\x0d\x0a<svg wi\
dth=\x22800px\x22 heig\
ht=\x22800px\x22 viewB\
ox=\x220 -0.5 21 21\
\x22 version=\x221.1\x22 \
xmlns=\x22http://ww\
w.w3.org/2000/sv\
g\x22 xmlns:xlink=\x22\
http://www.w3.or\
g/1999/xlink\x22>\x0d\x0a\
    \x0d\x0a    <title\
>done_cover [#14\
85]</title>\x0d\x0a   \
 <desc>Created w\
ith Sketch.</des\
c>\x0d\x0a    <defs>\x0d\x0a\
\x0d\x0a</defs>\x0d\x0a    <\
g id=\x22Page-1\x22 st\
roke=\x22none\x22 stro\
ke-width=\x221\x22 fil\
l=\x22none\x22 fill-ru\
le=\x22evenodd\x22>\x0d\x0a \
       <g id=\x22Dr\
ibbble-Light-Pre\
view\x22 transform=\
\x22translate(-259.\
000000, -360.000\
000)\x22 fill=\x22#000\
000\x22>\x0d\x0a         \
   <g id=\x22icons\x22\
 transform=\x22tran\
slate(56.000000,\
 160.000000)\x22>\x0d\x0a\
                \
<path d=\x22M205.1,\
218 L221.9,218 L\
221.9,202 L205.1\
,202 L205.1,218 \
Z M203,220 L224,\
220 L224,200 L20\
3,200 L203,220 Z\
 M212.9162,213.7\
48 L209.2034,210\
.212 L210.6881,2\
08.798 L212.9162\
,210.92 L217.371\
35,206.677 L218.\
85605,208.091 L2\
12.91725,213.748\
 L212.9162,213.7\
47 L212.9162,213\
.748 Z\x22 id=\x22done\
_cover-[#1485]\x22>\
\x0d\x0a\x0d\x0a</path>\x0d\x0a   \
         </g>\x0d\x0a \
       </g>\x0d\x0a   \
 </g>\x0d\x0a</svg>\
\x00\x00\x04\x0e\
<\
?xml version=\x221.\
0\x22 encoding=\x22UTF\
-8\x22 standalone=\x22\
no\x22?>\x0d\x0a<!-- Uplo\
aded to: SVG Rep\
o, www.svgrepo.c\
om, Generator: S\
VG Repo Mixer To\
ols -->\x0d\x0a<svg wi\
dth=\x22800px\x22 heig\
ht=\x22800px\x22 viewB\
ox=\x220 -0.5 21 21\
\x22 version=\x221.1\x22 \
xmlns=\x22http://ww\
w.w3.org/2000/sv\
g\x22 xmlns:xlink=\x22\
http://www.w3.or\
g/1999/xlink\x22>\x0d\x0a\
    \x0d\x0a    <title\
>done_cover [#14\
85]</title>\x0d\x0a   \
 <desc>Created w\
ith Sketch.</des\
c>\x0d\x0a    <defs>\x0d\x0a\
\x0d\x0a</defs>\x0d\x0a    <\
g id=\x22Page-1\x22 st\
roke=\x22none\x22 stro\
ke-width=\x221\x22 fil\
l=\x22none\x22 fill-ru\
le=\x22evenodd\x22>\x0d\x0a \
       <g id=\x22Dr\
ibbble-Light-Pre\
view\x22 transform=\
\x22translate(-259.\
000000, -360.000\
000)\x22 fill=\x22#000\
000\x22>\x0d\x0a         \
   <g id=\x22icons\x22\
 transform=\x22tran\
slate(56.000000,\
 160.000000)\x22>\x0d\x0a\
                \
<path d=\x22M205.1,\
218 L221.9,218 L\
221.9,202 L205.1\
,202 L205.1,218 \
Z M203,220 L224,\
220 L224,200 L20\
3,200 L203,220 Z\
 M212.9162,213.7\
48 L209.2034,210\
.212 L210.6881,2\
08.798 L212.9162\
,210.92 L217.371\
35,206.677 L218.\
85605,208.091 L2\
12.91725,213.748\
 L212.9162,213.7\
47 L212.9162,213\
.748 Z\x22 id=\x22done\
_cover-[#1485]\x22>\
\x0d\x0a\x0d\x0a</path>\x0d\x0a   \
         </g>\x0d\x0a \
       </g>\x0d\x0a   \
 </g>\x0d\x0a</svg>\
\x00\x00\x01\xed\
<\
?xml version=\x221.\
0\x22 encoding=\x22utf\
-8\x22?><!-- Upload\
ed to: SVG Repo,\
 www.svgrepo.com\
, Generator: SVG\
 Repo Mixer Tool\
s -->\x0d\x0a<svg widt\
h=\x22800px\x22 height\
=\x22800px\x22 viewBox\
=\x220 0 24 24\x22 fil\
l=\x22none\x22 xmlns=\x22\
http://www.w3.or\
g/2000/svg\x22>\x0d\x0a<p\
ath d=\x22M15 16.5V\
19C15 20.1046 14\
.1046 21 13 21H6\
C4.89543 21 4 20\
.1046 4 19V5C4 3\
.89543 4.89543 3\
 6 3H13C14.1046 \
3 15 3.89543 15 \
5V8.0625M11 12H2\
1M21 12L18.5 9.5\
M21 12L18.5 14.5\
\x22 stroke=\x22#00000\
0\x22 stroke-width=\
\x222\x22 stroke-linec\
ap=\x22round\x22 strok\
e-linejoin=\x22roun\
d\x22/>\x0d\x0a</svg>\
\x00\x00\x01\xed\
<\
?xml version=\x221.\
0\x22 encoding=\x22utf\
-8\x22?><!-- Upload\
ed to: SVG Repo,\
 www.svgrepo.com\
, Generator: SVG\
 Repo Mixer Tool\
s -->\x0d\x0a<svg widt\
h=\x22800px\x22 height\
=\x22800px\x22 viewBox\
=\x220 0 24 24\x22 fil\
l=\x22none\x22 xmlns=\x22\
http://www.w3.or\
g/2000/svg\x22>\x0d\x0a<p\
ath d=\x22M15 16.5V\
19C15 20.1046 14\
.1046 21 13 21H6\
C4.89543 21 4 20\
.1046 4 19V5C4 3\
.89543 4.89543 3\
 6 3H13C14.1046 \
3 15 3.89543 15 \
5V8.0625M11 12H2\
1M21 12L18.5 9.5\
M21 12L18.5 14.5\
\x22 stroke=\x22#00000\
0\x22 stroke-width=\
\x222\x22 stroke-linec\
ap=\x22round\x22 strok\
e-linejoin=\x22roun\
d\x22/>\x0d\x0a</svg>\
\x00\x00\x01\xda\
<\
?xml version=\x221.\
0\x22 encoding=\x22utf\
-8\x22?><!-- Upload\
ed to: SVG Repo,\
 www.svgrepo.com\
, Generator: SVG\
 Repo Mixer Tool\
s -->\x0d\x0a<svg widt\
h=\x22800px\x22 height\
=\x22800px\x22 viewBox\
=\x220 0 24 24\x22 fil\
l=\x22none\x22 xmlns=\x22\
http://www.w3.or\
g/2000/svg\x22>\x0d\x0a<p\
ath d=\x22M21 3V8M2\
1 8H16M21 8L18 5\
.29168C16.4077 3\
.86656 14.3051 3\
 12 3C7.02944 3 \
3 7.02944 3 12C3\
 16.9706 7.02944\
 21 12 21C16.283\
2 21 19.8675 18.\
008 20.777 14\x22 s\
troke=\x22#000000\x22 \
stroke-width=\x222\x22\
 stroke-linecap=\
\x22round\x22 stroke-l\
inejoin=\x22round\x22/\
>\x0d\x0a</svg>\
\x00\x00\x01\xda\
<\
?xml version=\x221.\
0\x22 encoding=\x22utf\
-8\x22?><!-- Upload\
ed to: SVG Repo,\
 www.svgrepo.com\
, Generator: SVG\
 Repo Mixer Tool\
s -->\x0d\x0a<svg widt\
h=\x22800px\x22 height\
=\x22800px\x22 viewBox\
=\x220 0 24 24\x22 fil\
l=\x22none\x22 xmlns=\x22\
http://www.w3.or\
g/2000/svg\x22>\x0d\x0a<p\
ath d=\x22M21 3V8M2\
1 8H16M21 8L18 5\
.29168C16.4077 3\
.86656 14.3051 3\
 12 3C7.02944 3 \
3 7.02944 3 12C3\
 16.9706 7.02944\
 21 12 21C16.283\
2 21 19.8675 18.\
008 20.777 14\x22 s\
troke=\x22#000000\x22 \
stroke-width=\x222\x22\
 stroke-linecap=\
\x22round\x22 stroke-l\
inejoin=\x22round\x22/\
>\x0d\x0a</svg>\
\x00\x00\x01_\
<\
?xml version=\x221.\
0\x22 encoding=\x22utf\
-8\x22?><!-- Upload\
ed to: SVG Repo,\
 www.svgrepo.com\
, Generator: SVG\
 Repo Mixer Tool\
s -->\x0d\x0a<svg widt\
h=\x22800px\x22 height\
=\x22800px\x22 viewBox\
=\x220 0 24 24\x22 fil\
l=\x22none\x22 xmlns=\x22\
http://www.w3.or\
g/2000/svg\x22>\x0d\x0a<p\
ath d=\x22M4 12H20M\
4 12L8 8M4 12L8 \
16\x22 stroke=\x22#000\
000\x22 stroke-widt\
h=\x222\x22 stroke-lin\
ecap=\x22round\x22 str\
oke-linejoin=\x22ro\
und\x22/>\x0d\x0a</svg>\
\x00\x00\x01_\
<\
?xml version=\x221.\
0\x22 encoding=\x22utf\
-8\x22?><!-- Upload\
ed to: SVG Repo,\
 www.svgrepo.com\
, Generator: SVG\
 Repo Mixer Tool\
s -->\x0d\x0a<svg widt\
h=\x22800px\x22 height\
=\x22800px\x22 viewBox\
=\x220 0 24 24\x22 fil\
l=\x22none\x22 xmlns=\x22\
http://www.w3.or\
g/2000/svg\x22>\x0d\x0a<p\
ath d=\x22M4 12H20M\
4 12L8 8M4 12L8 \
16\x22 stroke=\x22#000\
000\x22 stroke-widt\
h=\x222\x22 stroke-lin\
ecap=\x22round\x22 str\
oke-linejoin=\x22ro\
und\x22/>\x0d\x0a</svg>\
\x00\x00\x01\xab\
<\
svg xmlns=\x22http:\
//www.w3.org/200\
0/svg\x22  viewBox=\
\x220 0 32 32\x22 widt\
h=\x2264px\x22 height=\
\x2264px\x22><path d=\x22\
M 16 4 C 9.38281\
3 4 4 9.382813 4\
 16 C 4 22.61718\
8 9.382813 28 16\
 28 C 22.617188 \
28 28 22.617188 \
28 16 C 28 9.382\
813 22.617188 4 \
16 4 Z M 16 6 C \
21.535156 6 26 1\
0.464844 26 16 C\
 26 21.535156 21\
.535156 26 16 26\
 C 10.464844 26 \
6 21.535156 6 16\
 C 6 10.464844 1\
0.464844 6 16 6 \
Z M 15 8 L 15 17\
 L 22 17 L 22 15\
 L 17 15 L 17 8 \
Z\x22/></svg>\
\x00\x00\x09\x0b\
<\
?xml version=\x221.\
0\x22 encoding=\x22utf\
-8\x22?><!-- Upload\
ed to: SVG Repo,\
 www.svgrepo.com\
, Generator: SVG\
 Repo Mixer Tool\
s -->\x0a<svg fill=\
\x22#000000\x22 width=\
\x22800px\x22 height=\x22\
800px\x22 viewBox=\x22\
0 0 1024 1024\x22 x\
mlns=\x22http://www\
.w3.org/2000/svg\
\x22><path d=\x22M263.\
508 346.359c0-11\
.782 9.551-21.33\
3 21.333-21.333h\
303.012c11.78 0 \
21.333 9.551 21.\
333 21.333s-9.55\
3 21.333-21.333 \
21.333H284.841c-\
11.782 0-21.333-\
9.551-21.333-21.\
333zm21.333 92.9\
37c-11.782 0-21.\
333 9.553-21.333\
 21.333 0 11.785\
 9.551 21.333 21\
.333 21.333h303.\
012c11.78 0 21.3\
33-9.549 21.333-\
21.333 0-11.78-9\
.553-21.333-21.3\
33-21.333H284.84\
1zm-21.333 135.5\
99c0-11.78 9.551\
-21.333 21.333-2\
1.333h303.012c11\
.78 0 21.333 9.5\
53 21.333 21.333\
 0 11.785-9.553 \
21.333-21.333 21\
.333H284.841c-11\
.782 0-21.333-9.\
549-21.333-21.33\
3zm21.333 92.535\
c-11.782 0-21.33\
3 9.553-21.333 2\
1.333 0 11.785 9\
.551 21.333 21.3\
33 21.333h303.01\
2c11.78 0 21.333\
-9.549 21.333-21\
.333 0-11.78-9.5\
53-21.333-21.333\
-21.333H284.841z\
\x22/><path d=\x22M325\
.731 43.151h15.6\
54c1.387-.283 2.\
823-.432 4.294-.\
432s2.907.149 4.\
294.432H654.22c3\
7.875 0 68.74 30\
.919 68.74 68.78\
v649.225c0 37.85\
8-30.865 68.779-\
68.74 68.779H218\
.073c-37.873 0-6\
8.741-30.921-68.\
741-68.779V212.7\
54c0-.922.058-1.\
831.172-2.722.46\
6-11.074 4.843-2\
2.22 13.986-31.3\
71L285.747 56.30\
6c11.501-11.236 \
26.231-15.109 39\
.984-13.155zM193\
.673 208.819L315\
.626 86.765c.943\
-.899 1.808-1.23\
8 2.577-1.366.89\
5-.149 1.968-.04\
9 3.028.39 1.055\
.437 1.833 1.1 2\
.312 1.78.366.52\
.73 1.278.803 2.\
512v70.051c0 .25\
6.004.511.013.76\
5v38.38c0 9.981-\
8.243 18.205-18.\
173 18.205H197.1\
49c-1.328 0-2.14\
1-.36-2.728-.777\
-.686-.486-1.363\
-1.285-1.806-2.3\
54s-.529-2.115-.\
384-2.956c.124-.\
722.455-1.588 1.\
441-2.575zm173.3\
4-123.001v3.525c\
.009.399.013.8.0\
13 1.202v108.731\
c0 33.512-27.312\
 60.872-60.839 6\
0.872L192 260.15\
1v501.005c0 14.3\
27 11.799 26.112\
 26.074 26.112h4\
36.147c14.276 0 \
26.074-11.785 26\
.074-26.112V111.\
931c0-14.33-11.7\
97-26.113-26.074\
-26.113H367.013z\
\x22/><path d=\x22M777\
.485 128.521c-11\
.785 0-21.333 9.\
551-21.333 21.33\
3s9.549 21.333 2\
1.333 21.333h28.\
442c14.276 0 26.\
074 11.783 26.07\
4 26.113v715.254\
c0 14.332-11.797\
 26.112-26.074 2\
6.112H369.78c-14\
.275 0-26.074-11\
.785-26.074-26.1\
12v-28.075c0-11.\
78-9.551-21.333-\
21.333-21.333s-2\
1.333 9.553-21.3\
33 21.333v28.075\
c0 37.862 30.868\
 68.779 68.741 6\
8.779h436.147c37\
.875 0 68.74-30.\
916 68.74-68.779\
V197.3c0-37.861-\
30.865-68.78-68.\
74-68.78h-28.442\
z\x22/></svg>\
\x00\x00\x09\x0b\
<\
?xml version=\x221.\
0\x22 encoding=\x22utf\
-8\x22?><!-- Upload\
ed to: SVG Repo,\
 www.svgrepo.com\
, Generator: SVG\
 Repo Mixer Tool\
s -->\x0a<svg fill=\
\x22#000000\x22 width=\
\x22800px\x22 height=\x22\
800px\x22 viewBox=\x22\
0 0 1024 1024\x22 x\
mlns=\x22http://www\
.w3.org/2000/svg\
\x22><path d=\x22M263.\
508 346.359c0-11\
.782 9.551-21.33\
3 21.333-21.333h\
303.012c11.78 0 \
21.333 9.551 21.\
333 21.333s-9.55\
3 21.333-21.333 \
21.333H284.841c-\
11.782 0-21.333-\
9.551-21.333-21.\
333zm21.333 92.9\
37c-11.782 0-21.\
333 9.553-21.333\
 21.333 0 11.785\
 9.551 21.333 21\
.333 21.333h303.\
012c11.78 0 21.3\
33-9.549 21.333-\
21.333 0-11.78-9\
.553-21.333-21.3\
33-21.333H284.84\
1zm-21.333 135.5\
99c0-11.78 9.551\
-21.333 21.333-2\
1.333h303.012c11\
.78 0 21.333 9.5\
53 21.333 21.333\
 0 11.785-9.553 \
21.333-21.333 21\
.333H284.841c-11\
.782 0-21.333-9.\
549-21.333-21.33\
3zm21.333 92.535\
c-11.782 0-21.33\
3 9.553-21.333 2\
1.333 0 11.785 9\
.551 21.333 21.3\
33 21.333h303.01\
2c11.78 0 21.333\
-9.549 21.333-21\
.333 0-11.78-9.5\
53-21.333-21.333\
-21.333H284.841z\
\x22/><path d=\x22M325\
.731 43.151h15.6\
54c1.387-.283 2.\
823-.432 4.294-.\
432s2.907.149 4.\
294.432H654.22c3\
7.875 0 68.74 30\
.919 68.74 68.78\
v649.225c0 37.85\
8-30.865 68.779-\
68.74 68.779H218\
.073c-37.873 0-6\
8.741-30.921-68.\
741-68.779V212.7\
54c0-.922.058-1.\
831.172-2.722.46\
6-11.074 4.843-2\
2.22 13.986-31.3\
71L285.747 56.30\
6c11.501-11.236 \
26.231-15.109 39\
.984-13.155zM193\
.673 208.819L315\
.626 86.765c.943\
-.899 1.808-1.23\
8 2.577-1.366.89\
5-.149 1.968-.04\
9 3.028.39 1.055\
.437 1.833 1.1 2\
.312 1.78.366.52\
.73 1.278.803 2.\
512v70.051c0 .25\
6.004.511.013.76\
5v38.38c0 9.981-\
8.243 18.205-18.\
173 18.205H197.1\
49c-1.328 0-2.14\
1-.36-2.728-.777\
-.686-.486-1.363\
-1.285-1.806-2.3\
54s-.529-2.115-.\
384-2.956c.124-.\
722.455-1.588 1.\
441-2.575zm173.3\
4-123.001v3.525c\
.009.399.013.8.0\
13 1.202v108.731\
c0 33.512-27.312\
 60.872-60.839 6\
0.872L192 260.15\
1v501.005c0 14.3\
27 11.799 26.112\
 26.074 26.112h4\
36.147c14.276 0 \
26.074-11.785 26\
.074-26.112V111.\
931c0-14.33-11.7\
97-26.113-26.074\
-26.113H367.013z\
\x22/><path d=\x22M777\
.485 128.521c-11\
.785 0-21.333 9.\
551-21.333 21.33\
3s9.549 21.333 2\
1.333 21.333h28.\
442c14.276 0 26.\
074 11.783 26.07\
4 26.113v715.254\
c0 14.332-11.797\
 26.112-26.074 2\
6.112H369.78c-14\
.275 0-26.074-11\
.785-26.074-26.1\
12v-28.075c0-11.\
78-9.551-21.333-\
21.333-21.333s-2\
1.333 9.553-21.3\
33 21.333v28.075\
c0 37.862 30.868\
 68.779 68.741 6\
8.779h436.147c37\
.875 0 68.74-30.\
916 68.74-68.779\
V197.3c0-37.861-\
30.865-68.78-68.\
74-68.78h-28.442\
z\x22/></svg>\
\x00\x00\x07b\
<\
?xml version=\x221.\
0\x22 encoding=\x22UTF\
-8\x22 standalone=\x22\
no\x22?>\x0a<!-- Uploa\
ded to: SVG Repo\
, www.svgrepo.co\
m, Generator: SV\
G Repo Mixer Too\
ls -->\x0a\x0a<svg\x0a   \
width=\x22800px\x22\x0a  \
 height=\x22800px\x22\x0a\
   viewBox=\x220 0 \
24 24\x22\x0a   fill=\x22\
none\x22\x0a   version\
=\x221.1\x22\x0a   id=\x22sv\
g2\x22\x0a   sodipodi:\
docname=\x22WHITE-t\
ime-svgrepo-com.\
svg\x22\x0a   inkscape\
:version=\x221.4.2 \
(f4327f4, 2025-0\
5-13)\x22\x0a   xmlns:\
inkscape=\x22http:/\
/www.inkscape.or\
g/namespaces/ink\
scape\x22\x0a   xmlns:\
sodipodi=\x22http:/\
/sodipodi.source\
forge.net/DTD/so\
dipodi-0.dtd\x22\x0a  \
 xmlns=\x22http://w\
ww.w3.org/2000/s\
vg\x22\x0a   xmlns:svg\
=\x22http://www.w3.\
org/2000/svg\x22>\x0a \
 <defs\x0a     id=\x22\
defs2\x22 />\x0a  <sod\
ipodi:namedview\x0a\
     id=\x22namedvi\
ew2\x22\x0a     pageco\
lor=\x22#ffffff\x22\x0a  \
   bordercolor=\x22\
#000000\x22\x0a     bo\
rderopacity=\x220.2\
5\x22\x0a     inkscape\
:showpageshadow=\
\x222\x22\x0a     inkscap\
e:pageopacity=\x220\
.0\x22\x0a     inkscap\
e:pagecheckerboa\
rd=\x220\x22\x0a     inks\
cape:deskcolor=\x22\
#d1d1d1\x22\x0a     in\
kscape:zoom=\x220.6\
2875\x22\x0a     inksc\
ape:cx=\x22400\x22\x0a   \
  inkscape:cy=\x224\
00\x22\x0a     inkscap\
e:window-width=\x22\
1366\x22\x0a     inksc\
ape:window-heigh\
t=\x22705\x22\x0a     ink\
scape:window-x=\x22\
-8\x22\x0a     inkscap\
e:window-y=\x22-8\x22\x0a\
     inkscape:wi\
ndow-maximized=\x22\
1\x22\x0a     inkscape\
:current-layer=\x22\
svg2\x22 />\x0a  <path\
\x0a     d=\x22M23 12C\
23 18.0751 18.07\
51 23 12 23C5.92\
487 23 1 18.0751\
 1 12C1 5.92487 \
5.92487 1 12 1C1\
8.0751 1 23 5.92\
487 23 12ZM3.006\
83 12C3.00683 16\
.9668 7.03321 20\
.9932 12 20.9932\
C16.9668 20.9932\
 20.9932 16.9668\
 20.9932 12C20.9\
932 7.03321 16.9\
668 3.00683 12 3\
.00683C7.03321 3\
.00683 3.00683 7\
.03321 3.00683 1\
2Z\x22\x0a     fill=\x22#\
0F0F0F\x22\x0a     id=\
\x22path1\x22\x0a     sty\
le=\x22fill:#ffffff\
;fill-opacity:1\x22\
 />\x0a  <path\x0a    \
 d=\x22M12 5C11.447\
7 5 11 5.44771 1\
1 6V12.4667C11 1\
2.4667 11 12.727\
4 11.1267 12.923\
5C11.2115 13.089\
8 11.3437 13.234\
3 11.5174 13.334\
6L16.1372 16.001\
9C16.6155 16.278\
 17.2271 16.1141\
 17.5032 15.6358\
C17.7793 15.1575\
 17.6155 14.5459\
 17.1372 14.2698\
L13 11.8812V6C13\
 5.44772 12.5523\
 5 12 5Z\x22\x0a     f\
ill=\x22#0F0F0F\x22\x0a  \
   id=\x22path2\x22\x0a  \
   style=\x22fill:#\
ffffff;fill-opac\
ity:1\x22 />\x0a</svg>\
\x0a\
\x00\x00\x02\xb9\
<\
?xml version=\x221.\
0\x22 encoding=\x22utf\
-8\x22?><!-- Upload\
ed to: SVG Repo,\
 www.svgrepo.com\
, Generator: SVG\
 Repo Mixer Tool\
s -->\x0d\x0a<svg widt\
h=\x22800px\x22 height\
=\x22800px\x22 viewBox\
=\x220 0 24 24\x22 fil\
l=\x22none\x22 xmlns=\x22\
http://www.w3.or\
g/2000/svg\x22>\x0d\x0a<p\
ath d=\x22M13 20V18\
C13 15.2386 10.7\
614 13 8 13C5.23\
858 13 3 15.2386\
 3 18V20H13ZM13 \
20H21V19C21 16.0\
545 18.7614 14 1\
6 14C14.5867 14 \
13.3103 14.6255 \
12.4009 15.6311M\
11 7C11 8.65685 \
9.65685 10 8 10C\
6.34315 10 5 8.6\
5685 5 7C5 5.343\
15 6.34315 4 8 4\
C9.65685 4 11 5.\
34315 11 7ZM18 9\
C18 10.1046 17.1\
046 11 16 11C14.\
8954 11 14 10.10\
46 14 9C14 7.895\
43 14.8954 7 16 \
7C17.1046 7 18 7\
.89543 18 9Z\x22 st\
roke=\x22#000000\x22 s\
troke-width=\x222\x22 \
stroke-linecap=\x22\
round\x22 stroke-li\
nejoin=\x22round\x22/>\
\x0d\x0a</svg>\
\x00\x00\x02\xb9\
<\
?xml version=\x221.\
0\x22 encoding=\x22utf\
-8\x22?><!-- Upload\
ed to: SVG Repo,\
 www.svgrepo.com\
, Generator: SVG\
 Repo Mixer Tool\
s -->\x0d\x0a<svg widt\
h=\x22800px\x22 height\
=\x22800px\x22 viewBox\
=\x220 0 24 24\x22 fil\
l=\x22none\x22 xmlns=\x22\
http://www.w3.or\
g/2000/svg\x22>\x0d\x0a<p\
ath d=\x22M13 20V18\
C13 15.2386 10.7\
614 13 8 13C5.23\
858 13 3 15.2386\
 3 18V20H13ZM13 \
20H21V19C21 16.0\
545 18.7614 14 1\
6 14C14.5867 14 \
13.3103 14.6255 \
12.4009 15.6311M\
11 7C11 8.65685 \
9.65685 10 8 10C\
6.34315 10 5 8.6\
5685 5 7C5 5.343\
15 6.34315 4 8 4\
C9.65685 4 11 5.\
34315 11 7ZM18 9\
C18 10.1046 17.1\
046 11 16 11C14.\
8954 11 14 10.10\
46 14 9C14 7.895\
43 14.8954 7 16 \
7C17.1046 7 18 7\
.89543 18 9Z\x22 st\
roke=\x22#000000\x22 s\
troke-width=\x222\x22 \
stroke-linecap=\x22\
round\x22 stroke-li\
nejoin=\x22round\x22/>\
\x0d\x0a</svg>\
\x00\x00\x05D\
<\
?xml version=\x221.\
0\x22 encoding=\x22UTF\
-8\x22 standalone=\x22\
no\x22?>\x0a<!-- Uploa\
ded to: SVG Repo\
, www.svgrepo.co\
m, Generator: SV\
G Repo Mixer Too\
ls -->\x0a\x0a<svg\x0a   \
fill=\x22#000000\x22\x0a \
  version=\x221.1\x22\x0a\
   id=\x22Capa_1\x22\x0a \
  width=\x22800px\x22\x0a\
   height=\x22800px\
\x22\x0a   viewBox=\x220 \
0 335.765 335.76\
5\x22\x0a   xml:space=\
\x22preserve\x22\x0a   so\
dipodi:docname=\x22\
WHITE-correct-si\
gnal-svgrepo-com\
.svg\x22\x0a   inkscap\
e:version=\x221.4.2\
 (f4327f4, 2025-\
05-13)\x22\x0a   xmlns\
:inkscape=\x22http:\
//www.inkscape.o\
rg/namespaces/in\
kscape\x22\x0a   xmlns\
:sodipodi=\x22http:\
//sodipodi.sourc\
eforge.net/DTD/s\
odipodi-0.dtd\x22\x0a \
  xmlns=\x22http://\
www.w3.org/2000/\
svg\x22\x0a   xmlns:sv\
g=\x22http://www.w3\
.org/2000/svg\x22><\
defs\x0a   id=\x22defs\
2\x22 /><sodipodi:n\
amedview\x0a   id=\x22\
namedview2\x22\x0a   p\
agecolor=\x22#fffff\
f\x22\x0a   bordercolo\
r=\x22#000000\x22\x0a   b\
orderopacity=\x220.\
25\x22\x0a   inkscape:\
showpageshadow=\x22\
2\x22\x0a   inkscape:p\
ageopacity=\x220.0\x22\
\x0a   inkscape:pag\
echeckerboard=\x220\
\x22\x0a   inkscape:de\
skcolor=\x22#d1d1d1\
\x22\x0a   inkscape:zo\
om=\x220.62875\x22\x0a   \
inkscape:cx=\x22400\
\x22\x0a   inkscape:cy\
=\x22400\x22\x0a   inksca\
pe:window-width=\
\x221366\x22\x0a   inksca\
pe:window-height\
=\x22705\x22\x0a   inksca\
pe:window-x=\x22-8\x22\
\x0a   inkscape:win\
dow-y=\x22-8\x22\x0a   in\
kscape:window-ma\
ximized=\x221\x22\x0a   i\
nkscape:current-\
layer=\x22g2\x22 />\x0a<g\
\x0a   id=\x22g2\x22>\x0a\x09<g\
\x0a   id=\x22g1\x22\x0a   s\
tyle=\x22fill:#ffff\
ff\x22>\x0a\x09\x09<polygon\x0a\
   points=\x22311.7\
57,41.803 107.57\
3,245.96 23.986,\
162.364 0,186.39\
3 107.573,293.96\
2 335.765,65.795\
   \x22\x0a   id=\x22poly\
gon1\x22\x0a   style=\x22\
fill:#ffffff\x22 />\
\x0a\x09</g>\x0a</g>\x0a</sv\
g>\x0a\
\x00\x00\x01\xeb\
<\
?xml version=\x221.\
0\x22 encoding=\x22utf\
-8\x22?><!-- Upload\
ed to: SVG Repo,\
 www.svgrepo.com\
, Generator: SVG\
 Repo Mixer Tool\
s -->\x0d\x0a<svg widt\
h=\x22800px\x22 height\
=\x22800px\x22 viewBox\
=\x220 0 24 24\x22 fil\
l=\x22none\x22 xmlns=\x22\
http://www.w3.or\
g/2000/svg\x22>\x0d\x0a<p\
ath d=\x22M5 21C5 1\
7.134 8.13401 14\
 12 14C15.866 14\
 19 17.134 19 21\
M16 7C16 9.20914\
 14.2091 11 12 1\
1C9.79086 11 8 9\
.20914 8 7C8 4.7\
9086 9.79086 3 1\
2 3C14.2091 3 16\
 4.79086 16 7Z\x22 \
stroke=\x22#000000\x22\
 stroke-width=\x222\
\x22 stroke-linecap\
=\x22round\x22 stroke-\
linejoin=\x22round\x22\
/>\x0d\x0a</svg>\
\x00\x00\x01\xeb\
<\
?xml version=\x221.\
0\x22 encoding=\x22utf\
-8\x22?><!-- Upload\
ed to: SVG Repo,\
 www.svgrepo.com\
, Generator: SVG\
 Repo Mixer Tool\
s -->\x0d\x0a<svg widt\
h=\x22800px\x22 height\
=\x22800px\x22 viewBox\
=\x220 0 24 24\x22 fil\
l=\x22none\x22 xmlns=\x22\
http://www.w3.or\
g/2000/svg\x22>\x0d\x0a<p\
ath d=\x22M5 21C5 1\
7.134 8.13401 14\
 12 14C15.866 14\
 19 17.134 19 21\
M16 7C16 9.20914\
 14.2091 11 12 1\
1C9.79086 11 8 9\
.20914 8 7C8 4.7\
9086 9.79086 3 1\
2 3C14.2091 3 16\
 4.79086 16 7Z\x22 \
stroke=\x22#000000\x22\
 stroke-width=\x222\
\x22 stroke-linecap\
=\x22round\x22 stroke-\
linejoin=\x22round\x22\
/>\x0d\x0a</svg>\
"

qt_resource_name = b"\
\x00\x05\
\x00o\xa6S\
\x00i\
\x00c\x00o\x00n\x00s\
\x00\x06\
\x07\x03}\xc3\
\x00i\
\x00m\x00a\x00g\x00e\x00s\
\x00\x07\
\x05UW'\
\x002\
\x002\x002\x00.\x00p\x00n\x00g\
\x00,\
\x05\x1a\x92\x07\
\x00a\
\x00l\x00g\x00e\x00r\x00i\x00e\x00-\x00t\x00e\x00l\x00e\x00c\x00o\x00m\x00-\x00l\
\x00o\x00g\x00o\x00-\x00p\x00n\x00g\x00_\x00s\x00e\x00e\x00k\x00l\x00o\x00g\x00o\
\x00-\x002\x001\x000\x000\x007\x004\x00.\x00p\x00n\x00g\
\x00$\
\x05\xa8\xe1\x07\
\x00e\
\x00a\x006\x00b\x00a\x00f\x004\x00c\x002\x008\x008\x004\x001\x00b\x001\x008\x00e\
\x000\x00e\x00a\x00a\x000\x002\x00c\x007\x009\x008\x009\x009\x002\x001\x00c\x00.\
\x00p\x00n\x00g\
\x00\x11\
\x05\x04\xa6G\
\x00L\
\x00o\x00g\x00o\x00_\x00S\x00o\x00n\x00e\x00l\x00g\x00a\x00z\x00.\x00p\x00n\x00g\
\
\x00\x1a\
\x07x\xe7\xa7\
\x00d\
\x00o\x00c\x00u\x00m\x00e\x00n\x00t\x00s\x00-\x00s\x00v\x00g\x00r\x00e\x00p\x00o\
\x00-\x00c\x00o\x00m\x002\x00.\x00s\x00v\x00g\
\x00(\
\x04\xb5K\x07\
\x00W\
\x00H\x00I\x00T\x00E\x00-\x00a\x00r\x00r\x00o\x00w\x00-\x00n\x00a\x00r\x00r\x00o\
\x00w\x00-\x00r\x00i\x00g\x00h\x00t\x00-\x00s\x00v\x00g\x00r\x00e\x00p\x00o\x00-\
\x00c\x00o\x00m\x00.\x00s\x00v\x00g\
\x00\x1b\
\x0d\x9d\xfd\xc7\
\x00W\
\x00H\x00I\x00T\x00E\x00-\x00c\x00r\x00o\x00s\x00s\x00-\x00s\x00v\x00g\x00r\x00e\
\x00p\x00o\x00-\x00c\x00o\x00m\x00.\x00s\x00v\x00g\
\x00\x15\
\x01\xde\xfe\xc7\
\x00c\
\x00r\x00o\x00s\x00s\x00-\x00s\x00v\x00g\x00r\x00e\x00p\x00o\x00-\x00c\x00o\x00m\
\x00.\x00s\x00v\x00g\
\x00!\
\x02\xa5\xe3\x87\
\x00r\
\x00o\x00u\x00n\x00d\x00-\x00d\x00o\x00n\x00e\x00-\x00b\x00u\x00t\x00t\x00o\x00n\
\x00-\x00s\x00v\x00g\x00r\x00e\x00p\x00o\x00-\x00c\x00o\x00m\x00.\x00s\x00v\x00g\
\
\x00'\
\x03\x1b\x5c\xc7\
\x00W\
\x00H\x00I\x00T\x00E\x00-\x00a\x00r\x00r\x00o\x00w\x00-\x00n\x00a\x00r\x00r\x00o\
\x00w\x00-\x00l\x00e\x00f\x00t\x00-\x00s\x00v\x00g\x00r\x00e\x00p\x00o\x00-\x00c\
\x00o\x00m\x00.\x00s\x00v\x00g\
\x00\x17\
\x09\xb3\xc0\x07\
\x00s\
\x00e\x00t\x00t\x00i\x00n\x00g\x00-\x00s\x00v\x00g\x00r\x00e\x00p\x00o\x00-\x00c\
\x00o\x00m\x00.\x00s\x00v\x00g\
\x00\x1b\
\x04\x82w\xc7\
\x00a\
\x00d\x00d\x00-\x00e\x00l\x00l\x00i\x00p\x00s\x00e\x00-\x00s\x00v\x00g\x00r\x00e\
\x00p\x00o\x00-\x00c\x00o\x00m\x00.\x00s\x00v\x00g\
\x00\x1c\
\x0f\xf9\x8c\xa7\
\x00s\
\x00e\x00a\x00r\x00c\x00h\x00-\x00a\x00l\x00t\x00-\x001\x00-\x00s\x00v\x00g\x00r\
\x00e\x00p\x00o\x00-\x00c\x00o\x00m\x00.\x00s\x00v\x00g\
\x00\x13\
\x0d\xdd\x96\xa7\
\x00a\
\x00d\x00d\x00-\x00s\x00v\x00g\x00r\x00e\x00p\x00o\x00-\x00c\x00o\x00m\x00.\x00s\
\x00v\x00g\
\x00\x1a\
\x0d\x9e\xed\x07\
\x00s\
\x00t\x00a\x00t\x00s\x00-\x001\x003\x007\x001\x00-\x00s\x00v\x00g\x00r\x00e\x00p\
\x00o\x00-\x00c\x00o\x00m\x00.\x00s\x00v\x00g\
\x00\x1a\
\x0f\xcb;\x07\
\x00n\
\x00e\x00w\x00-\x00w\x00i\x00n\x00d\x00o\x00w\x00-\x00s\x00v\x00g\x00r\x00e\x00p\
\x00o\x00-\x00c\x00o\x00m\x00.\x00s\x00v\x00g\
\x00\x17\
\x06\xfc\x16'\
\x00e\
\x00d\x00i\x00t\x00-\x00u\x00i\x00-\x00s\x00v\x00g\x00r\x00e\x00p\x00o\x00-\x00c\
\x00o\x00m\x00.\x00s\x00v\x00g\
\x00\x1a\
\x0d\x92\xed\x07\
\x00s\
\x00t\x00a\x00t\x00s\x00-\x001\x003\x007\x000\x00-\x00s\x00v\x00g\x00r\x00e\x00p\
\x00o\x00-\x00c\x00o\x00m\x00.\x00s\x00v\x00g\
\x00\x14\
\x0bZXG\
\x00e\
\x00d\x00i\x00t\x00-\x00s\x00v\x00g\x00r\x00e\x00p\x00o\x00-\x00c\x00o\x00m\x00.\
\x00s\x00v\x00g\
\x00\x14\
\x07\xa9\xa0\x07\
\x00t\
\x00i\x00m\x00e\x00-\x00s\x00v\x00g\x00r\x00e\x00p\x00o\x00-\x00c\x00o\x00m\x00.\
\x00s\x00v\x00g\
\x00\x1d\
\x0f\xf1\x12g\
\x00b\
\x00u\x00r\x00g\x00e\x00r\x00-\x00s\x00i\x00m\x00p\x00l\x00e\x00-\x00s\x00v\x00g\
\x00r\x00e\x00p\x00o\x00-\x00c\x00o\x00m\x00.\x00s\x00v\x00g\
\x00\x1e\
\x0fx\x9b\xc7\
\x00c\
\x00o\x00r\x00r\x00e\x00c\x00t\x00-\x00s\x00i\x00g\x00n\x00a\x00l\x00-\x00s\x00v\
\x00g\x00r\x00e\x00p\x00o\x00-\x00c\x00o\x00m\x00.\x00s\x00v\x00g\
\x00\x22\
\x04\xfea'\
\x00a\
\x00r\x00r\x00o\x00w\x00-\x00n\x00a\x00r\x00r\x00o\x00w\x00-\x00r\x00i\x00g\x00h\
\x00t\x00-\x00s\x00v\x00g\x00r\x00e\x00p\x00o\x00-\x00c\x00o\x00m\x00.\x00s\x00v\
\x00g\
\x00\x1f\
\x0d\xbf\xd8\xa7\
\x00d\
\x00o\x00n\x00e\x00-\x00c\x00o\x00v\x00e\x00r\x00-\x001\x004\x008\x005\x00-\x00s\
\x00v\x00g\x00r\x00e\x00p\x00o\x00-\x00c\x00o\x00m\x00.\x00s\x00v\x00g\
\x00\x16\
\x00d2G\
\x00l\
\x00o\x00g\x00o\x00u\x00t\x00-\x00s\x00v\x00g\x00r\x00e\x00p\x00o\x00-\x00c\x00o\
\x00m\x00.\x00s\x00v\x00g\
\x00\x1a\
\x07(X\xa7\
\x00r\
\x00e\x00f\x00r\x00e\x00s\x00h\x00-\x00c\x00w\x00-\x00s\x00v\x00g\x00r\x00e\x00p\
\x00o\x00-\x00c\x00o\x00m\x00.\x00s\x00v\x00g\
\x00!\
\x02\x1f\xcfg\
\x00a\
\x00r\x00r\x00o\x00w\x00-\x00n\x00a\x00r\x00r\x00o\x00w\x00-\x00l\x00e\x00f\x00t\
\x00-\x00s\x00v\x00g\x00r\x00e\x00p\x00o\x00-\x00c\x00o\x00m\x00.\x00s\x00v\x00g\
\
\x00\x0f\
\x04\x9c\x8d\x07\
\x00i\
\x00c\x00o\x00n\x00s\x008\x00-\x00t\x00i\x00m\x00e\x00.\x00s\x00v\x00g\
\x00\x19\
\x0bK\x81\x07\
\x00d\
\x00o\x00c\x00u\x00m\x00e\x00n\x00t\x00s\x00-\x00s\x00v\x00g\x00r\x00e\x00p\x00o\
\x00-\x00c\x00o\x00m\x00.\x00s\x00v\x00g\
\x00\x1a\
\x04\xe5\xe3G\
\x00W\
\x00H\x00I\x00T\x00E\x00-\x00t\x00i\x00m\x00e\x00-\x00s\x00v\x00g\x00r\x00e\x00p\
\x00o\x00-\x00c\x00o\x00m\x00.\x00s\x00v\x00g\
\x00\x15\
\x09\x1eig\
\x00u\
\x00s\x00e\x00r\x00s\x00-\x00s\x00v\x00g\x00r\x00e\x00p\x00o\x00-\x00c\x00o\x00m\
\x00.\x00s\x00v\x00g\
\x00$\
\x08\xed\xe8'\
\x00W\
\x00H\x00I\x00T\x00E\x00-\x00c\x00o\x00r\x00r\x00e\x00c\x00t\x00-\x00s\x00i\x00g\
\x00n\x00a\x00l\x00-\x00s\x00v\x00g\x00r\x00e\x00p\x00o\x00-\x00c\x00o\x00m\x00.\
\x00s\x00v\x00g\
\x00\x1a\
\x09p@\xa7\
\x00u\
\x00s\x00e\x00r\x00-\x00a\x00l\x00t\x00-\x001\x00-\x00s\x00v\x00g\x00r\x00e\x00p\
\x00o\x00-\x00c\x00o\x00m\x00.\x00s\x00v\x00g\
"

qt_resource_struct = b"\
\x00\x00\x00\x00\x00\x02\x00\x00\x00\x02\x00\x00\x00\x01\
\x00\x00\x00\x00\x00\x00\x00\x00\
\x00\x00\x00\x00\x00\x02\x00\x00\x00\x01\x00\x00\x00\x08\
\x00\x00\x00\x00\x00\x00\x00\x00\
\x00\x00\x00\x10\x00\x02\x00\x00\x00\x01\x00\x00\x00\x03\
\x00\x00\x00\x00\x00\x00\x00\x00\
\x00\x00\x00\x10\x00\x02\x00\x00\x00\x04\x00\x00\x00\x04\
\x00\x00\x00\x00\x00\x00\x00\x00\
\x00\x00\x00\xe2\x00\x00\x00\x00\x00\x01\x00\x01_\xea\
\x00\x00\x01\x9c\x1a0\xe2\x87\
\x00\x00\x006\x00\x00\x00\x00\x00\x01\x00\x00<{\
\x00\x00\x01\x9c\x1a1\xc0\xfe\
\x00\x00\x00\x22\x00\x00\x00\x00\x00\x01\x00\x00\x00\x00\
\x00\x00\x01\x9c\x1a1OQ\
\x00\x00\x00\x94\x00\x00\x00\x00\x00\x01\x00\x00f\xd2\
\x00\x00\x01\x9c\x1a0\x9b\xa4\
\x00\x00\x00\x00\x00\x02\x00\x00\x001\x00\x00\x00\x09\
\x00\x00\x00\x00\x00\x00\x00\x00\
\x00\x00\x05\xca\x00\x00\x00\x00\x00\x01\x00\x01\xf2n\
\x00\x00\x01\x9c\x08\xe9\x0f\x8b\
\x00\x00\x05\xca\x00\x00\x00\x00\x00\x01\x00\x01\xf0}\
\x00\x00\x01\x9c\x08\xe9\x0f\x8b\
\x00\x00\x01\xd6\x00\x00\x00\x00\x00\x01\x00\x01}\xe4\
\x00\x00\x01\x9c\x1aj@\xed\
\x00\x00\x066\x00\x00\x00\x00\x00\x01\x00\x01\xf9~\
\x00\x00\x01\x9c\x13\xf3\xd3`\
\x00\x00\x066\x00\x00\x00\x00\x00\x01\x00\x01\xf8\x1b\
\x00\x00\x01\x9c\x13\xf3\xd3`\
\x00\x00\x02\x06\x00\x00\x00\x00\x00\x01\x00\x01\x88\x9b\
\x00\x00\x01\x9c\x13\xf5%\xf8\
\x00\x00\x02\x06\x00\x00\x00\x00\x00\x01\x00\x01\x849\
\x00\x00\x01\x9c\x13\xf5%\xf8\
\x00\x00\x02N\x00\x00\x00\x00\x00\x01\x00\x01\x8c\xfd\
\x00\x00\x01\x9c#\xba\x0b\xf1\
\x00\x00\x02\xd6\x00\x00\x00\x00\x00\x01\x00\x01\x9f\xaf\
\x00\x00\x01\x9c\x13\xf4p\xab\
\x00\x00\x02\xd6\x00\x00\x00\x00\x00\x01\x00\x01\xa3\x17\
\x00\x00\x01\x9c\x13\xf4p\xab\
\x00\x00\x06~\x00\x00\x00\x00\x00\x01\x00\x01\xfa\xe1\
\x00\x00\x01\x9c\x1agI\x9d\
\x00\x00\x01D\x00\x00\x00\x00\x00\x01\x00\x01n9\
\x00\x00\x01\x9c#\xb9\xb9\x05\
\x00\x00\x06\xda\x00\x00\x00\x00\x00\x01\x00\x02\x0e\xae\
\x00\x00\x01\x9c\x1ap&\xf0\
\x00\x00\x05<\x00\x00\x00\x00\x00\x01\x00\x01\xdd=\
\x00\x00\x01\x9c#\xb9t`\
\x00\x00\x05<\x00\x00\x00\x00\x00\x01\x00\x01\xe2\xcb\
\x00\x00\x01\x9c#\xb9t`\
\x00\x00\x03\xf0\x00\x00\x00\x00\x00\x01\x00\x01\xc2\x19\
\x00\x00\x01\x9c\x08\xe8Bx\
\x00\x00\x03\xf0\x00\x00\x00\x00\x00\x01\x00\x01\xc4m\
\x00\x00\x01\x9c\x08\xe8Bx\
\x00\x00\x05\xfc\x00\x00\x00\x00\x00\x01\x00\x01\xf6=\
\x00\x00\x01\x9c\x13\xf3\xfa~\
\x00\x00\x05\xfc\x00\x00\x00\x00\x00\x01\x00\x01\xf4_\
\x00\x00\x01\x9c\x13\xf3\xfa~\
\x00\x00\x01\x0a\x00\x00\x00\x00\x00\x01\x00\x01kU\
\x00\x00\x01\x9c\x08\xe7P\xa5\
\x00\x00\x01\x0a\x00\x00\x00\x00\x00\x01\x00\x01hq\
\x00\x00\x01\x9c\x08\xe7P\xa5\
\x00\x00\x04\x8c\x00\x00\x00\x00\x00\x01\x00\x01\xd3\xe9\
\x00\x00\x01\x9c\x1amR\x06\
\x00\x00\x07D\x00\x00\x00\x00\x00\x01\x00\x02\x1b\x8e\
\x00\x00\x01\x9c\x1aq\x08`\
\x00\x00\x07\x14\x00\x00\x00\x00\x00\x01\x00\x02\x18\xd1\
\x00\x00\x01\x9c\x08\xe8\x86J\
\x00\x00\x07\x14\x00\x00\x00\x00\x00\x01\x00\x02\x16\x14\
\x00\x00\x01\x9c\x08\xe8\x86J\
\x00\x00\x07\x92\x00\x00\x00\x00\x00\x01\x00\x02\x22\xc5\
\x00\x00\x01\x9c\x09\x00\xbaG\
\x00\x00\x07\x92\x00\x00\x00\x00\x00\x01\x00\x02 \xd6\
\x00\x00\x01\x9c\x09\x00\xbaG\
\x00\x00\x02\xa2\x00\x00\x00\x00\x00\x01\x00\x01\x98\xf8\
\x00\x00\x01\x9c\x08\xf0Fb\
\x00\x00\x02\xa2\x00\x00\x00\x00\x00\x01\x00\x01\x92A\
\x00\x00\x01\x9c\x08\xf0Fb\
\x00\x00\x06\xa2\x00\x00\x00\x00\x00\x01\x00\x01\xfc\x90\
\x00\x00\x01\x9c\x08\xe6\xe0#\
\x00\x00\x06\xa2\x00\x00\x00\x00\x00\x01\x00\x02\x05\x9f\
\x00\x00\x01\x9c\x08\xe6\xe0#\
\x00\x00\x04^\x00\x00\x00\x00\x00\x01\x00\x01\xcf\x0f\
\x00\x00\x01\x9c\x08\xe8]4\
\x00\x00\x04^\x00\x00\x00\x00\x00\x01\x00\x01\xd1|\
\x00\x00\x01\x9c\x08\xe8]4\
\x00\x00\x04$\x00\x00\x00\x00\x00\x01\x00\x01\xc6\xc1\
\x00\x00\x01\x9c\x09\x02\xccS\
\x00\x00\x04$\x00\x00\x00\x00\x00\x01\x00\x01\xca\xe8\
\x00\x00\x01\x9c\x09\x02\xccS\
\x00\x00\x01\x9a\x00\x00\x00\x00\x00\x01\x00\x01s\xcd\
\x00\x00\x01\x9c\x1aq\xef\x93\
\x00\x00\x03|\x00\x00\x00\x00\x00\x01\x00\x01\xb6q\
\x00\x00\x01\x9c\x09\x02\xe9\x14\
\x00\x00\x03|\x00\x00\x00\x00\x00\x01\x00\x01\xae\x9b\
\x00\x00\x01\x9c\x09\x02\xe9\x14\
\x00\x00\x05\x86\x00\x00\x00\x00\x00\x01\x00\x01\xe8Y\
\x00\x00\x01\x9c\x08\xe9;2\
\x00\x00\x05\x86\x00\x00\x00\x00\x00\x01\x00\x01\xeck\
\x00\x00\x01\x9c\x08\xe9;2\
\x00\x00\x03P\x00\x00\x00\x00\x00\x01\x00\x01\xacX\
\x00\x00\x01\x9c\x13\xf4?\xac\
\x00\x00\x03P\x00\x00\x00\x00\x00\x01\x00\x01\xaa\x15\
\x00\x00\x01\x9c\x13\xf4?\xac\
\x00\x00\x04\xfa\x00\x00\x00\x00\x00\x01\x00\x01\xda\xf3\
\x00\x00\x01\x9c\x1aj\x9e0\
\x00\x00\x03\xb6\x00\x00\x00\x00\x00\x01\x00\x01\xbeG\
\x00\x00\x01\x9c\x08\xe9jh\
\x00\x00\x03\xb6\x00\x00\x00\x00\x00\x01\x00\x01\xc00\
\x00\x00\x01\x9c\x08\xe9jh\
\x00\x00\x04\xba\x00\x00\x00\x00\x00\x01\x00\x01\xd7I\
\x00\x00\x01\x9c\x09\x00}&\
\x00\x00\x04\xba\x00\x00\x00\x00\x00\x01\x00\x01\xd9\x1e\
\x00\x00\x01\x9c\x09\x00}&\
\x00\x00\x03\x12\x00\x00\x00\x00\x00\x01\x00\x01\xa8J\
\x00\x00\x01\x9c\x08\xfe\x01\x05\
\x00\x00\x03\x12\x00\x00\x00\x00\x00\x01\x00\x01\xa6\x7f\
\x00\x00\x01\x9c\x08\xfe\x01\x05\
"

def qInitResources():
    QtCore.qRegisterResourceData(0x03, qt_resource_struct, qt_resource_name, qt_resource_data)

def qCleanupResources():
    QtCore.qUnregisterResourceData(0x03, qt_resource_struct, qt_resource_name, qt_resource_data)

qInitResources()
